id_produto,produto,regiao,lag,r_pearson,p_valor,n_amostras,significativo
acucares,IPCA - Acucares e derivados,Nordeste,0,0.1732,0.0525,126,False
acucares,IPCA - Acucares e derivados,Nordeste,1,-0.0205,0.8202,125,False
acucares,IPCA - Acucares e derivados,Nordeste,2,-0.3034,0.0006,124,True
acucares,IPCA - Acucares e derivados,Nordeste,3,-0.3546,0.0001,123,True
acucares,IPCA - Acucares e derivados,Nordeste,6,-0.1169,0.2034,120,False
acucares,IPCA - Acucares e derivados,Sul,0,0.0777,0.3871,126,False
acucares,IPCA - Acucares e derivados,Sul,1,0.0489,0.5881,125,False
acucares,IPCA - Acucares e derivados,Sul,2,0.083,0.3594,124,False
acucares,IPCA - Acucares e derivados,Sul,3,0.0844,0.3531,123,False
acucares,IPCA - Acucares e derivados,Sul,6,-0.1497,0.1028,120,False
aves_ovos,IPCA - Aves e ovos,Nordeste,0,0.1687,0.059,126,False
aves_ovos,IPCA - Aves e ovos,Nordeste,1,0.0066,0.9417,125,False
aves_ovos,IPCA - Aves e ovos,Nordeste,2,-0.1923,0.0323,124,True
aves_ovos,IPCA - Aves e ovos,Nordeste,3,-0.3389,0.0001,123,True
aves_ovos,IPCA - Aves e ovos,Nordeste,6,-0.137,0.1358,120,False
aves_ovos,IPCA - Aves e ovos,Sul,0,0.0888,0.3229,126,False
aves_ovos,IPCA - Aves e ovos,Sul,1,0.1141,0.2051,125,False
aves_ovos,IPCA - Aves e ovos,Sul,2,0.097,0.2836,124,False
aves_ovos,IPCA - Aves e ovos,Sul,3,0.2201,0.0144,123,True
aves_ovos,IPCA - Aves e ovos,Sul,6,-0.1701,0.0632,120,False
carnes,IPCA - Carnes e peixes,Nordeste,0,0.1597,0.0741,126,False
carnes,IPCA - Carnes e peixes,Nordeste,1,0.0164,0.8556,125,False
carnes,IPCA - Carnes e peixes,Nordeste,2,-0.2407,0.0071,124,True
carnes,IPCA - Carnes e peixes,Nordeste,3,-0.3403,0.0001,123,True
carnes,IPCA - Carnes e peixes,Nordeste,6,-0.1372,0.135,120,False
carnes,IPCA - Carnes e peixes,Sul,0,0.0351,0.6966,126,False
carnes,IPCA - Carnes e peixes,Sul,1,0.1131,0.209,125,False
carnes,IPCA - Carnes e peixes,Sul,2,0.0506,0.577,124,False
carnes,IPCA - Carnes e peixes,Sul,3,0.0817,0.3692,123,False
carnes,IPCA - Carnes e peixes,Sul,6,-0.0288,0.7551,120,False
cereais,"IPCA - Cereais, leguminosas e oleag",Nordeste,0,0.1485,0.097,126,False
cereais,"IPCA - Cereais, leguminosas e oleag",Nordeste,1,0.0243,0.7882,125,False
cereais,"IPCA - Cereais, leguminosas e oleag",Nordeste,2,-0.0776,0.3917,124,False
cereais,"IPCA - Cereais, leguminosas e oleag",Nordeste,3,-0.2161,0.0164,123,True
cereais,"IPCA - Cereais, leguminosas e oleag",Nordeste,6,-0.0779,0.3975,120,False
cereais,"IPCA - Cereais, leguminosas e oleag",Sul,0,-0.0167,0.8527,126,False
cereais,"IPCA - Cereais, leguminosas e oleag",Sul,1,0.0506,0.5749,125,False
cereais,"IPCA - Cereais, leguminosas e oleag",Sul,2,0.0831,0.3588,124,False
cereais,"IPCA - Cereais, leguminosas e oleag",Sul,3,0.0619,0.4963,123,False
cereais,"IPCA - Cereais, leguminosas e oleag",Sul,6,-0.0631,0.4936,120,False
frutas,IPCA - Frutas,Nordeste,0,0.052,0.5634,126,False
frutas,IPCA - Frutas,Nordeste,1,-0.1276,0.1562,125,False
frutas,IPCA - Frutas,Nordeste,2,-0.2427,0.0066,124,True
frutas,IPCA - Frutas,Nordeste,3,-0.3178,0.0003,123,True
frutas,IPCA - Frutas,Nordeste,6,0.0145,0.8754,120,False
frutas,IPCA - Frutas,Sul,0,-0.0851,0.3436,126,False
frutas,IPCA - Frutas,Sul,1,0.1116,0.2152,125,False
frutas,IPCA - Frutas,Sul,2,0.1586,0.0785,124,False
frutas,IPCA - Frutas,Sul,3,0.1481,0.1021,123,False
frutas,IPCA - Frutas,Sul,6,-0.0504,0.5845,120,False
horticultura,IPCA - Horticultura,Nordeste,0,0.1202,0.18,126,False
horticultura,IPCA - Horticultura,Nordeste,1,-0.0421,0.6411,125,False
horticultura,IPCA - Horticultura,Nordeste,2,-0.3087,0.0005,124,True
horticultura,IPCA - Horticultura,Nordeste,3,-0.3315,0.0002,123,True
horticultura,IPCA - Horticultura,Nordeste,6,-0.0574,0.5336,120,False
horticultura,IPCA - Horticultura,Sul,0,0.0844,0.3476,126,False
horticultura,IPCA - Horticultura,Sul,1,0.1819,0.0423,125,True
horticultura,IPCA - Horticultura,Sul,2,0.056,0.5369,124,False
horticultura,IPCA - Horticultura,Sul,3,-0.0031,0.973,123,False
horticultura,IPCA - Horticultura,Sul,6,-0.1113,0.2262,120,False
ipca_geral,IPCA - Geral,Nordeste,0,0.0101,0.9072,136,False
ipca_geral,IPCA - Geral,Nordeste,1,-0.1534,0.0756,135,False
ipca_geral,IPCA - Geral,Nordeste,2,-0.3078,0.0003,134,True
ipca_geral,IPCA - Geral,Nordeste,3,-0.3225,0.0002,133,True
ipca_geral,IPCA - Geral,Nordeste,6,-0.1435,0.1034,130,False
ipca_geral,IPCA - Geral,Sul,0,0.1873,0.029,136,True
ipca_geral,IPCA - Geral,Sul,1,0.1705,0.0481,135,True
ipca_geral,IPCA - Geral,Sul,2,0.1606,0.0638,134,False
ipca_geral,IPCA - Geral,Sul,3,0.0943,0.2805,133,False
ipca_geral,IPCA - Geral,Sul,6,-0.0283,0.7494,130,False
leite,IPCA - Leite e derivados,Nordeste,0,-0.0428,0.6353,125,False
leite,IPCA - Leite e derivados,Nordeste,1,-0.2678,0.0026,124,True
leite,IPCA - Leite e derivados,Nordeste,2,-0.347,0.0001,123,True
leite,IPCA - Leite e derivados,Nordeste,3,-0.3656,0.0,122,True
leite,IPCA - Leite e derivados,Nordeste,6,0.1466,0.1115,119,False
leite,IPCA - Leite e derivados,Sul,0,-0.0586,0.5164,125,False
leite,IPCA - Leite e derivados,Sul,1,0.1284,0.1554,124,False
leite,IPCA - Leite e derivados,Sul,2,0.0873,0.3371,123,False
leite,IPCA - Leite e derivados,Sul,3,0.0735,0.4209,122,False
leite,IPCA - Leite e derivados,Sul,6,-0.1242,0.1783,119,False
oleos,IPCA - Oleos e gorduras,Nordeste,0,0.1714,0.0549,126,False
oleos,IPCA - Oleos e gorduras,Nordeste,1,-0.0492,0.5861,125,False
oleos,IPCA - Oleos e gorduras,Nordeste,2,-0.2858,0.0013,124,True
oleos,IPCA - Oleos e gorduras,Nordeste,3,-0.3485,0.0001,123,True
oleos,IPCA - Oleos e gorduras,Nordeste,6,-0.1288,0.161,120,False
oleos,IPCA - Oleos e gorduras,Sul,0,0.1118,0.2127,126,False
oleos,IPCA - Oleos e gorduras,Sul,1,0.0256,0.7766,125,False
oleos,IPCA - Oleos e gorduras,Sul,2,0.0413,0.6488,124,False
oleos,IPCA - Oleos e gorduras,Sul,3,0.0256,0.7784,123,False
oleos,IPCA - Oleos e gorduras,Sul,6,-0.0926,0.3145,120,False
panificados,IPCA - Panificados,Nordeste,0,-0.0805,0.372,125,False
panificados,IPCA - Panificados,Nordeste,1,-0.2411,0.007,124,True
panificados,IPCA - Panificados,Nordeste,2,-0.3852,0.0,123,True
panificados,IPCA - Panificados,Nordeste,3,-0.3488,0.0001,122,True
panificados,IPCA - Panificados,Nordeste,6,0.1692,0.0658,119,False
panificados,IPCA - Panificados,Sul,0,0.0865,0.3374,125,False
panificados,IPCA - Panificados,Sul,1,0.1377,0.1273,124,False
panificados,IPCA - Panificados,Sul,2,0.0252,0.7824,123,False
panificados,IPCA - Panificados,Sul,3,0.0209,0.8197,122,False
panificados,IPCA - Panificados,Sul,6,-0.1419,0.1237,119,False
tuberculos,"IPCA - Tuberculos, raizes e legumes",Nordeste,0,0.0074,0.9349,126,False
tuberculos,"IPCA - Tuberculos, raizes e legumes",Nordeste,1,-0.0679,0.4521,125,False
tuberculos,"IPCA - Tuberculos, raizes e legumes",Nordeste,2,-0.1343,0.1369,124,False
tuberculos,"IPCA - Tuberculos, raizes e legumes",Nordeste,3,-0.1469,0.1048,123,False
tuberculos,"IPCA - Tuberculos, raizes e legumes",Nordeste,6,0.0664,0.471,120,False
tuberculos,"IPCA - Tuberculos, raizes e legumes",Sul,0,-0.0105,0.9069,126,False
tuberculos,"IPCA - Tuberculos, raizes e legumes",Sul,1,0.0468,0.6041,125,False
tuberculos,"IPCA - Tuberculos, raizes e legumes",Sul,2,0.0975,0.2813,124,False
tuberculos,"IPCA - Tuberculos, raizes e legumes",Sul,3,-0.0163,0.8583,123,False
tuberculos,"IPCA - Tuberculos, raizes e legumes",Sul,6,0.0285,0.7574,120,False
