periodo,data_ref,ano,mes,trimestre,semestre,nome_mes
201501,2015-01-01,2015,1,1,1,January
201502,2015-02-01,2015,2,1,1,February
201503,2015-03-01,2015,3,1,1,March
201504,2015-04-01,2015,4,2,1,April
201505,2015-05-01,2015,5,2,1,May
201506,2015-06-01,2015,6,2,1,June
201507,2015-07-01,2015,7,3,2,July
201508,2015-08-01,2015,8,3,2,August
201509,2015-09-01,2015,9,3,2,September
201510,2015-10-01,2015,10,4,2,October
201511,2015-11-01,2015,11,4,2,November
201512,2015-12-01,2015,12,4,2,December
201601,2016-01-01,2016,1,1,1,January
201602,2016-02-01,2016,2,1,1,February
201603,2016-03-01,2016,3,1,1,March
201604,2016-04-01,2016,4,2,1,April
201605,2016-05-01,2016,5,2,1,May
201606,2016-06-01,2016,6,2,1,June
201607,2016-07-01,2016,7,3,2,July
201608,2016-08-01,2016,8,3,2,August
201609,2016-09-01,2016,9,3,2,September
201610,2016-10-01,2016,10,4,2,October
201611,2016-11-01,2016,11,4,2,November
201612,2016-12-01,2016,12,4,2,December
201701,2017-01-01,2017,1,1,1,January
201702,2017-02-01,2017,2,1,1,February
201703,2017-03-01,2017,3,1,1,March
201704,2017-04-01,2017,4,2,1,April
201705,2017-05-01,2017,5,2,1,May
201706,2017-06-01,2017,6,2,1,June
201707,2017-07-01,2017,7,3,2,July
201708,2017-08-01,2017,8,3,2,August
201709,2017-09-01,2017,9,3,2,September
201710,2017-10-01,2017,10,4,2,October
201711,2017-11-01,2017,11,4,2,November
201712,2017-12-01,2017,12,4,2,December
201801,2018-01-01,2018,1,1,1,January
201802,2018-02-01,2018,2,1,1,February
201803,2018-03-01,2018,3,1,1,March
201804,2018-04-01,2018,4,2,1,April
201805,2018-05-01,2018,5,2,1,May
201806,2018-06-01,2018,6,2,1,June
201807,2018-07-01,2018,7,3,2,July
201808,2018-08-01,2018,8,3,2,August
201809,2018-09-01,2018,9,3,2,September
201810,2018-10-01,2018,10,4,2,October
201811,2018-11-01,2018,11,4,2,November
201812,2018-12-01,2018,12,4,2,December
201901,2019-01-01,2019,1,1,1,January
201902,2019-02-01,2019,2,1,1,February
201903,2019-03-01,2019,3,1,1,March
201904,2019-04-01,2019,4,2,1,April
201905,2019-05-01,2019,5,2,1,May
201906,2019-06-01,2019,6,2,1,June
201907,2019-07-01,2019,7,3,2,July
201908,2019-08-01,2019,8,3,2,August
201909,2019-09-01,2019,9,3,2,September
201910,2019-10-01,2019,10,4,2,October
201911,2019-11-01,2019,11,4,2,November
201912,2019-12-01,2019,12,4,2,December
202001,2020-01-01,2020,1,1,1,January
202002,2020-02-01,2020,2,1,1,February
202003,2020-03-01,2020,3,1,1,March
202004,2020-04-01,2020,4,2,1,April
202005,2020-05-01,2020,5,2,1,May
202006,2020-06-01,2020,6,2,1,June
202007,2020-07-01,2020,7,3,2,July
202008,2020-08-01,2020,8,3,2,August
202009,2020-09-01,2020,9,3,2,September
202010,2020-10-01,2020,10,4,2,October
202011,2020-11-01,2020,11,4,2,November
202012,2020-12-01,2020,12,4,2,December
202101,2021-01-01,2021,1,1,1,January
202102,2021-02-01,2021,2,1,1,February
202103,2021-03-01,2021,3,1,1,March
202104,2021-04-01,2021,4,2,1,April
202105,2021-05-01,2021,5,2,1,May
202106,2021-06-01,2021,6,2,1,June
202107,2021-07-01,2021,7,3,2,July
202108,2021-08-01,2021,8,3,2,August
202109,2021-09-01,2021,9,3,2,September
202110,2021-10-01,2021,10,4,2,October
202111,2021-11-01,2021,11,4,2,November
202112,2021-12-01,2021,12,4,2,December
202201,2022-01-01,2022,1,1,1,January
202202,2022-02-01,2022,2,1,1,February
202203,2022-03-01,2022,3,1,1,March
202204,2022-04-01,2022,4,2,1,April
202205,2022-05-01,2022,5,2,1,May
202206,2022-06-01,2022,6,2,1,June
202207,2022-07-01,2022,7,3,2,July
202208,2022-08-01,2022,8,3,2,August
202209,2022-09-01,2022,9,3,2,September
202210,2022-10-01,2022,10,4,2,October
202211,2022-11-01,2022,11,4,2,November
202212,2022-12-01,2022,12,4,2,December
202301,2023-01-01,2023,1,1,1,January
202302,2023-02-01,2023,2,1,1,February
202303,2023-03-01,2023,3,1,1,March
202304,2023-04-01,2023,4,2,1,April
202305,2023-05-01,2023,5,2,1,May
202306,2023-06-01,2023,6,2,1,June
202307,2023-07-01,2023,7,3,2,July
202308,2023-08-01,2023,8,3,2,August
202309,2023-09-01,2023,9,3,2,September
202310,2023-10-01,2023,10,4,2,October
202311,2023-11-01,2023,11,4,2,November
202312,2023-12-01,2023,12,4,2,December
202401,2024-01-01,2024,1,1,1,January
202402,2024-02-01,2024,2,1,1,February
202403,2024-03-01,2024,3,1,1,March
202404,2024-04-01,2024,4,2,1,April
202405,2024-05-01,2024,5,2,1,May
202406,2024-06-01,2024,6,2,1,June
202407,2024-07-01,2024,7,3,2,July
202408,2024-08-01,2024,8,3,2,August
202409,2024-09-01,2024,9,3,2,September
202410,2024-10-01,2024,10,4,2,October
202411,2024-11-01,2024,11,4,2,November
202412,2024-12-01,2024,12,4,2,December
202501,2025-01-01,2025,1,1,1,January
202502,2025-02-01,2025,2,1,1,February
202503,2025-03-01,2025,3,1,1,March
202504,2025-04-01,2025,4,2,1,April
202505,2025-05-01,2025,5,2,1,May
202506,2025-06-01,2025,6,2,1,June
202507,2025-07-01,2025,7,3,2,July
202508,2025-08-01,2025,8,3,2,August
202509,2025-09-01,2025,9,3,2,September
202510,2025-10-01,2025,10,4,2,October
202511,2025-11-01,2025,11,4,2,November
202512,2025-12-01,2025,12,4,2,December
202601,2026-01-01,2026,1,1,1,January
202602,2026-02-01,2026,2,1,1,February
202603,2026-03-01,2026,3,1,1,March
202604,2026-04-01,2026,4,2,1,April
202605,2026-05-01,2026,5,2,1,May
202606,2026-06-01,2026,6,2,1,June
202607,2026-07-01,2026,7,3,2,July
202608,2026-08-01,2026,8,3,2,August
202609,2026-09-01,2026,9,3,2,September
202610,2026-10-01,2026,10,4,2,October
202611,2026-11-01,2026,11,4,2,November
202612,2026-12-01,2026,12,4,2,December
