periodo,id_categoria,categoria,variacao_mensal_pct,numero_indice,ano,mes
201501,acucares,IPCA - Acucares e derivados,2.4667,,2015,1
201502,acucares,IPCA - Acucares e derivados,2.6872,,2015,2
201503,acucares,IPCA - Acucares e derivados,0.7721,,2015,3
201504,acucares,IPCA - Acucares e derivados,3.9767,,2015,4
201505,acucares,IPCA - Acucares e derivados,1.3004,,2015,5
201506,acucares,IPCA - Acucares e derivados,1.8697,,2015,6
201507,acucares,IPCA - Acucares e derivados,-0.9532,,2015,7
201508,acucares,IPCA - Acucares e derivados,0.2806,,2015,8
201509,acucares,IPCA - Acucares e derivados,-2.518,,2015,9
201510,acucares,IPCA - Acucares e derivados,-0.4939,,2015,10
201511,acucares,IPCA - Acucares e derivados,4.0178,,2015,11
201512,acucares,IPCA - Acucares e derivados,2.1506,,2015,12
201601,acucares,IPCA - Acucares e derivados,10.3939,,2016,1
201602,acucares,IPCA - Acucares e derivados,3.1194,,2016,2
201603,acucares,IPCA - Acucares e derivados,-2.4344,,2016,3
201604,acucares,IPCA - Acucares e derivados,3.9644,,2016,4
201605,acucares,IPCA - Acucares e derivados,-1.2137,,2016,5
201606,acucares,IPCA - Acucares e derivados,1.2922,,2016,6
201607,acucares,IPCA - Acucares e derivados,5.7859,,2016,7
201608,acucares,IPCA - Acucares e derivados,-0.3641,,2016,8
201609,acucares,IPCA - Acucares e derivados,0.2825,,2016,9
201610,acucares,IPCA - Acucares e derivados,-0.367,,2016,10
201611,acucares,IPCA - Acucares e derivados,-3.8521,,2016,11
201612,acucares,IPCA - Acucares e derivados,-1.2114,,2016,12
201701,acucares,IPCA - Acucares e derivados,0.762,,2017,1
201702,acucares,IPCA - Acucares e derivados,-1.1384,,2017,2
201703,acucares,IPCA - Acucares e derivados,2.5853,,2017,3
201704,acucares,IPCA - Acucares e derivados,2.2289,,2017,4
201705,acucares,IPCA - Acucares e derivados,0.3372,,2017,5
201706,acucares,IPCA - Acucares e derivados,-3.6555,,2017,6
201707,acucares,IPCA - Acucares e derivados,-2.2635,,2017,7
201708,acucares,IPCA - Acucares e derivados,-2.8582,,2017,8
201709,acucares,IPCA - Acucares e derivados,-4.62,,2017,9
201710,acucares,IPCA - Acucares e derivados,-1.3379,,2017,10
201711,acucares,IPCA - Acucares e derivados,-1.6587,,2017,11
201712,acucares,IPCA - Acucares e derivados,1.422,,2017,12
201801,acucares,IPCA - Acucares e derivados,11.9082,,2018,1
201802,acucares,IPCA - Acucares e derivados,-3.9619,,2018,2
201803,acucares,IPCA - Acucares e derivados,-1.2198,,2018,3
201804,acucares,IPCA - Acucares e derivados,-4.0191,,2018,4
201805,acucares,IPCA - Acucares e derivados,3.1718,,2018,5
201806,acucares,IPCA - Acucares e derivados,0.9757,,2018,6
201807,acucares,IPCA - Acucares e derivados,-0.7576,,2018,7
201808,acucares,IPCA - Acucares e derivados,-3.3588,,2018,8
201809,acucares,IPCA - Acucares e derivados,-1.9375,,2018,9
201810,acucares,IPCA - Acucares e derivados,1.5532,,2018,10
201811,acucares,IPCA - Acucares e derivados,1.5834,,2018,11
201812,acucares,IPCA - Acucares e derivados,1.7148,,2018,12
201901,acucares,IPCA - Acucares e derivados,4.5509,,2019,1
201902,acucares,IPCA - Acucares e derivados,4.8044,,2019,2
201903,acucares,IPCA - Acucares e derivados,5.8478,,2019,3
201904,acucares,IPCA - Acucares e derivados,2.9697,,2019,4
201905,acucares,IPCA - Acucares e derivados,-2.1103,,2019,5
201906,acucares,IPCA - Acucares e derivados,-1.2018,,2019,6
201907,acucares,IPCA - Acucares e derivados,-3.2955,,2019,7
201908,acucares,IPCA - Acucares e derivados,-4.5957,,2019,8
201909,acucares,IPCA - Acucares e derivados,-2.24,,2019,9
201910,acucares,IPCA - Acucares e derivados,-2.3441,,2019,10
201911,acucares,IPCA - Acucares e derivados,-1.1532,,2019,11
201912,acucares,IPCA - Acucares e derivados,7.6108,,2019,12
202001,acucares,IPCA - Acucares e derivados,3.8709,,2020,1
202002,acucares,IPCA - Acucares e derivados,4.1132,,2020,2
202003,acucares,IPCA - Acucares e derivados,2.4927,,2020,3
202004,acucares,IPCA - Acucares e derivados,5.7674,,2020,4
202005,acucares,IPCA - Acucares e derivados,0.5298,,2020,5
202006,acucares,IPCA - Acucares e derivados,-2.2283,,2020,6
202007,acucares,IPCA - Acucares e derivados,-2.9481,,2020,7
202008,acucares,IPCA - Acucares e derivados,-0.778,,2020,8
202009,acucares,IPCA - Acucares e derivados,4.2316,,2020,9
202010,acucares,IPCA - Acucares e derivados,4.1501,,2020,10
202011,acucares,IPCA - Acucares e derivados,1.0845,,2020,11
202012,acucares,IPCA - Acucares e derivados,4.4718,,2020,12
202101,acucares,IPCA - Acucares e derivados,-0.6987,,2021,1
202102,acucares,IPCA - Acucares e derivados,2.6851,,2021,2
202103,acucares,IPCA - Acucares e derivados,-1.2424,,2021,3
202104,acucares,IPCA - Acucares e derivados,2.4074,,2021,4
202105,acucares,IPCA - Acucares e derivados,0.3245,,2021,5
202106,acucares,IPCA - Acucares e derivados,0.8401,,2021,6
202107,acucares,IPCA - Acucares e derivados,-0.6979,,2021,7
202108,acucares,IPCA - Acucares e derivados,-0.2783,,2021,8
202109,acucares,IPCA - Acucares e derivados,-2.9128,,2021,9
202110,acucares,IPCA - Acucares e derivados,3.0401,,2021,10
202111,acucares,IPCA - Acucares e derivados,3.6223,,2021,11
202112,acucares,IPCA - Acucares e derivados,0.3753,,2021,12
202201,acucares,IPCA - Acucares e derivados,5.4481,,2022,1
202202,acucares,IPCA - Acucares e derivados,1.9827,,2022,2
202203,acucares,IPCA - Acucares e derivados,3.3696,,2022,3
202204,acucares,IPCA - Acucares e derivados,1.032,,2022,4
202205,acucares,IPCA - Acucares e derivados,-1.0511,,2022,5
202206,acucares,IPCA - Acucares e derivados,3.3576,,2022,6
202207,acucares,IPCA - Acucares e derivados,-2.4031,,2022,7
202208,acucares,IPCA - Acucares e derivados,-0.7719,,2022,8
202209,acucares,IPCA - Acucares e derivados,-1.0366,,2022,9
202210,acucares,IPCA - Acucares e derivados,-0.489,,2022,10
202211,acucares,IPCA - Acucares e derivados,-1.276,,2022,11
202212,acucares,IPCA - Acucares e derivados,1.7034,,2022,12
202301,acucares,IPCA - Acucares e derivados,6.8026,,2023,1
202302,acucares,IPCA - Acucares e derivados,0.0067,,2023,2
202303,acucares,IPCA - Acucares e derivados,-3.4211,,2023,3
202304,acucares,IPCA - Acucares e derivados,1.0094,,2023,4
202305,acucares,IPCA - Acucares e derivados,-0.7636,,2023,5
202306,acucares,IPCA - Acucares e derivados,4.1208,,2023,6
202307,acucares,IPCA - Acucares e derivados,-3.8982,,2023,7
202308,acucares,IPCA - Acucares e derivados,-2.7937,,2023,8
202309,acucares,IPCA - Acucares e derivados,-0.4371,,2023,9
202310,acucares,IPCA - Acucares e derivados,-1.3722,,2023,10
202311,acucares,IPCA - Acucares e derivados,-1.1804,,2023,11
202312,acucares,IPCA - Acucares e derivados,-1.0997,,2023,12
202401,acucares,IPCA - Acucares e derivados,3.2215,,2024,1
202402,acucares,IPCA - Acucares e derivados,0.845,,2024,2
202403,acucares,IPCA - Acucares e derivados,3.318,,2024,3
202404,acucares,IPCA - Acucares e derivados,5.4044,,2024,4
202405,acucares,IPCA - Acucares e derivados,0.963,,2024,5
202406,acucares,IPCA - Acucares e derivados,-3.7621,,2024,6
202407,acucares,IPCA - Acucares e derivados,-4.1753,,2024,7
202408,acucares,IPCA - Acucares e derivados,-4.1022,,2024,8
202409,acucares,IPCA - Acucares e derivados,0.6285,,2024,9
202410,acucares,IPCA - Acucares e derivados,2.5545,,2024,10
202411,acucares,IPCA - Acucares e derivados,4.3004,,2024,11
202412,acucares,IPCA - Acucares e derivados,2.7233,,2024,12
201501,aves_ovos,IPCA - Aves e ovos,1.024,,2015,1
201502,aves_ovos,IPCA - Aves e ovos,1.3225,,2015,2
201503,aves_ovos,IPCA - Aves e ovos,1.6291,,2015,3
201504,aves_ovos,IPCA - Aves e ovos,0.8718,,2015,4
201505,aves_ovos,IPCA - Aves e ovos,4.9906,,2015,5
201506,aves_ovos,IPCA - Aves e ovos,5.1104,,2015,6
201507,aves_ovos,IPCA - Aves e ovos,-4.7636,,2015,7
201508,aves_ovos,IPCA - Aves e ovos,-1.4207,,2015,8
201509,aves_ovos,IPCA - Aves e ovos,-4.5597,,2015,9
201510,aves_ovos,IPCA - Aves e ovos,0.7895,,2015,10
201511,aves_ovos,IPCA - Aves e ovos,1.234,,2015,11
201512,aves_ovos,IPCA - Aves e ovos,7.8879,,2015,12
201601,aves_ovos,IPCA - Aves e ovos,6.5798,,2016,1
201602,aves_ovos,IPCA - Aves e ovos,8.6409,,2016,2
201603,aves_ovos,IPCA - Aves e ovos,1.723,,2016,3
201604,aves_ovos,IPCA - Aves e ovos,-0.3286,,2016,4
201605,aves_ovos,IPCA - Aves e ovos,-2.3127,,2016,5
201606,aves_ovos,IPCA - Aves e ovos,4.0474,,2016,6
201607,aves_ovos,IPCA - Aves e ovos,-0.6034,,2016,7
201608,aves_ovos,IPCA - Aves e ovos,1.099,,2016,8
201609,aves_ovos,IPCA - Aves e ovos,0.7358,,2016,9
201610,aves_ovos,IPCA - Aves e ovos,0.1414,,2016,10
201611,aves_ovos,IPCA - Aves e ovos,-2.1575,,2016,11
201612,aves_ovos,IPCA - Aves e ovos,-1.2384,,2016,12
201701,aves_ovos,IPCA - Aves e ovos,-1.0494,,2017,1
201702,aves_ovos,IPCA - Aves e ovos,-2.6649,,2017,2
201703,aves_ovos,IPCA - Aves e ovos,-0.3438,,2017,3
201704,aves_ovos,IPCA - Aves e ovos,0.9919,,2017,4
201705,aves_ovos,IPCA - Aves e ovos,1.1655,,2017,5
201706,aves_ovos,IPCA - Aves e ovos,-2.4208,,2017,6
201707,aves_ovos,IPCA - Aves e ovos,-1.1043,,2017,7
201708,aves_ovos,IPCA - Aves e ovos,-3.3061,,2017,8
201709,aves_ovos,IPCA - Aves e ovos,-1.5779,,2017,9
201710,aves_ovos,IPCA - Aves e ovos,-0.7732,,2017,10
201711,aves_ovos,IPCA - Aves e ovos,-2.2587,,2017,11
201712,aves_ovos,IPCA - Aves e ovos,-0.577,,2017,12
201801,aves_ovos,IPCA - Aves e ovos,2.8934,,2018,1
201802,aves_ovos,IPCA - Aves e ovos,3.3707,,2018,2
201803,aves_ovos,IPCA - Aves e ovos,-3.2423,,2018,3
201804,aves_ovos,IPCA - Aves e ovos,-0.237,,2018,4
201805,aves_ovos,IPCA - Aves e ovos,0.3741,,2018,5
201806,aves_ovos,IPCA - Aves e ovos,3.8334,,2018,6
201807,aves_ovos,IPCA - Aves e ovos,-5.3819,,2018,7
201808,aves_ovos,IPCA - Aves e ovos,-0.2243,,2018,8
201809,aves_ovos,IPCA - Aves e ovos,-0.2193,,2018,9
201810,aves_ovos,IPCA - Aves e ovos,0.6092,,2018,10
201811,aves_ovos,IPCA - Aves e ovos,2.914,,2018,11
201812,aves_ovos,IPCA - Aves e ovos,2.7052,,2018,12
201901,aves_ovos,IPCA - Aves e ovos,0.6461,,2019,1
201902,aves_ovos,IPCA - Aves e ovos,-0.2651,,2019,2
201903,aves_ovos,IPCA - Aves e ovos,6.491,,2019,3
201904,aves_ovos,IPCA - Aves e ovos,3.5481,,2019,4
201905,aves_ovos,IPCA - Aves e ovos,-1.2099,,2019,5
201906,aves_ovos,IPCA - Aves e ovos,-2.483,,2019,6
201907,aves_ovos,IPCA - Aves e ovos,-1.0597,,2019,7
201908,aves_ovos,IPCA - Aves e ovos,-2.333,,2019,8
201909,aves_ovos,IPCA - Aves e ovos,-3.003,,2019,9
201910,aves_ovos,IPCA - Aves e ovos,-1.2405,,2019,10
201911,aves_ovos,IPCA - Aves e ovos,1.0361,,2019,11
201912,aves_ovos,IPCA - Aves e ovos,8.6157,,2019,12
202001,aves_ovos,IPCA - Aves e ovos,0.3453,,2020,1
202002,aves_ovos,IPCA - Aves e ovos,4.1847,,2020,2
202003,aves_ovos,IPCA - Aves e ovos,-3.2683,,2020,3
202004,aves_ovos,IPCA - Aves e ovos,3.6748,,2020,4
202005,aves_ovos,IPCA - Aves e ovos,4.4151,,2020,5
202006,aves_ovos,IPCA - Aves e ovos,0.1125,,2020,6
202007,aves_ovos,IPCA - Aves e ovos,-2.8378,,2020,7
202008,aves_ovos,IPCA - Aves e ovos,0.1179,,2020,8
202009,aves_ovos,IPCA - Aves e ovos,4.009,,2020,9
202010,aves_ovos,IPCA - Aves e ovos,1.9621,,2020,10
202011,aves_ovos,IPCA - Aves e ovos,3.9041,,2020,11
202012,aves_ovos,IPCA - Aves e ovos,2.9579,,2020,12
202101,aves_ovos,IPCA - Aves e ovos,1.2817,,2021,1
202102,aves_ovos,IPCA - Aves e ovos,1.1117,,2021,2
202103,aves_ovos,IPCA - Aves e ovos,0.5498,,2021,3
202104,aves_ovos,IPCA - Aves e ovos,-1.9195,,2021,4
202105,aves_ovos,IPCA - Aves e ovos,1.9709,,2021,5
202106,aves_ovos,IPCA - Aves e ovos,0.5215,,2021,6
202107,aves_ovos,IPCA - Aves e ovos,0.7965,,2021,7
202108,aves_ovos,IPCA - Aves e ovos,1.4292,,2021,8
202109,aves_ovos,IPCA - Aves e ovos,0.4584,,2021,9
202110,aves_ovos,IPCA - Aves e ovos,1.1041,,2021,10
202111,aves_ovos,IPCA - Aves e ovos,2.2658,,2021,11
202112,aves_ovos,IPCA - Aves e ovos,1.1314,,2021,12
202201,aves_ovos,IPCA - Aves e ovos,1.275,,2022,1
202202,aves_ovos,IPCA - Aves e ovos,1.931,,2022,2
202203,aves_ovos,IPCA - Aves e ovos,1.9222,,2022,3
202204,aves_ovos,IPCA - Aves e ovos,4.1645,,2022,4
202205,aves_ovos,IPCA - Aves e ovos,2.9936,,2022,5
202206,aves_ovos,IPCA - Aves e ovos,0.5854,,2022,6
202207,aves_ovos,IPCA - Aves e ovos,0.1392,,2022,7
202208,aves_ovos,IPCA - Aves e ovos,0.2701,,2022,8
202209,aves_ovos,IPCA - Aves e ovos,-1.9516,,2022,9
202210,aves_ovos,IPCA - Aves e ovos,-1.1631,,2022,10
202211,aves_ovos,IPCA - Aves e ovos,1.4743,,2022,11
202212,aves_ovos,IPCA - Aves e ovos,2.4268,,2022,12
202301,aves_ovos,IPCA - Aves e ovos,2.4037,,2023,1
202302,aves_ovos,IPCA - Aves e ovos,1.2477,,2023,2
202303,aves_ovos,IPCA - Aves e ovos,0.2353,,2023,3
202304,aves_ovos,IPCA - Aves e ovos,-0.5673,,2023,4
202305,aves_ovos,IPCA - Aves e ovos,1.3666,,2023,5
202306,aves_ovos,IPCA - Aves e ovos,-1.4795,,2023,6
202307,aves_ovos,IPCA - Aves e ovos,-1.4351,,2023,7
202308,aves_ovos,IPCA - Aves e ovos,-1.5851,,2023,8
202309,aves_ovos,IPCA - Aves e ovos,-1.0279,,2023,9
202310,aves_ovos,IPCA - Aves e ovos,-0.0963,,2023,10
202311,aves_ovos,IPCA - Aves e ovos,0.3571,,2023,11
202312,aves_ovos,IPCA - Aves e ovos,1.6153,,2023,12
202401,aves_ovos,IPCA - Aves e ovos,1.7569,,2024,1
202402,aves_ovos,IPCA - Aves e ovos,1.2698,,2024,2
202403,aves_ovos,IPCA - Aves e ovos,0.3623,,2024,3
202404,aves_ovos,IPCA - Aves e ovos,2.0853,,2024,4
202405,aves_ovos,IPCA - Aves e ovos,1.3985,,2024,5
202406,aves_ovos,IPCA - Aves e ovos,0.6657,,2024,6
202407,aves_ovos,IPCA - Aves e ovos,-1.8963,,2024,7
202408,aves_ovos,IPCA - Aves e ovos,-2.5601,,2024,8
202409,aves_ovos,IPCA - Aves e ovos,-2.5762,,2024,9
202410,aves_ovos,IPCA - Aves e ovos,0.3257,,2024,10
202411,aves_ovos,IPCA - Aves e ovos,2.0188,,2024,11
202412,aves_ovos,IPCA - Aves e ovos,0.4238,,2024,12
201501,carnes,IPCA - Carnes e peixes,7.79,,2015,1
201502,carnes,IPCA - Carnes e peixes,-0.0642,,2015,2
201503,carnes,IPCA - Carnes e peixes,3.2267,,2015,3
201504,carnes,IPCA - Carnes e peixes,3.0746,,2015,4
201505,carnes,IPCA - Carnes e peixes,-1.5802,,2015,5
201506,carnes,IPCA - Carnes e peixes,-0.6278,,2015,6
201507,carnes,IPCA - Carnes e peixes,3.6381,,2015,7
201508,carnes,IPCA - Carnes e peixes,-0.8478,,2015,8
201509,carnes,IPCA - Carnes e peixes,-0.9752,,2015,9
201510,carnes,IPCA - Carnes e peixes,0.9313,,2015,10
201511,carnes,IPCA - Carnes e peixes,3.1569,,2015,11
201512,carnes,IPCA - Carnes e peixes,1.7204,,2015,12
201601,carnes,IPCA - Carnes e peixes,18.1625,,2016,1
201602,carnes,IPCA - Carnes e peixes,3.239,,2016,2
201603,carnes,IPCA - Carnes e peixes,-3.5267,,2016,3
201604,carnes,IPCA - Carnes e peixes,-0.3092,,2016,4
201605,carnes,IPCA - Carnes e peixes,-3.8508,,2016,5
201606,carnes,IPCA - Carnes e peixes,12.5138,,2016,6
201607,carnes,IPCA - Carnes e peixes,0.6795,,2016,7
201608,carnes,IPCA - Carnes e peixes,-2.2648,,2016,8
201609,carnes,IPCA - Carnes e peixes,0.1619,,2016,9
201610,carnes,IPCA - Carnes e peixes,1.8503,,2016,10
201611,carnes,IPCA - Carnes e peixes,-2.5518,,2016,11
201612,carnes,IPCA - Carnes e peixes,-5.1123,,2016,12
201701,carnes,IPCA - Carnes e peixes,2.242,,2017,1
201702,carnes,IPCA - Carnes e peixes,-3.5802,,2017,2
201703,carnes,IPCA - Carnes e peixes,2.0567,,2017,3
201704,carnes,IPCA - Carnes e peixes,3.428,,2017,4
201705,carnes,IPCA - Carnes e peixes,1.9595,,2017,5
201706,carnes,IPCA - Carnes e peixes,-1.469,,2017,6
201707,carnes,IPCA - Carnes e peixes,-0.3502,,2017,7
201708,carnes,IPCA - Carnes e peixes,-2.8605,,2017,8
201709,carnes,IPCA - Carnes e peixes,-2.7384,,2017,9
201710,carnes,IPCA - Carnes e peixes,-1.0722,,2017,10
201711,carnes,IPCA - Carnes e peixes,0.1821,,2017,11
201712,carnes,IPCA - Carnes e peixes,-0.3137,,2017,12
201801,carnes,IPCA - Carnes e peixes,2.9263,,2018,1
201802,carnes,IPCA - Carnes e peixes,-2.3945,,2018,2
201803,carnes,IPCA - Carnes e peixes,-0.5328,,2018,3
201804,carnes,IPCA - Carnes e peixes,0.7711,,2018,4
201805,carnes,IPCA - Carnes e peixes,2.0152,,2018,5
201806,carnes,IPCA - Carnes e peixes,0.0744,,2018,6
201807,carnes,IPCA - Carnes e peixes,-1.3331,,2018,7
201808,carnes,IPCA - Carnes e peixes,0.0087,,2018,8
201809,carnes,IPCA - Carnes e peixes,-0.748,,2018,9
201810,carnes,IPCA - Carnes e peixes,0.0467,,2018,10
201811,carnes,IPCA - Carnes e peixes,2.1197,,2018,11
201812,carnes,IPCA - Carnes e peixes,2.5703,,2018,12
201901,carnes,IPCA - Carnes e peixes,-0.6105,,2019,1
201902,carnes,IPCA - Carnes e peixes,6.4646,,2019,2
201903,carnes,IPCA - Carnes e peixes,1.5832,,2019,3
201904,carnes,IPCA - Carnes e peixes,4.9427,,2019,4
201905,carnes,IPCA - Carnes e peixes,0.8599,,2019,5
201906,carnes,IPCA - Carnes e peixes,-6.1422,,2019,6
201907,carnes,IPCA - Carnes e peixes,-6.0404,,2019,7
201908,carnes,IPCA - Carnes e peixes,-6.1092,,2019,8
201909,carnes,IPCA - Carnes e peixes,-2.74,,2019,9
201910,carnes,IPCA - Carnes e peixes,-1.1226,,2019,10
201911,carnes,IPCA - Carnes e peixes,0.12,,2019,11
201912,carnes,IPCA - Carnes e peixes,8.1653,,2019,12
202001,carnes,IPCA - Carnes e peixes,4.7504,,2020,1
202002,carnes,IPCA - Carnes e peixes,0.6862,,2020,2
202003,carnes,IPCA - Carnes e peixes,5.1129,,2020,3
202004,carnes,IPCA - Carnes e peixes,2.8626,,2020,4
202005,carnes,IPCA - Carnes e peixes,-0.304,,2020,5
202006,carnes,IPCA - Carnes e peixes,4.9681,,2020,6
202007,carnes,IPCA - Carnes e peixes,-6.4948,,2020,7
202008,carnes,IPCA - Carnes e peixes,1.4564,,2020,8
202009,carnes,IPCA - Carnes e peixes,7.1875,,2020,9
202010,carnes,IPCA - Carnes e peixes,3.5471,,2020,10
202011,carnes,IPCA - Carnes e peixes,2.0486,,2020,11
202012,carnes,IPCA - Carnes e peixes,0.4077,,2020,12
202101,carnes,IPCA - Carnes e peixes,-0.512,,2021,1
202102,carnes,IPCA - Carnes e peixes,-1.0957,,2021,2
202103,carnes,IPCA - Carnes e peixes,5.1334,,2021,3
202104,carnes,IPCA - Carnes e peixes,0.1856,,2021,4
202105,carnes,IPCA - Carnes e peixes,-0.2619,,2021,5
202106,carnes,IPCA - Carnes e peixes,0.5422,,2021,6
202107,carnes,IPCA - Carnes e peixes,3.7051,,2021,7
202108,carnes,IPCA - Carnes e peixes,-6.5558,,2021,8
202109,carnes,IPCA - Carnes e peixes,-0.5193,,2021,9
202110,carnes,IPCA - Carnes e peixes,2.2333,,2021,10
202111,carnes,IPCA - Carnes e peixes,1.9583,,2021,11
202112,carnes,IPCA - Carnes e peixes,1.0121,,2021,12
202201,carnes,IPCA - Carnes e peixes,6.2274,,2022,1
202202,carnes,IPCA - Carnes e peixes,1.7723,,2022,2
202203,carnes,IPCA - Carnes e peixes,1.5808,,2022,3
202204,carnes,IPCA - Carnes e peixes,5.0439,,2022,4
202205,carnes,IPCA - Carnes e peixes,-0.5603,,2022,5
202206,carnes,IPCA - Carnes e peixes,0.279,,2022,6
202207,carnes,IPCA - Carnes e peixes,-1.3475,,2022,7
202208,carnes,IPCA - Carnes e peixes,-0.5401,,2022,8
202209,carnes,IPCA - Carnes e peixes,-3.8716,,2022,9
202210,carnes,IPCA - Carnes e peixes,-0.6112,,2022,10
202211,carnes,IPCA - Carnes e peixes,-0.6867,,2022,11
202212,carnes,IPCA - Carnes e peixes,1.7735,,2022,12
202301,carnes,IPCA - Carnes e peixes,6.5694,,2023,1
202302,carnes,IPCA - Carnes e peixes,-0.416,,2023,2
202303,carnes,IPCA - Carnes e peixes,-1.2351,,2023,3
202304,carnes,IPCA - Carnes e peixes,1.4191,,2023,4
202305,carnes,IPCA - Carnes e peixes,-0.0235,,2023,5
202306,carnes,IPCA - Carnes e peixes,2.4108,,2023,6
202307,carnes,IPCA - Carnes e peixes,-3.5073,,2023,7
202308,carnes,IPCA - Carnes e peixes,-0.8315,,2023,8
202309,carnes,IPCA - Carnes e peixes,-1.9036,,2023,9
202310,carnes,IPCA - Carnes e peixes,-1.9499,,2023,10
202311,carnes,IPCA - Carnes e peixes,-0.9962,,2023,11
202312,carnes,IPCA - Carnes e peixes,0.0968,,2023,12
202401,carnes,IPCA - Carnes e peixes,2.1691,,2024,1
202402,carnes,IPCA - Carnes e peixes,1.1202,,2024,2
202403,carnes,IPCA - Carnes e peixes,3.896,,2024,3
202404,carnes,IPCA - Carnes e peixes,4.8431,,2024,4
202405,carnes,IPCA - Carnes e peixes,-0.4398,,2024,5
202406,carnes,IPCA - Carnes e peixes,-3.0351,,2024,6
202407,carnes,IPCA - Carnes e peixes,-6.7051,,2024,7
202408,carnes,IPCA - Carnes e peixes,-1.503,,2024,8
202409,carnes,IPCA - Carnes e peixes,-1.9771,,2024,9
202410,carnes,IPCA - Carnes e peixes,2.5919,,2024,10
202411,carnes,IPCA - Carnes e peixes,2.6863,,2024,11
202412,carnes,IPCA - Carnes e peixes,3.9043,,2024,12
201501,cereais,"IPCA - Cereais, leguminosas e oleag",6.326,,2015,1
201502,cereais,"IPCA - Cereais, leguminosas e oleag",1.7331,,2015,2
201503,cereais,"IPCA - Cereais, leguminosas e oleag",2.3563,,2015,3
201504,cereais,"IPCA - Cereais, leguminosas e oleag",2.7739,,2015,4
201505,cereais,"IPCA - Cereais, leguminosas e oleag",1.5053,,2015,5
201506,cereais,"IPCA - Cereais, leguminosas e oleag",-1.4008,,2015,6
201507,cereais,"IPCA - Cereais, leguminosas e oleag",0.164,,2015,7
201508,cereais,"IPCA - Cereais, leguminosas e oleag",-1.4822,,2015,8
201509,cereais,"IPCA - Cereais, leguminosas e oleag",0.4423,,2015,9
201510,cereais,"IPCA - Cereais, leguminosas e oleag",-1.8457,,2015,10
201511,cereais,"IPCA - Cereais, leguminosas e oleag",7.2386,,2015,11
201512,cereais,"IPCA - Cereais, leguminosas e oleag",3.339,,2015,12
201601,cereais,"IPCA - Cereais, leguminosas e oleag",2.7515,,2016,1
201602,cereais,"IPCA - Cereais, leguminosas e oleag",-1.433,,2016,2
201603,cereais,"IPCA - Cereais, leguminosas e oleag",2.0446,,2016,3
201604,cereais,"IPCA - Cereais, leguminosas e oleag",-1.1078,,2016,4
201605,cereais,"IPCA - Cereais, leguminosas e oleag",3.4592,,2016,5
201606,cereais,"IPCA - Cereais, leguminosas e oleag",1.5705,,2016,6
201607,cereais,"IPCA - Cereais, leguminosas e oleag",0.9004,,2016,7
201608,cereais,"IPCA - Cereais, leguminosas e oleag",2.5938,,2016,8
201609,cereais,"IPCA - Cereais, leguminosas e oleag",-1.4543,,2016,9
201610,cereais,"IPCA - Cereais, leguminosas e oleag",1.9088,,2016,10
201611,cereais,"IPCA - Cereais, leguminosas e oleag",-2.6791,,2016,11
201612,cereais,"IPCA - Cereais, leguminosas e oleag",-2.7339,,2016,12
201701,cereais,"IPCA - Cereais, leguminosas e oleag",-2.9693,,2017,1
201702,cereais,"IPCA - Cereais, leguminosas e oleag",-2.6201,,2017,2
201703,cereais,"IPCA - Cereais, leguminosas e oleag",0.581,,2017,3
201704,cereais,"IPCA - Cereais, leguminosas e oleag",3.8586,,2017,4
201705,cereais,"IPCA - Cereais, leguminosas e oleag",-0.2571,,2017,5
201706,cereais,"IPCA - Cereais, leguminosas e oleag",-2.2354,,2017,6
201707,cereais,"IPCA - Cereais, leguminosas e oleag",1.1432,,2017,7
201708,cereais,"IPCA - Cereais, leguminosas e oleag",-3.4812,,2017,8
201709,cereais,"IPCA - Cereais, leguminosas e oleag",-2.2461,,2017,9
201710,cereais,"IPCA - Cereais, leguminosas e oleag",3.0813,,2017,10
201711,cereais,"IPCA - Cereais, leguminosas e oleag",-1.7523,,2017,11
201712,cereais,"IPCA - Cereais, leguminosas e oleag",-1.6577,,2017,12
201801,cereais,"IPCA - Cereais, leguminosas e oleag",6.6091,,2018,1
201802,cereais,"IPCA - Cereais, leguminosas e oleag",-1.7037,,2018,2
201803,cereais,"IPCA - Cereais, leguminosas e oleag",2.2244,,2018,3
201804,cereais,"IPCA - Cereais, leguminosas e oleag",-1.8872,,2018,4
201805,cereais,"IPCA - Cereais, leguminosas e oleag",0.7867,,2018,5
201806,cereais,"IPCA - Cereais, leguminosas e oleag",3.8447,,2018,6
201807,cereais,"IPCA - Cereais, leguminosas e oleag",-5.1207,,2018,7
201808,cereais,"IPCA - Cereais, leguminosas e oleag",-0.5545,,2018,8
201809,cereais,"IPCA - Cereais, leguminosas e oleag",-0.4523,,2018,9
201810,cereais,"IPCA - Cereais, leguminosas e oleag",4.9124,,2018,10
201811,cereais,"IPCA - Cereais, leguminosas e oleag",2.458,,2018,11
201812,cereais,"IPCA - Cereais, leguminosas e oleag",0.634,,2018,12
201901,cereais,"IPCA - Cereais, leguminosas e oleag",-4.157,,2019,1
201902,cereais,"IPCA - Cereais, leguminosas e oleag",3.0874,,2019,2
201903,cereais,"IPCA - Cereais, leguminosas e oleag",7.2048,,2019,3
201904,cereais,"IPCA - Cereais, leguminosas e oleag",4.0666,,2019,4
201905,cereais,"IPCA - Cereais, leguminosas e oleag",-2.2797,,2019,5
201906,cereais,"IPCA - Cereais, leguminosas e oleag",-1.0723,,2019,6
201907,cereais,"IPCA - Cereais, leguminosas e oleag",-0.6405,,2019,7
201908,cereais,"IPCA - Cereais, leguminosas e oleag",-0.5409,,2019,8
201909,cereais,"IPCA - Cereais, leguminosas e oleag",-3.7323,,2019,9
201910,cereais,"IPCA - Cereais, leguminosas e oleag",-0.6944,,2019,10
201911,cereais,"IPCA - Cereais, leguminosas e oleag",-1.9509,,2019,11
201912,cereais,"IPCA - Cereais, leguminosas e oleag",10.9397,,2019,12
202001,cereais,"IPCA - Cereais, leguminosas e oleag",-1.4296,,2020,1
202002,cereais,"IPCA - Cereais, leguminosas e oleag",-0.975,,2020,2
202003,cereais,"IPCA - Cereais, leguminosas e oleag",3.9204,,2020,3
202004,cereais,"IPCA - Cereais, leguminosas e oleag",9.8309,,2020,4
202005,cereais,"IPCA - Cereais, leguminosas e oleag",3.92,,2020,5
202006,cereais,"IPCA - Cereais, leguminosas e oleag",-4.749,,2020,6
202007,cereais,"IPCA - Cereais, leguminosas e oleag",3.972,,2020,7
202008,cereais,"IPCA - Cereais, leguminosas e oleag",-3.9153,,2020,8
202009,cereais,"IPCA - Cereais, leguminosas e oleag",3.701,,2020,9
202010,cereais,"IPCA - Cereais, leguminosas e oleag",-0.597,,2020,10
202011,cereais,"IPCA - Cereais, leguminosas e oleag",5.0219,,2020,11
202012,cereais,"IPCA - Cereais, leguminosas e oleag",-1.2662,,2020,12
202101,cereais,"IPCA - Cereais, leguminosas e oleag",3.5846,,2021,1
202102,cereais,"IPCA - Cereais, leguminosas e oleag",2.3297,,2021,2
202103,cereais,"IPCA - Cereais, leguminosas e oleag",0.7682,,2021,3
202104,cereais,"IPCA - Cereais, leguminosas e oleag",1.1158,,2021,4
202105,cereais,"IPCA - Cereais, leguminosas e oleag",4.3317,,2021,5
202106,cereais,"IPCA - Cereais, leguminosas e oleag",1.5898,,2021,6
202107,cereais,"IPCA - Cereais, leguminosas e oleag",0.2037,,2021,7
202108,cereais,"IPCA - Cereais, leguminosas e oleag",-3.1234,,2021,8
202109,cereais,"IPCA - Cereais, leguminosas e oleag",1.7286,,2021,9
202110,cereais,"IPCA - Cereais, leguminosas e oleag",4.754,,2021,10
202111,cereais,"IPCA - Cereais, leguminosas e oleag",-0.1453,,2021,11
202112,cereais,"IPCA - Cereais, leguminosas e oleag",-1.6433,,2021,12
202201,cereais,"IPCA - Cereais, leguminosas e oleag",1.2905,,2022,1
202202,cereais,"IPCA - Cereais, leguminosas e oleag",2.5653,,2022,2
202203,cereais,"IPCA - Cereais, leguminosas e oleag",7.4575,,2022,3
202204,cereais,"IPCA - Cereais, leguminosas e oleag",5.3721,,2022,4
202205,cereais,"IPCA - Cereais, leguminosas e oleag",-3.4628,,2022,5
202206,cereais,"IPCA - Cereais, leguminosas e oleag",-1.7403,,2022,6
202207,cereais,"IPCA - Cereais, leguminosas e oleag",-1.7797,,2022,7
202208,cereais,"IPCA - Cereais, leguminosas e oleag",-0.4486,,2022,8
202209,cereais,"IPCA - Cereais, leguminosas e oleag",-1.015,,2022,9
202210,cereais,"IPCA - Cereais, leguminosas e oleag",2.5901,,2022,10
202211,cereais,"IPCA - Cereais, leguminosas e oleag",1.9431,,2022,11
202212,cereais,"IPCA - Cereais, leguminosas e oleag",-1.575,,2022,12
202301,cereais,"IPCA - Cereais, leguminosas e oleag",-0.4981,,2023,1
202302,cereais,"IPCA - Cereais, leguminosas e oleag",-2.3418,,2023,2
202303,cereais,"IPCA - Cereais, leguminosas e oleag",0.1267,,2023,3
202304,cereais,"IPCA - Cereais, leguminosas e oleag",2.1022,,2023,4
202305,cereais,"IPCA - Cereais, leguminosas e oleag",1.4091,,2023,5
202306,cereais,"IPCA - Cereais, leguminosas e oleag",-0.3708,,2023,6
202307,cereais,"IPCA - Cereais, leguminosas e oleag",-1.5559,,2023,7
202308,cereais,"IPCA - Cereais, leguminosas e oleag",-0.7504,,2023,8
202309,cereais,"IPCA - Cereais, leguminosas e oleag",-0.5692,,2023,9
202310,cereais,"IPCA - Cereais, leguminosas e oleag",-0.9131,,2023,10
202311,cereais,"IPCA - Cereais, leguminosas e oleag",1.2489,,2023,11
202312,cereais,"IPCA - Cereais, leguminosas e oleag",2.0163,,2023,12
202401,cereais,"IPCA - Cereais, leguminosas e oleag",4.1608,,2024,1
202402,cereais,"IPCA - Cereais, leguminosas e oleag",0.7257,,2024,2
202403,cereais,"IPCA - Cereais, leguminosas e oleag",-0.4703,,2024,3
202404,cereais,"IPCA - Cereais, leguminosas e oleag",-0.195,,2024,4
202405,cereais,"IPCA - Cereais, leguminosas e oleag",2.0395,,2024,5
202406,cereais,"IPCA - Cereais, leguminosas e oleag",1.814,,2024,6
202407,cereais,"IPCA - Cereais, leguminosas e oleag",-4.8469,,2024,7
202408,cereais,"IPCA - Cereais, leguminosas e oleag",-2.9569,,2024,8
202409,cereais,"IPCA - Cereais, leguminosas e oleag",0.1951,,2024,9
202410,cereais,"IPCA - Cereais, leguminosas e oleag",4.0347,,2024,10
202411,cereais,"IPCA - Cereais, leguminosas e oleag",1.7588,,2024,11
202412,cereais,"IPCA - Cereais, leguminosas e oleag",0.3381,,2024,12
201501,frutas,IPCA - Frutas,7.4765,,2015,1
201502,frutas,IPCA - Frutas,0.59,,2015,2
201503,frutas,IPCA - Frutas,-0.6633,,2015,3
201504,frutas,IPCA - Frutas,1.3015,,2015,4
201505,frutas,IPCA - Frutas,5.9019,,2015,5
201506,frutas,IPCA - Frutas,-5.0082,,2015,6
201507,frutas,IPCA - Frutas,-0.6613,,2015,7
201508,frutas,IPCA - Frutas,-2.0704,,2015,8
201509,frutas,IPCA - Frutas,-2.9592,,2015,9
201510,frutas,IPCA - Frutas,-0.151,,2015,10
201511,frutas,IPCA - Frutas,3.5787,,2015,11
201512,frutas,IPCA - Frutas,4.3561,,2015,12
201601,frutas,IPCA - Frutas,15.6549,,2016,1
201602,frutas,IPCA - Frutas,-4.2863,,2016,2
201603,frutas,IPCA - Frutas,1.7886,,2016,3
201604,frutas,IPCA - Frutas,0.9803,,2016,4
201605,frutas,IPCA - Frutas,0.8059,,2016,5
201606,frutas,IPCA - Frutas,9.4019,,2016,6
201607,frutas,IPCA - Frutas,0.7142,,2016,7
201608,frutas,IPCA - Frutas,-3.1451,,2016,8
201609,frutas,IPCA - Frutas,-4.3126,,2016,9
201610,frutas,IPCA - Frutas,-1.0041,,2016,10
201611,frutas,IPCA - Frutas,-0.4827,,2016,11
201612,frutas,IPCA - Frutas,-0.1858,,2016,12
201701,frutas,IPCA - Frutas,-0.2585,,2017,1
201702,frutas,IPCA - Frutas,-1.4669,,2017,2
201703,frutas,IPCA - Frutas,2.1385,,2017,3
201704,frutas,IPCA - Frutas,0.1339,,2017,4
201705,frutas,IPCA - Frutas,1.0004,,2017,5
201706,frutas,IPCA - Frutas,-0.6671,,2017,6
201707,frutas,IPCA - Frutas,-0.8793,,2017,7
201708,frutas,IPCA - Frutas,0.0362,,2017,8
201709,frutas,IPCA - Frutas,-3.5728,,2017,9
201710,frutas,IPCA - Frutas,-2.791,,2017,10
201711,frutas,IPCA - Frutas,-0.171,,2017,11
201712,frutas,IPCA - Frutas,-0.3481,,2017,12
201801,frutas,IPCA - Frutas,0.4242,,2018,1
201802,frutas,IPCA - Frutas,0.4914,,2018,2
201803,frutas,IPCA - Frutas,-0.9835,,2018,3
201804,frutas,IPCA - Frutas,1.4927,,2018,4
201805,frutas,IPCA - Frutas,0.2296,,2018,5
201806,frutas,IPCA - Frutas,-0.2291,,2018,6
201807,frutas,IPCA - Frutas,0.1558,,2018,7
201808,frutas,IPCA - Frutas,-1.0672,,2018,8
201809,frutas,IPCA - Frutas,-2.3064,,2018,9
201810,frutas,IPCA - Frutas,1.0195,,2018,10
201811,frutas,IPCA - Frutas,2.8905,,2018,11
201812,frutas,IPCA - Frutas,5.6513,,2018,12
201901,frutas,IPCA - Frutas,2.4096,,2019,1
201902,frutas,IPCA - Frutas,4.5627,,2019,2
201903,frutas,IPCA - Frutas,4.0898,,2019,3
201904,frutas,IPCA - Frutas,2.734,,2019,4
201905,frutas,IPCA - Frutas,-4.4758,,2019,5
201906,frutas,IPCA - Frutas,-0.8699,,2019,6
201907,frutas,IPCA - Frutas,-0.2609,,2019,7
201908,frutas,IPCA - Frutas,-5.0291,,2019,8
201909,frutas,IPCA - Frutas,-2.0255,,2019,9
201910,frutas,IPCA - Frutas,1.1219,,2019,10
201911,frutas,IPCA - Frutas,1.1271,,2019,11
201912,frutas,IPCA - Frutas,13.642,,2019,12
202001,frutas,IPCA - Frutas,0.0726,,2020,1
202002,frutas,IPCA - Frutas,-1.4195,,2020,2
202003,frutas,IPCA - Frutas,1.6852,,2020,3
202004,frutas,IPCA - Frutas,8.1174,,2020,4
202005,frutas,IPCA - Frutas,2.5912,,2020,5
202006,frutas,IPCA - Frutas,-4.9823,,2020,6
202007,frutas,IPCA - Frutas,-1.6473,,2020,7
202008,frutas,IPCA - Frutas,2.1761,,2020,8
202009,frutas,IPCA - Frutas,5.6649,,2020,9
202010,frutas,IPCA - Frutas,5.3064,,2020,10
202011,frutas,IPCA - Frutas,3.6923,,2020,11
202012,frutas,IPCA - Frutas,1.1373,,2020,12
202101,frutas,IPCA - Frutas,1.944,,2021,1
202102,frutas,IPCA - Frutas,-2.4515,,2021,2
202103,frutas,IPCA - Frutas,-1.5374,,2021,3
202104,frutas,IPCA - Frutas,0.7644,,2021,4
202105,frutas,IPCA - Frutas,1.3968,,2021,5
202106,frutas,IPCA - Frutas,-2.225,,2021,6
202107,frutas,IPCA - Frutas,1.9293,,2021,7
202108,frutas,IPCA - Frutas,0.5817,,2021,8
202109,frutas,IPCA - Frutas,1.5352,,2021,9
202110,frutas,IPCA - Frutas,3.0832,,2021,10
202111,frutas,IPCA - Frutas,1.3282,,2021,11
202112,frutas,IPCA - Frutas,-0.4002,,2021,12
202201,frutas,IPCA - Frutas,4.633,,2022,1
202202,frutas,IPCA - Frutas,2.5892,,2022,2
202203,frutas,IPCA - Frutas,3.4925,,2022,3
202204,frutas,IPCA - Frutas,2.9225,,2022,4
202205,frutas,IPCA - Frutas,-1.2067,,2022,5
202206,frutas,IPCA - Frutas,-0.0815,,2022,6
202207,frutas,IPCA - Frutas,-0.1736,,2022,7
202208,frutas,IPCA - Frutas,-1.7952,,2022,8
202209,frutas,IPCA - Frutas,-0.3223,,2022,9
202210,frutas,IPCA - Frutas,2.5945,,2022,10
202211,frutas,IPCA - Frutas,2.0273,,2022,11
202212,frutas,IPCA - Frutas,2.1958,,2022,12
202301,frutas,IPCA - Frutas,0.8501,,2023,1
202302,frutas,IPCA - Frutas,-2.1728,,2023,2
202303,frutas,IPCA - Frutas,-2.0513,,2023,3
202304,frutas,IPCA - Frutas,3.5276,,2023,4
202305,frutas,IPCA - Frutas,-0.0071,,2023,5
202306,frutas,IPCA - Frutas,-5.0362,,2023,6
202307,frutas,IPCA - Frutas,-1.7449,,2023,7
202308,frutas,IPCA - Frutas,-2.4601,,2023,8
202309,frutas,IPCA - Frutas,-1.6492,,2023,9
202310,frutas,IPCA - Frutas,0.8115,,2023,10
202311,frutas,IPCA - Frutas,1.9683,,2023,11
202312,frutas,IPCA - Frutas,3.2023,,2023,12
202401,frutas,IPCA - Frutas,6.176,,2024,1
202402,frutas,IPCA - Frutas,-0.4066,,2024,2
202403,frutas,IPCA - Frutas,-0.599,,2024,3
202404,frutas,IPCA - Frutas,-0.3639,,2024,4
202405,frutas,IPCA - Frutas,0.4993,,2024,5
202406,frutas,IPCA - Frutas,0.9822,,2024,6
202407,frutas,IPCA - Frutas,-2.1717,,2024,7
202408,frutas,IPCA - Frutas,-4.0389,,2024,8
202409,frutas,IPCA - Frutas,0.7576,,2024,9
202410,frutas,IPCA - Frutas,3.3347,,2024,10
202411,frutas,IPCA - Frutas,4.6421,,2024,11
202412,frutas,IPCA - Frutas,0.6665,,2024,12
201501,horticultura,IPCA - Horticultura,3.0672,,2015,1
201502,horticultura,IPCA - Horticultura,1.1211,,2015,2
201503,horticultura,IPCA - Horticultura,4.2295,,2015,3
201504,horticultura,IPCA - Horticultura,3.8117,,2015,4
201505,horticultura,IPCA - Horticultura,8.8868,,2015,5
201506,horticultura,IPCA - Horticultura,-5.4894,,2015,6
201507,horticultura,IPCA - Horticultura,2.2803,,2015,7
201508,horticultura,IPCA - Horticultura,-4.5971,,2015,8
201509,horticultura,IPCA - Horticultura,-3.8801,,2015,9
201510,horticultura,IPCA - Horticultura,0.3375,,2015,10
201511,horticultura,IPCA - Horticultura,3.7978,,2015,11
201512,horticultura,IPCA - Horticultura,5.5779,,2015,12
201601,horticultura,IPCA - Horticultura,9.8483,,2016,1
201602,horticultura,IPCA - Horticultura,5.1514,,2016,2
201603,horticultura,IPCA - Horticultura,-0.3431,,2016,3
201604,horticultura,IPCA - Horticultura,-0.3003,,2016,4
201605,horticultura,IPCA - Horticultura,-2.5991,,2016,5
201606,horticultura,IPCA - Horticultura,3.1056,,2016,6
201607,horticultura,IPCA - Horticultura,4.2918,,2016,7
201608,horticultura,IPCA - Horticultura,1.6684,,2016,8
201609,horticultura,IPCA - Horticultura,1.4216,,2016,9
201610,horticultura,IPCA - Horticultura,-0.1274,,2016,10
201611,horticultura,IPCA - Horticultura,-2.1401,,2016,11
201612,horticultura,IPCA - Horticultura,-3.0331,,2016,12
201701,horticultura,IPCA - Horticultura,4.6399,,2017,1
201702,horticultura,IPCA - Horticultura,-2.5625,,2017,2
201703,horticultura,IPCA - Horticultura,1.7218,,2017,3
201704,horticultura,IPCA - Horticultura,3.4856,,2017,4
201705,horticultura,IPCA - Horticultura,-4.3916,,2017,5
201706,horticultura,IPCA - Horticultura,0.9864,,2017,6
201707,horticultura,IPCA - Horticultura,-1.9144,,2017,7
201708,horticultura,IPCA - Horticultura,-2.8253,,2017,8
201709,horticultura,IPCA - Horticultura,-4.8517,,2017,9
201710,horticultura,IPCA - Horticultura,-0.7693,,2017,10
201711,horticultura,IPCA - Horticultura,-1.0038,,2017,11
201712,horticultura,IPCA - Horticultura,0.97,,2017,12
201801,horticultura,IPCA - Horticultura,5.4865,,2018,1
201802,horticultura,IPCA - Horticultura,2.0278,,2018,2
201803,horticultura,IPCA - Horticultura,-1.636,,2018,3
201804,horticultura,IPCA - Horticultura,-2.5758,,2018,4
201805,horticultura,IPCA - Horticultura,3.1163,,2018,5
201806,horticultura,IPCA - Horticultura,0.3992,,2018,6
201807,horticultura,IPCA - Horticultura,-3.3363,,2018,7
201808,horticultura,IPCA - Horticultura,-1.6796,,2018,8
201809,horticultura,IPCA - Horticultura,-1.542,,2018,9
201810,horticultura,IPCA - Horticultura,7.1526,,2018,10
201811,horticultura,IPCA - Horticultura,4.6416,,2018,11
201812,horticultura,IPCA - Horticultura,-3.4786,,2018,12
201901,horticultura,IPCA - Horticultura,1.6736,,2019,1
201902,horticultura,IPCA - Horticultura,3.1857,,2019,2
201903,horticultura,IPCA - Horticultura,6.7793,,2019,3
201904,horticultura,IPCA - Horticultura,3.1632,,2019,4
201905,horticultura,IPCA - Horticultura,-3.2143,,2019,5
201906,horticultura,IPCA - Horticultura,0.9653,,2019,6
201907,horticultura,IPCA - Horticultura,-3.5144,,2019,7
201908,horticultura,IPCA - Horticultura,-6.9568,,2019,8
201909,horticultura,IPCA - Horticultura,-4.6346,,2019,9
201910,horticultura,IPCA - Horticultura,0.7835,,2019,10
201911,horticultura,IPCA - Horticultura,2.2315,,2019,11
201912,horticultura,IPCA - Horticultura,9.5548,,2019,12
202001,horticultura,IPCA - Horticultura,-0.0577,,2020,1
202002,horticultura,IPCA - Horticultura,6.8299,,2020,2
202003,horticultura,IPCA - Horticultura,2.6178,,2020,3
202004,horticultura,IPCA - Horticultura,1.547,,2020,4
202005,horticultura,IPCA - Horticultura,-5.6544,,2020,5
202006,horticultura,IPCA - Horticultura,2.0058,,2020,6
202007,horticultura,IPCA - Horticultura,-2.0611,,2020,7
202008,horticultura,IPCA - Horticultura,1.6251,,2020,8
202009,horticultura,IPCA - Horticultura,5.1111,,2020,9
202010,horticultura,IPCA - Horticultura,5.1034,,2020,10
202011,horticultura,IPCA - Horticultura,5.6391,,2020,11
202012,horticultura,IPCA - Horticultura,-0.8103,,2020,12
202101,horticultura,IPCA - Horticultura,-0.372,,2021,1
202102,horticultura,IPCA - Horticultura,-1.7843,,2021,2
202103,horticultura,IPCA - Horticultura,-1.2245,,2021,3
202104,horticultura,IPCA - Horticultura,1.5879,,2021,4
202105,horticultura,IPCA - Horticultura,1.3232,,2021,5
202106,horticultura,IPCA - Horticultura,1.7662,,2021,6
202107,horticultura,IPCA - Horticultura,3.9161,,2021,7
202108,horticultura,IPCA - Horticultura,-1.8798,,2021,8
202109,horticultura,IPCA - Horticultura,-0.0272,,2021,9
202110,horticultura,IPCA - Horticultura,2.15,,2021,10
202111,horticultura,IPCA - Horticultura,2.908,,2021,11
202112,horticultura,IPCA - Horticultura,-0.224,,2021,12
202201,horticultura,IPCA - Horticultura,4.8855,,2022,1
202202,horticultura,IPCA - Horticultura,0.3705,,2022,2
202203,horticultura,IPCA - Horticultura,4.1699,,2022,3
202204,horticultura,IPCA - Horticultura,1.9858,,2022,4
202205,horticultura,IPCA - Horticultura,-2.96,,2022,5
202206,horticultura,IPCA - Horticultura,4.5413,,2022,6
202207,horticultura,IPCA - Horticultura,-2.3653,,2022,7
202208,horticultura,IPCA - Horticultura,-2.2574,,2022,8
202209,horticultura,IPCA - Horticultura,-0.9745,,2022,9
202210,horticultura,IPCA - Horticultura,0.2738,,2022,10
202211,horticultura,IPCA - Horticultura,1.3011,,2022,11
202212,horticultura,IPCA - Horticultura,3.6977,,2022,12
202301,horticultura,IPCA - Horticultura,3.9481,,2023,1
202302,horticultura,IPCA - Horticultura,-1.2489,,2023,2
202303,horticultura,IPCA - Horticultura,-3.4857,,2023,3
202304,horticultura,IPCA - Horticultura,3.3754,,2023,4
202305,horticultura,IPCA - Horticultura,0.4285,,2023,5
202306,horticultura,IPCA - Horticultura,-1.7096,,2023,6
202307,horticultura,IPCA - Horticultura,0.0514,,2023,7
202308,horticultura,IPCA - Horticultura,-2.845,,2023,8
202309,horticultura,IPCA - Horticultura,-0.3423,,2023,9
202310,horticultura,IPCA - Horticultura,1.3193,,2023,10
202311,horticultura,IPCA - Horticultura,-1.39,,2023,11
202312,horticultura,IPCA - Horticultura,-1.4893,,2023,12
202401,horticultura,IPCA - Horticultura,-1.9131,,2024,1
202402,horticultura,IPCA - Horticultura,1.5122,,2024,2
202403,horticultura,IPCA - Horticultura,5.6638,,2024,3
202404,horticultura,IPCA - Horticultura,7.7591,,2024,4
202405,horticultura,IPCA - Horticultura,-0.6688,,2024,5
202406,horticultura,IPCA - Horticultura,-1.7707,,2024,6
202407,horticultura,IPCA - Horticultura,-2.8394,,2024,7
202408,horticultura,IPCA - Horticultura,-6.9443,,2024,8
202409,horticultura,IPCA - Horticultura,-2.3094,,2024,9
202410,horticultura,IPCA - Horticultura,4.1272,,2024,10
202411,horticultura,IPCA - Horticultura,3.5254,,2024,11
202412,horticultura,IPCA - Horticultura,1.479,,2024,12
201501,ipca_geral,IPCA - Geral,1.24,,2015,1
201502,ipca_geral,IPCA - Geral,1.22,,2015,2
201503,ipca_geral,IPCA - Geral,1.32,,2015,3
201504,ipca_geral,IPCA - Geral,0.71,,2015,4
201505,ipca_geral,IPCA - Geral,0.74,,2015,5
201506,ipca_geral,IPCA - Geral,0.79,,2015,6
201507,ipca_geral,IPCA - Geral,0.62,,2015,7
201508,ipca_geral,IPCA - Geral,0.22,,2015,8
201509,ipca_geral,IPCA - Geral,0.54,,2015,9
201510,ipca_geral,IPCA - Geral,0.82,,2015,10
201511,ipca_geral,IPCA - Geral,1.01,,2015,11
201512,ipca_geral,IPCA - Geral,0.96,,2015,12
201601,ipca_geral,IPCA - Geral,1.27,,2016,1
201602,ipca_geral,IPCA - Geral,0.9,,2016,2
201603,ipca_geral,IPCA - Geral,0.43,,2016,3
201604,ipca_geral,IPCA - Geral,0.61,,2016,4
201605,ipca_geral,IPCA - Geral,0.78,,2016,5
201606,ipca_geral,IPCA - Geral,0.35,,2016,6
201607,ipca_geral,IPCA - Geral,0.52,,2016,7
201608,ipca_geral,IPCA - Geral,0.44,,2016,8
201609,ipca_geral,IPCA - Geral,0.08,,2016,9
201610,ipca_geral,IPCA - Geral,0.26,,2016,10
201611,ipca_geral,IPCA - Geral,0.18,,2016,11
201612,ipca_geral,IPCA - Geral,0.3,,2016,12
201701,ipca_geral,IPCA - Geral,0.38,,2017,1
201702,ipca_geral,IPCA - Geral,0.33,,2017,2
201703,ipca_geral,IPCA - Geral,0.25,,2017,3
201704,ipca_geral,IPCA - Geral,0.14,,2017,4
201705,ipca_geral,IPCA - Geral,0.31,,2017,5
201706,ipca_geral,IPCA - Geral,-0.23,,2017,6
201707,ipca_geral,IPCA - Geral,0.24,,2017,7
201708,ipca_geral,IPCA - Geral,0.19,,2017,8
201709,ipca_geral,IPCA - Geral,0.16,,2017,9
201710,ipca_geral,IPCA - Geral,0.42,,2017,10
201711,ipca_geral,IPCA - Geral,0.28,,2017,11
201712,ipca_geral,IPCA - Geral,0.44,,2017,12
201801,ipca_geral,IPCA - Geral,0.29,,2018,1
201802,ipca_geral,IPCA - Geral,0.32,,2018,2
201803,ipca_geral,IPCA - Geral,0.09,,2018,3
201804,ipca_geral,IPCA - Geral,0.22,,2018,4
201805,ipca_geral,IPCA - Geral,0.4,,2018,5
201806,ipca_geral,IPCA - Geral,1.26,,2018,6
201807,ipca_geral,IPCA - Geral,0.33,,2018,7
201808,ipca_geral,IPCA - Geral,-0.09,,2018,8
201809,ipca_geral,IPCA - Geral,0.48,,2018,9
201810,ipca_geral,IPCA - Geral,0.45,,2018,10
201811,ipca_geral,IPCA - Geral,-0.21,,2018,11
201812,ipca_geral,IPCA - Geral,0.15,,2018,12
201901,ipca_geral,IPCA - Geral,0.32,,2019,1
201902,ipca_geral,IPCA - Geral,0.43,,2019,2
201903,ipca_geral,IPCA - Geral,0.75,,2019,3
201904,ipca_geral,IPCA - Geral,0.57,,2019,4
201905,ipca_geral,IPCA - Geral,0.13,,2019,5
201906,ipca_geral,IPCA - Geral,0.01,,2019,6
201907,ipca_geral,IPCA - Geral,0.19,,2019,7
201908,ipca_geral,IPCA - Geral,0.11,,2019,8
201909,ipca_geral,IPCA - Geral,-0.04,,2019,9
201910,ipca_geral,IPCA - Geral,0.1,,2019,10
201911,ipca_geral,IPCA - Geral,0.51,,2019,11
201912,ipca_geral,IPCA - Geral,1.15,,2019,12
202001,ipca_geral,IPCA - Geral,0.21,,2020,1
202002,ipca_geral,IPCA - Geral,0.25,,2020,2
202003,ipca_geral,IPCA - Geral,0.07,,2020,3
202004,ipca_geral,IPCA - Geral,-0.31,,2020,4
202005,ipca_geral,IPCA - Geral,-0.38,,2020,5
202006,ipca_geral,IPCA - Geral,0.26,,2020,6
202007,ipca_geral,IPCA - Geral,0.36,,2020,7
202008,ipca_geral,IPCA - Geral,0.24,,2020,8
202009,ipca_geral,IPCA - Geral,0.64,,2020,9
202010,ipca_geral,IPCA - Geral,0.86,,2020,10
202011,ipca_geral,IPCA - Geral,0.89,,2020,11
202012,ipca_geral,IPCA - Geral,1.35,,2020,12
202101,ipca_geral,IPCA - Geral,0.25,,2021,1
202102,ipca_geral,IPCA - Geral,0.86,,2021,2
202103,ipca_geral,IPCA - Geral,0.93,,2021,3
202104,ipca_geral,IPCA - Geral,0.31,,2021,4
202105,ipca_geral,IPCA - Geral,0.83,,2021,5
202106,ipca_geral,IPCA - Geral,0.53,,2021,6
202107,ipca_geral,IPCA - Geral,0.96,,2021,7
202108,ipca_geral,IPCA - Geral,0.87,,2021,8
202109,ipca_geral,IPCA - Geral,1.16,,2021,9
202110,ipca_geral,IPCA - Geral,1.25,,2021,10
202111,ipca_geral,IPCA - Geral,0.95,,2021,11
202112,ipca_geral,IPCA - Geral,0.73,,2021,12
202201,ipca_geral,IPCA - Geral,0.54,,2022,1
202202,ipca_geral,IPCA - Geral,1.01,,2022,2
202203,ipca_geral,IPCA - Geral,1.62,,2022,3
202204,ipca_geral,IPCA - Geral,1.06,,2022,4
202205,ipca_geral,IPCA - Geral,0.47,,2022,5
202206,ipca_geral,IPCA - Geral,0.67,,2022,6
202207,ipca_geral,IPCA - Geral,-0.68,,2022,7
202208,ipca_geral,IPCA - Geral,-0.36,,2022,8
202209,ipca_geral,IPCA - Geral,-0.29,,2022,9
202210,ipca_geral,IPCA - Geral,0.59,,2022,10
202211,ipca_geral,IPCA - Geral,0.41,,2022,11
202212,ipca_geral,IPCA - Geral,0.62,,2022,12
202301,ipca_geral,IPCA - Geral,0.53,,2023,1
202302,ipca_geral,IPCA - Geral,0.84,,2023,2
202303,ipca_geral,IPCA - Geral,0.71,,2023,3
202304,ipca_geral,IPCA - Geral,0.61,,2023,4
202305,ipca_geral,IPCA - Geral,0.23,,2023,5
202306,ipca_geral,IPCA - Geral,-0.08,,2023,6
202307,ipca_geral,IPCA - Geral,0.12,,2023,7
202308,ipca_geral,IPCA - Geral,0.23,,2023,8
202309,ipca_geral,IPCA - Geral,0.26,,2023,9
202310,ipca_geral,IPCA - Geral,0.24,,2023,10
202311,ipca_geral,IPCA - Geral,0.28,,2023,11
202312,ipca_geral,IPCA - Geral,0.56,,2023,12
202401,ipca_geral,IPCA - Geral,0.42,,2024,1
202402,ipca_geral,IPCA - Geral,0.83,,2024,2
202403,ipca_geral,IPCA - Geral,0.16,,2024,3
202404,ipca_geral,IPCA - Geral,0.38,,2024,4
202405,ipca_geral,IPCA - Geral,0.46,,2024,5
202406,ipca_geral,IPCA - Geral,0.21,,2024,6
202407,ipca_geral,IPCA - Geral,0.38,,2024,7
202408,ipca_geral,IPCA - Geral,-0.02,,2024,8
202409,ipca_geral,IPCA - Geral,0.44,,2024,9
202410,ipca_geral,IPCA - Geral,0.56,,2024,10
202411,ipca_geral,IPCA - Geral,0.39,,2024,11
202412,ipca_geral,IPCA - Geral,0.52,,2024,12
201501,leite,IPCA - Leite e derivados,6.8057,,2015,1
201502,leite,IPCA - Leite e derivados,1.2294,,2015,2
201503,leite,IPCA - Leite e derivados,0.439,,2015,3
201504,leite,IPCA - Leite e derivados,1.4976,,2015,4
201505,leite,IPCA - Leite e derivados,2.1702,,2015,5
201506,leite,IPCA - Leite e derivados,-4.8213,,2015,6
201507,leite,IPCA - Leite e derivados,1.8479,,2015,7
201508,leite,IPCA - Leite e derivados,-2.2028,,2015,8
201509,leite,IPCA - Leite e derivados,0.2282,,2015,9
201510,leite,IPCA - Leite e derivados,0.1242,,2015,10
201511,leite,IPCA - Leite e derivados,6.9638,,2015,11
201512,leite,IPCA - Leite e derivados,4.0642,,2015,12
201601,leite,IPCA - Leite e derivados,10.8275,,2016,1
201602,leite,IPCA - Leite e derivados,-4.1727,,2016,2
201603,leite,IPCA - Leite e derivados,2.136,,2016,3
201604,leite,IPCA - Leite e derivados,-2.3481,,2016,4
201605,leite,IPCA - Leite e derivados,2.3194,,2016,5
201606,leite,IPCA - Leite e derivados,4.2399,,2016,6
201607,leite,IPCA - Leite e derivados,-0.6388,,2016,7
201608,leite,IPCA - Leite e derivados,1.5457,,2016,8
201609,leite,IPCA - Leite e derivados,-1.883,,2016,9
201610,leite,IPCA - Leite e derivados,-0.7306,,2016,10
201611,leite,IPCA - Leite e derivados,-4.1986,,2016,11
201612,leite,IPCA - Leite e derivados,-1.5565,,2016,12
201701,leite,IPCA - Leite e derivados,-1.2593,,2017,1
201702,leite,IPCA - Leite e derivados,-3.0871,,2017,2
201703,leite,IPCA - Leite e derivados,2.0945,,2017,3
201704,leite,IPCA - Leite e derivados,3.0578,,2017,4
201705,leite,IPCA - Leite e derivados,-1.7012,,2017,5
201706,leite,IPCA - Leite e derivados,-4.0271,,2017,6
201707,leite,IPCA - Leite e derivados,2.3528,,2017,7
201708,leite,IPCA - Leite e derivados,-4.8581,,2017,8
201709,leite,IPCA - Leite e derivados,-0.8848,,2017,9
201710,leite,IPCA - Leite e derivados,1.1249,,2017,10
201711,leite,IPCA - Leite e derivados,-1.689,,2017,11
201712,leite,IPCA - Leite e derivados,0.5282,,2017,12
201801,leite,IPCA - Leite e derivados,5.0911,,2018,1
201802,leite,IPCA - Leite e derivados,0.4947,,2018,2
201803,leite,IPCA - Leite e derivados,-0.9872,,2018,3
201804,leite,IPCA - Leite e derivados,-0.4099,,2018,4
201805,leite,IPCA - Leite e derivados,-0.3904,,2018,5
201806,leite,IPCA - Leite e derivados,-0.3172,,2018,6
201807,leite,IPCA - Leite e derivados,-2.8455,,2018,7
201808,leite,IPCA - Leite e derivados,-1.4727,,2018,8
201809,leite,IPCA - Leite e derivados,0.2514,,2018,9
201810,leite,IPCA - Leite e derivados,3.8848,,2018,10
201811,leite,IPCA - Leite e derivados,7.8145,,2018,11
201812,leite,IPCA - Leite e derivados,1.6945,,2018,12
201901,leite,IPCA - Leite e derivados,-0.8099,,2019,1
201902,leite,IPCA - Leite e derivados,4.8347,,2019,2
201903,leite,IPCA - Leite e derivados,4.2965,,2019,3
201904,leite,IPCA - Leite e derivados,3.0795,,2019,4
201905,leite,IPCA - Leite e derivados,-7.0167,,2019,5
201906,leite,IPCA - Leite e derivados,1.0474,,2019,6
201907,leite,IPCA - Leite e derivados,-3.324,,2019,7
201908,leite,IPCA - Leite e derivados,-3.3467,,2019,8
201909,leite,IPCA - Leite e derivados,-2.5452,,2019,9
201910,leite,IPCA - Leite e derivados,0.2353,,2019,10
201911,leite,IPCA - Leite e derivados,0.4415,,2019,11
201912,leite,IPCA - Leite e derivados,13.0418,,2019,12
202001,leite,IPCA - Leite e derivados,2.5713,,2020,1
202002,leite,IPCA - Leite e derivados,0.6026,,2020,2
202003,leite,IPCA - Leite e derivados,0.4748,,2020,3
202004,leite,IPCA - Leite e derivados,5.0447,,2020,4
202005,leite,IPCA - Leite e derivados,-0.1094,,2020,5
202006,leite,IPCA - Leite e derivados,-1.8243,,2020,6
202007,leite,IPCA - Leite e derivados,-2.1318,,2020,7
202008,leite,IPCA - Leite e derivados,2.7975,,2020,8
202009,leite,IPCA - Leite e derivados,2.8343,,2020,9
202010,leite,IPCA - Leite e derivados,5.1259,,2020,10
202011,leite,IPCA - Leite e derivados,6.8786,,2020,11
202012,leite,IPCA - Leite e derivados,2.9256,,2020,12
202101,leite,IPCA - Leite e derivados,4.1739,,2021,1
202102,leite,IPCA - Leite e derivados,-3.1625,,2021,2
202103,leite,IPCA - Leite e derivados,-3.114,,2021,3
202104,leite,IPCA - Leite e derivados,1.8194,,2021,4
202106,leite,IPCA - Leite e derivados,-5.9688,,2021,6
202107,leite,IPCA - Leite e derivados,3.2857,,2021,7
202108,leite,IPCA - Leite e derivados,2.4495,,2021,8
202109,leite,IPCA - Leite e derivados,3.4923,,2021,9
202110,leite,IPCA - Leite e derivados,2.7772,,2021,10
202111,leite,IPCA - Leite e derivados,-0.638,,2021,11
202112,leite,IPCA - Leite e derivados,1.7127,,2021,12
202201,leite,IPCA - Leite e derivados,4.5723,,2022,1
202202,leite,IPCA - Leite e derivados,1.4506,,2022,2
202203,leite,IPCA - Leite e derivados,4.2772,,2022,3
202204,leite,IPCA - Leite e derivados,3.576,,2022,4
202205,leite,IPCA - Leite e derivados,-5.8104,,2022,5
202206,leite,IPCA - Leite e derivados,-0.666,,2022,6
202207,leite,IPCA - Leite e derivados,0.5087,,2022,7
202208,leite,IPCA - Leite e derivados,-2.1286,,2022,8
202209,leite,IPCA - Leite e derivados,1.8756,,2022,9
202210,leite,IPCA - Leite e derivados,1.878,,2022,10
202211,leite,IPCA - Leite e derivados,4.6802,,2022,11
202212,leite,IPCA - Leite e derivados,0.4255,,2022,12
202301,leite,IPCA - Leite e derivados,1.6673,,2023,1
202302,leite,IPCA - Leite e derivados,-3.9651,,2023,2
202303,leite,IPCA - Leite e derivados,-3.7199,,2023,3
202304,leite,IPCA - Leite e derivados,2.1984,,2023,4
202305,leite,IPCA - Leite e derivados,-0.3199,,2023,5
202306,leite,IPCA - Leite e derivados,-1.6196,,2023,6
202307,leite,IPCA - Leite e derivados,-0.4939,,2023,7
202308,leite,IPCA - Leite e derivados,-1.0356,,2023,8
202309,leite,IPCA - Leite e derivados,-1.8947,,2023,9
202310,leite,IPCA - Leite e derivados,-0.9562,,2023,10
202311,leite,IPCA - Leite e derivados,1.9053,,2023,11
202312,leite,IPCA - Leite e derivados,2.5966,,2023,12
202401,leite,IPCA - Leite e derivados,10.4283,,2024,1
202402,leite,IPCA - Leite e derivados,0.3767,,2024,2
202403,leite,IPCA - Leite e derivados,-2.0551,,2024,3
202404,leite,IPCA - Leite e derivados,0.0267,,2024,4
202405,leite,IPCA - Leite e derivados,-2.7094,,2024,5
202406,leite,IPCA - Leite e derivados,1.1768,,2024,6
202407,leite,IPCA - Leite e derivados,-6.3944,,2024,7
202408,leite,IPCA - Leite e derivados,-0.2193,,2024,8
202409,leite,IPCA - Leite e derivados,-0.5815,,2024,9
202410,leite,IPCA - Leite e derivados,4.0879,,2024,10
202411,leite,IPCA - Leite e derivados,1.3022,,2024,11
202412,leite,IPCA - Leite e derivados,1.1457,,2024,12
201501,oleos,IPCA - Oleos e gorduras,3.2935,,2015,1
201502,oleos,IPCA - Oleos e gorduras,4.3558,,2015,2
201503,oleos,IPCA - Oleos e gorduras,-0.1519,,2015,3
201504,oleos,IPCA - Oleos e gorduras,3.9833,,2015,4
201505,oleos,IPCA - Oleos e gorduras,3.8839,,2015,5
201506,oleos,IPCA - Oleos e gorduras,-3.0889,,2015,6
201507,oleos,IPCA - Oleos e gorduras,-3.0321,,2015,7
201508,oleos,IPCA - Oleos e gorduras,-2.4593,,2015,8
201509,oleos,IPCA - Oleos e gorduras,-1.2711,,2015,9
201510,oleos,IPCA - Oleos e gorduras,0.9727,,2015,10
201511,oleos,IPCA - Oleos e gorduras,5.8395,,2015,11
201512,oleos,IPCA - Oleos e gorduras,2.575,,2015,12
201601,oleos,IPCA - Oleos e gorduras,6.221,,2016,1
201602,oleos,IPCA - Oleos e gorduras,0.7868,,2016,2
201603,oleos,IPCA - Oleos e gorduras,-1.7511,,2016,3
201604,oleos,IPCA - Oleos e gorduras,2.6106,,2016,4
201605,oleos,IPCA - Oleos e gorduras,0.8969,,2016,5
201606,oleos,IPCA - Oleos e gorduras,4.3349,,2016,6
201607,oleos,IPCA - Oleos e gorduras,2.9848,,2016,7
201608,oleos,IPCA - Oleos e gorduras,0.7804,,2016,8
201609,oleos,IPCA - Oleos e gorduras,0.5691,,2016,9
201610,oleos,IPCA - Oleos e gorduras,-0.1741,,2016,10
201611,oleos,IPCA - Oleos e gorduras,-3.3551,,2016,11
201612,oleos,IPCA - Oleos e gorduras,-0.7417,,2016,12
201701,oleos,IPCA - Oleos e gorduras,-0.6677,,2017,1
201702,oleos,IPCA - Oleos e gorduras,0.5921,,2017,2
201703,oleos,IPCA - Oleos e gorduras,3.5373,,2017,3
201704,oleos,IPCA - Oleos e gorduras,1.3018,,2017,4
201705,oleos,IPCA - Oleos e gorduras,-1.0546,,2017,5
201706,oleos,IPCA - Oleos e gorduras,-2.918,,2017,6
201707,oleos,IPCA - Oleos e gorduras,1.0809,,2017,7
201708,oleos,IPCA - Oleos e gorduras,-6.1511,,2017,8
201709,oleos,IPCA - Oleos e gorduras,-3.6356,,2017,9
201710,oleos,IPCA - Oleos e gorduras,0.3674,,2017,10
201711,oleos,IPCA - Oleos e gorduras,0.9597,,2017,11
201712,oleos,IPCA - Oleos e gorduras,0.9049,,2017,12
201801,oleos,IPCA - Oleos e gorduras,8.8472,,2018,1
201802,oleos,IPCA - Oleos e gorduras,-3.1957,,2018,2
201803,oleos,IPCA - Oleos e gorduras,-1.6334,,2018,3
201804,oleos,IPCA - Oleos e gorduras,-1.6285,,2018,4
201805,oleos,IPCA - Oleos e gorduras,1.0395,,2018,5
201806,oleos,IPCA - Oleos e gorduras,2.9105,,2018,6
201807,oleos,IPCA - Oleos e gorduras,-2.8538,,2018,7
201808,oleos,IPCA - Oleos e gorduras,-1.6066,,2018,8
201809,oleos,IPCA - Oleos e gorduras,-1.5822,,2018,9
201810,oleos,IPCA - Oleos e gorduras,-0.1211,,2018,10
201811,oleos,IPCA - Oleos e gorduras,0.7002,,2018,11
201812,oleos,IPCA - Oleos e gorduras,2.7663,,2018,12
201901,oleos,IPCA - Oleos e gorduras,3.0551,,2019,1
201902,oleos,IPCA - Oleos e gorduras,6.7504,,2019,2
201903,oleos,IPCA - Oleos e gorduras,6.2384,,2019,3
201904,oleos,IPCA - Oleos e gorduras,2.7794,,2019,4
201905,oleos,IPCA - Oleos e gorduras,-0.9827,,2019,5
201906,oleos,IPCA - Oleos e gorduras,-2.1745,,2019,6
201907,oleos,IPCA - Oleos e gorduras,-4.0202,,2019,7
201908,oleos,IPCA - Oleos e gorduras,-7.037,,2019,8
201909,oleos,IPCA - Oleos e gorduras,-0.5276,,2019,9
201910,oleos,IPCA - Oleos e gorduras,-3.0263,,2019,10
201911,oleos,IPCA - Oleos e gorduras,1.752,,2019,11
201912,oleos,IPCA - Oleos e gorduras,10.3107,,2019,12
202001,oleos,IPCA - Oleos e gorduras,1.4332,,2020,1
202002,oleos,IPCA - Oleos e gorduras,4.2696,,2020,2
202003,oleos,IPCA - Oleos e gorduras,4.9571,,2020,3
202004,oleos,IPCA - Oleos e gorduras,0.5352,,2020,4
202005,oleos,IPCA - Oleos e gorduras,0.3012,,2020,5
202006,oleos,IPCA - Oleos e gorduras,3.0007,,2020,6
202007,oleos,IPCA - Oleos e gorduras,-2.6669,,2020,7
202008,oleos,IPCA - Oleos e gorduras,-2.5983,,2020,8
202009,oleos,IPCA - Oleos e gorduras,0.677,,2020,9
202010,oleos,IPCA - Oleos e gorduras,3.4217,,2020,10
202011,oleos,IPCA - Oleos e gorduras,4.2747,,2020,11
202012,oleos,IPCA - Oleos e gorduras,0.7378,,2020,12
202101,oleos,IPCA - Oleos e gorduras,-0.9372,,2021,1
202102,oleos,IPCA - Oleos e gorduras,2.1871,,2021,2
202103,oleos,IPCA - Oleos e gorduras,2.8271,,2021,3
202104,oleos,IPCA - Oleos e gorduras,0.1403,,2021,4
202105,oleos,IPCA - Oleos e gorduras,4.9077,,2021,5
202106,oleos,IPCA - Oleos e gorduras,-0.299,,2021,6
202107,oleos,IPCA - Oleos e gorduras,1.2615,,2021,7
202108,oleos,IPCA - Oleos e gorduras,0.3021,,2021,8
202109,oleos,IPCA - Oleos e gorduras,-2.9033,,2021,9
202110,oleos,IPCA - Oleos e gorduras,2.3049,,2021,10
202111,oleos,IPCA - Oleos e gorduras,3.2537,,2021,11
202112,oleos,IPCA - Oleos e gorduras,1.6236,,2021,12
202201,oleos,IPCA - Oleos e gorduras,4.0639,,2022,1
202202,oleos,IPCA - Oleos e gorduras,1.1142,,2022,2
202203,oleos,IPCA - Oleos e gorduras,3.2538,,2022,3
202204,oleos,IPCA - Oleos e gorduras,3.4832,,2022,4
202205,oleos,IPCA - Oleos e gorduras,-1.5033,,2022,5
202206,oleos,IPCA - Oleos e gorduras,4.3263,,2022,6
202207,oleos,IPCA - Oleos e gorduras,-3.9572,,2022,7
202208,oleos,IPCA - Oleos e gorduras,-1.1641,,2022,8
202209,oleos,IPCA - Oleos e gorduras,0.136,,2022,9
202210,oleos,IPCA - Oleos e gorduras,-1.398,,2022,10
202211,oleos,IPCA - Oleos e gorduras,-1.1249,,2022,11
202212,oleos,IPCA - Oleos e gorduras,3.0708,,2022,12
202301,oleos,IPCA - Oleos e gorduras,6.4686,,2023,1
202302,oleos,IPCA - Oleos e gorduras,0.6413,,2023,2
202303,oleos,IPCA - Oleos e gorduras,-1.7759,,2023,3
202304,oleos,IPCA - Oleos e gorduras,-1.478,,2023,4
202305,oleos,IPCA - Oleos e gorduras,-0.6238,,2023,5
202306,oleos,IPCA - Oleos e gorduras,5.0003,,2023,6
202307,oleos,IPCA - Oleos e gorduras,-2.9465,,2023,7
202308,oleos,IPCA - Oleos e gorduras,-5.2897,,2023,8
202309,oleos,IPCA - Oleos e gorduras,3.0645,,2023,9
202310,oleos,IPCA - Oleos e gorduras,-2.8164,,2023,10
202311,oleos,IPCA - Oleos e gorduras,-2.5459,,2023,11
202312,oleos,IPCA - Oleos e gorduras,-1.9813,,2023,12
202401,oleos,IPCA - Oleos e gorduras,3.5338,,2024,1
202402,oleos,IPCA - Oleos e gorduras,0.6253,,2024,2
202403,oleos,IPCA - Oleos e gorduras,4.4916,,2024,3
202404,oleos,IPCA - Oleos e gorduras,4.4439,,2024,4
202405,oleos,IPCA - Oleos e gorduras,1.2448,,2024,5
202406,oleos,IPCA - Oleos e gorduras,-6.3756,,2024,6
202407,oleos,IPCA - Oleos e gorduras,-4.0331,,2024,7
202408,oleos,IPCA - Oleos e gorduras,-3.3802,,2024,8
202409,oleos,IPCA - Oleos e gorduras,-0.3023,,2024,9
202410,oleos,IPCA - Oleos e gorduras,4.0126,,2024,10
202411,oleos,IPCA - Oleos e gorduras,3.004,,2024,11
202412,oleos,IPCA - Oleos e gorduras,4.0065,,2024,12
201501,panificados,IPCA - Panificados,7.262,,2015,1
201502,panificados,IPCA - Panificados,0.5939,,2015,2
201503,panificados,IPCA - Panificados,-1.0599,,2015,3
201504,panificados,IPCA - Panificados,1.7248,,2015,4
201505,panificados,IPCA - Panificados,3.4162,,2015,5
201506,panificados,IPCA - Panificados,-2.8685,,2015,6
201507,panificados,IPCA - Panificados,-1.2986,,2015,7
201508,panificados,IPCA - Panificados,-3.4597,,2015,8
201509,panificados,IPCA - Panificados,-1.2782,,2015,9
201510,panificados,IPCA - Panificados,2.0989,,2015,10
201511,panificados,IPCA - Panificados,9.2246,,2015,11
201512,panificados,IPCA - Panificados,4.1592,,2015,12
201601,panificados,IPCA - Panificados,14.9721,,2016,1
201602,panificados,IPCA - Panificados,-2.8931,,2016,2
201603,panificados,IPCA - Panificados,1.3791,,2016,3
201604,panificados,IPCA - Panificados,-3.8359,,2016,4
201605,panificados,IPCA - Panificados,3.2548,,2016,5
201606,panificados,IPCA - Panificados,1.5399,,2016,6
201607,panificados,IPCA - Panificados,-0.2319,,2016,7
201608,panificados,IPCA - Panificados,0.8785,,2016,8
201609,panificados,IPCA - Panificados,2.371,,2016,9
201610,panificados,IPCA - Panificados,-5.4417,,2016,10
201611,panificados,IPCA - Panificados,-0.0389,,2016,11
201612,panificados,IPCA - Panificados,-1.1381,,2016,12
201701,panificados,IPCA - Panificados,0.2177,,2017,1
201702,panificados,IPCA - Panificados,-3.712,,2017,2
201703,panificados,IPCA - Panificados,-0.2881,,2017,3
201704,panificados,IPCA - Panificados,2.884,,2017,4
201705,panificados,IPCA - Panificados,-1.1325,,2017,5
201706,panificados,IPCA - Panificados,-4.1772,,2017,6
201707,panificados,IPCA - Panificados,0.1284,,2017,7
201708,panificados,IPCA - Panificados,-2.1855,,2017,8
201709,panificados,IPCA - Panificados,-3.407,,2017,9
201710,panificados,IPCA - Panificados,1.5012,,2017,10
201711,panificados,IPCA - Panificados,-2.1246,,2017,11
201712,panificados,IPCA - Panificados,-0.1971,,2017,12
201801,panificados,IPCA - Panificados,9.6716,,2018,1
201802,panificados,IPCA - Panificados,-1.8776,,2018,2
201803,panificados,IPCA - Panificados,-0.9983,,2018,3
201804,panificados,IPCA - Panificados,-0.566,,2018,4
201805,panificados,IPCA - Panificados,0.5816,,2018,5
201806,panificados,IPCA - Panificados,2.0685,,2018,6
201807,panificados,IPCA - Panificados,-5.4913,,2018,7
201808,panificados,IPCA - Panificados,-1.2092,,2018,8
201809,panificados,IPCA - Panificados,1.1721,,2018,9
201810,panificados,IPCA - Panificados,4.7239,,2018,10
201811,panificados,IPCA - Panificados,5.4458,,2018,11
201812,panificados,IPCA - Panificados,1.1629,,2018,12
201901,panificados,IPCA - Panificados,-2.0031,,2019,1
201902,panificados,IPCA - Panificados,0.103,,2019,2
201903,panificados,IPCA - Panificados,11.0867,,2019,3
201904,panificados,IPCA - Panificados,2.5435,,2019,4
201905,panificados,IPCA - Panificados,0.0575,,2019,5
201906,panificados,IPCA - Panificados,-6.6489,,2019,6
201907,panificados,IPCA - Panificados,-1.2376,,2019,7
201908,panificados,IPCA - Panificados,-3.5213,,2019,8
201909,panificados,IPCA - Panificados,-3.1007,,2019,9
201910,panificados,IPCA - Panificados,5.2142,,2019,10
201912,panificados,IPCA - Panificados,7.239,,2019,12
202001,panificados,IPCA - Panificados,1.9561,,2020,1
202002,panificados,IPCA - Panificados,-0.2877,,2020,2
202003,panificados,IPCA - Panificados,0.4919,,2020,3
202004,panificados,IPCA - Panificados,-2.681,,2020,4
202005,panificados,IPCA - Panificados,-6.3841,,2020,5
202006,panificados,IPCA - Panificados,2.122,,2020,6
202007,panificados,IPCA - Panificados,-0.1088,,2020,7
202008,panificados,IPCA - Panificados,-1.4846,,2020,8
202009,panificados,IPCA - Panificados,0.5595,,2020,9
202010,panificados,IPCA - Panificados,10.0323,,2020,10
202011,panificados,IPCA - Panificados,16.7509,,2020,11
202012,panificados,IPCA - Panificados,3.3494,,2020,12
202101,panificados,IPCA - Panificados,3.8001,,2021,1
202102,panificados,IPCA - Panificados,-3.7229,,2021,2
202103,panificados,IPCA - Panificados,-1.8058,,2021,3
202104,panificados,IPCA - Panificados,1.1313,,2021,4
202105,panificados,IPCA - Panificados,0.1549,,2021,5
202106,panificados,IPCA - Panificados,-0.5525,,2021,6
202107,panificados,IPCA - Panificados,-0.4513,,2021,7
202108,panificados,IPCA - Panificados,2.1018,,2021,8
202109,panificados,IPCA - Panificados,3.8783,,2021,9
202110,panificados,IPCA - Panificados,4.2807,,2021,10
202111,panificados,IPCA - Panificados,-1.8848,,2021,11
202112,panificados,IPCA - Panificados,-1.6441,,2021,12
202201,panificados,IPCA - Panificados,6.3598,,2022,1
202202,panificados,IPCA - Panificados,1.496,,2022,2
202203,panificados,IPCA - Panificados,5.018,,2022,3
202204,panificados,IPCA - Panificados,5.2366,,2022,4
202205,panificados,IPCA - Panificados,-6.0967,,2022,5
202206,panificados,IPCA - Panificados,0.2901,,2022,6
202207,panificados,IPCA - Panificados,0.7976,,2022,7
202208,panificados,IPCA - Panificados,-2.0769,,2022,8
202209,panificados,IPCA - Panificados,-0.3047,,2022,9
202210,panificados,IPCA - Panificados,1.7287,,2022,10
202211,panificados,IPCA - Panificados,1.8753,,2022,11
202212,panificados,IPCA - Panificados,2.328,,2022,12
202301,panificados,IPCA - Panificados,0.1304,,2023,1
202302,panificados,IPCA - Panificados,-1.369,,2023,2
202303,panificados,IPCA - Panificados,-3.6708,,2023,3
202304,panificados,IPCA - Panificados,3.4284,,2023,4
202305,panificados,IPCA - Panificados,-1.9049,,2023,5
202306,panificados,IPCA - Panificados,-2.2888,,2023,6
202307,panificados,IPCA - Panificados,0.0364,,2023,7
202308,panificados,IPCA - Panificados,0.3491,,2023,8
202309,panificados,IPCA - Panificados,-4.0262,,2023,9
202310,panificados,IPCA - Panificados,-2.1806,,2023,10
202311,panificados,IPCA - Panificados,3.0598,,2023,11
202312,panificados,IPCA - Panificados,4.6676,,2023,12
202401,panificados,IPCA - Panificados,6.2656,,2024,1
202402,panificados,IPCA - Panificados,-0.0822,,2024,2
202403,panificados,IPCA - Panificados,0.7777,,2024,3
202404,panificados,IPCA - Panificados,-2.6388,,2024,4
202405,panificados,IPCA - Panificados,1.294,,2024,5
202406,panificados,IPCA - Panificados,0.2116,,2024,6
202407,panificados,IPCA - Panificados,-6.0385,,2024,7
202408,panificados,IPCA - Panificados,-3.0491,,2024,8
202409,panificados,IPCA - Panificados,1.392,,2024,9
202410,panificados,IPCA - Panificados,4.1816,,2024,10
202411,panificados,IPCA - Panificados,4.3879,,2024,11
202412,panificados,IPCA - Panificados,0.1266,,2024,12
201501,tuberculos,"IPCA - Tuberculos, raizes e legumes",2.1354,,2015,1
201502,tuberculos,"IPCA - Tuberculos, raizes e legumes",-0.244,,2015,2
201503,tuberculos,"IPCA - Tuberculos, raizes e legumes",-0.4503,,2015,3
201504,tuberculos,"IPCA - Tuberculos, raizes e legumes",2.8425,,2015,4
201505,tuberculos,"IPCA - Tuberculos, raizes e legumes",7.0509,,2015,5
201506,tuberculos,"IPCA - Tuberculos, raizes e legumes",-2.0772,,2015,6
201507,tuberculos,"IPCA - Tuberculos, raizes e legumes",-2.4372,,2015,7
201508,tuberculos,"IPCA - Tuberculos, raizes e legumes",-1.0353,,2015,8
201509,tuberculos,"IPCA - Tuberculos, raizes e legumes",2.7656,,2015,9
201510,tuberculos,"IPCA - Tuberculos, raizes e legumes",-1.2138,,2015,10
201511,tuberculos,"IPCA - Tuberculos, raizes e legumes",3.5408,,2015,11
201512,tuberculos,"IPCA - Tuberculos, raizes e legumes",5.6833,,2015,12
201601,tuberculos,"IPCA - Tuberculos, raizes e legumes",5.5829,,2016,1
201602,tuberculos,"IPCA - Tuberculos, raizes e legumes",-1.498,,2016,2
201603,tuberculos,"IPCA - Tuberculos, raizes e legumes",2.4078,,2016,3
201604,tuberculos,"IPCA - Tuberculos, raizes e legumes",-0.5668,,2016,4
201605,tuberculos,"IPCA - Tuberculos, raizes e legumes",-4.0884,,2016,5
201606,tuberculos,"IPCA - Tuberculos, raizes e legumes",10.13,,2016,6
201607,tuberculos,"IPCA - Tuberculos, raizes e legumes",-4.3455,,2016,7
201608,tuberculos,"IPCA - Tuberculos, raizes e legumes",3.1595,,2016,8
201609,tuberculos,"IPCA - Tuberculos, raizes e legumes",-1.7633,,2016,9
201610,tuberculos,"IPCA - Tuberculos, raizes e legumes",5.8501,,2016,10
201611,tuberculos,"IPCA - Tuberculos, raizes e legumes",-1.9082,,2016,11
201612,tuberculos,"IPCA - Tuberculos, raizes e legumes",-2.6702,,2016,12
201701,tuberculos,"IPCA - Tuberculos, raizes e legumes",-2.6179,,2017,1
201702,tuberculos,"IPCA - Tuberculos, raizes e legumes",-1.7605,,2017,2
201703,tuberculos,"IPCA - Tuberculos, raizes e legumes",-0.1013,,2017,3
201704,tuberculos,"IPCA - Tuberculos, raizes e legumes",4.5746,,2017,4
201705,tuberculos,"IPCA - Tuberculos, raizes e legumes",-1.5478,,2017,5
201706,tuberculos,"IPCA - Tuberculos, raizes e legumes",-3.1622,,2017,6
201707,tuberculos,"IPCA - Tuberculos, raizes e legumes",1.7276,,2017,7
201708,tuberculos,"IPCA - Tuberculos, raizes e legumes",-3.085,,2017,8
201709,tuberculos,"IPCA - Tuberculos, raizes e legumes",-1.6725,,2017,9
201710,tuberculos,"IPCA - Tuberculos, raizes e legumes",-0.6584,,2017,10
201711,tuberculos,"IPCA - Tuberculos, raizes e legumes",-0.3386,,2017,11
201712,tuberculos,"IPCA - Tuberculos, raizes e legumes",0.8699,,2017,12
201801,tuberculos,"IPCA - Tuberculos, raizes e legumes",2.8451,,2018,1
201802,tuberculos,"IPCA - Tuberculos, raizes e legumes",-1.2706,,2018,2
201803,tuberculos,"IPCA - Tuberculos, raizes e legumes",0.4094,,2018,3
201804,tuberculos,"IPCA - Tuberculos, raizes e legumes",-0.0141,,2018,4
201805,tuberculos,"IPCA - Tuberculos, raizes e legumes",3.4893,,2018,5
201806,tuberculos,"IPCA - Tuberculos, raizes e legumes",-3.6955,,2018,6
201807,tuberculos,"IPCA - Tuberculos, raizes e legumes",-2.3583,,2018,7
201808,tuberculos,"IPCA - Tuberculos, raizes e legumes",3.8601,,2018,8
201809,tuberculos,"IPCA - Tuberculos, raizes e legumes",0.9668,,2018,9
201810,tuberculos,"IPCA - Tuberculos, raizes e legumes",3.417,,2018,10
201811,tuberculos,"IPCA - Tuberculos, raizes e legumes",1.0037,,2018,11
201812,tuberculos,"IPCA - Tuberculos, raizes e legumes",0.6485,,2018,12
201901,tuberculos,"IPCA - Tuberculos, raizes e legumes",-4.4275,,2019,1
201902,tuberculos,"IPCA - Tuberculos, raizes e legumes",0.9919,,2019,2
201903,tuberculos,"IPCA - Tuberculos, raizes e legumes",7.2824,,2019,3
201904,tuberculos,"IPCA - Tuberculos, raizes e legumes",1.736,,2019,4
201905,tuberculos,"IPCA - Tuberculos, raizes e legumes",1.1673,,2019,5
201906,tuberculos,"IPCA - Tuberculos, raizes e legumes",1.4408,,2019,6
201907,tuberculos,"IPCA - Tuberculos, raizes e legumes",-2.3759,,2019,7
201908,tuberculos,"IPCA - Tuberculos, raizes e legumes",-3.9238,,2019,8
201909,tuberculos,"IPCA - Tuberculos, raizes e legumes",-2.0033,,2019,9
201910,tuberculos,"IPCA - Tuberculos, raizes e legumes",0.7342,,2019,10
201911,tuberculos,"IPCA - Tuberculos, raizes e legumes",4.4514,,2019,11
201912,tuberculos,"IPCA - Tuberculos, raizes e legumes",6.8981,,2019,12
202001,tuberculos,"IPCA - Tuberculos, raizes e legumes",-4.4108,,2020,1
202002,tuberculos,"IPCA - Tuberculos, raizes e legumes",0.8219,,2020,2
202003,tuberculos,"IPCA - Tuberculos, raizes e legumes",4.8626,,2020,3
202004,tuberculos,"IPCA - Tuberculos, raizes e legumes",1.2898,,2020,4
202005,tuberculos,"IPCA - Tuberculos, raizes e legumes",0.0515,,2020,5
202006,tuberculos,"IPCA - Tuberculos, raizes e legumes",-1.3548,,2020,6
202007,tuberculos,"IPCA - Tuberculos, raizes e legumes",0.9788,,2020,7
202008,tuberculos,"IPCA - Tuberculos, raizes e legumes",1.6072,,2020,8
202009,tuberculos,"IPCA - Tuberculos, raizes e legumes",9.7998,,2020,9
202010,tuberculos,"IPCA - Tuberculos, raizes e legumes",0.4052,,2020,10
202011,tuberculos,"IPCA - Tuberculos, raizes e legumes",5.51,,2020,11
202012,tuberculos,"IPCA - Tuberculos, raizes e legumes",-0.2285,,2020,12
202101,tuberculos,"IPCA - Tuberculos, raizes e legumes",5.8157,,2021,1
202102,tuberculos,"IPCA - Tuberculos, raizes e legumes",-1.7747,,2021,2
202103,tuberculos,"IPCA - Tuberculos, raizes e legumes",-1.1035,,2021,3
202104,tuberculos,"IPCA - Tuberculos, raizes e legumes",0.2813,,2021,4
202105,tuberculos,"IPCA - Tuberculos, raizes e legumes",0.29,,2021,5
202106,tuberculos,"IPCA - Tuberculos, raizes e legumes",1.4158,,2021,6
202107,tuberculos,"IPCA - Tuberculos, raizes e legumes",1.4023,,2021,7
202108,tuberculos,"IPCA - Tuberculos, raizes e legumes",0.6983,,2021,8
202109,tuberculos,"IPCA - Tuberculos, raizes e legumes",0.5842,,2021,9
202110,tuberculos,"IPCA - Tuberculos, raizes e legumes",5.7087,,2021,10
202111,tuberculos,"IPCA - Tuberculos, raizes e legumes",1.4043,,2021,11
202112,tuberculos,"IPCA - Tuberculos, raizes e legumes",-2.9513,,2021,12
202201,tuberculos,"IPCA - Tuberculos, raizes e legumes",0.8745,,2022,1
202202,tuberculos,"IPCA - Tuberculos, raizes e legumes",1.7208,,2022,2
202203,tuberculos,"IPCA - Tuberculos, raizes e legumes",5.3578,,2022,3
202204,tuberculos,"IPCA - Tuberculos, raizes e legumes",5.7051,,2022,4
202205,tuberculos,"IPCA - Tuberculos, raizes e legumes",-2.0216,,2022,5
202206,tuberculos,"IPCA - Tuberculos, raizes e legumes",-1.5102,,2022,6
202207,tuberculos,"IPCA - Tuberculos, raizes e legumes",-0.8785,,2022,7
202208,tuberculos,"IPCA - Tuberculos, raizes e legumes",-0.9977,,2022,8
202209,tuberculos,"IPCA - Tuberculos, raizes e legumes",0.0456,,2022,9
202210,tuberculos,"IPCA - Tuberculos, raizes e legumes",0.9738,,2022,10
202211,tuberculos,"IPCA - Tuberculos, raizes e legumes",2.9609,,2022,11
202212,tuberculos,"IPCA - Tuberculos, raizes e legumes",-0.8955,,2022,12
202301,tuberculos,"IPCA - Tuberculos, raizes e legumes",-1.1103,,2023,1
202302,tuberculos,"IPCA - Tuberculos, raizes e legumes",-1.8011,,2023,2
202303,tuberculos,"IPCA - Tuberculos, raizes e legumes",-0.6319,,2023,3
202304,tuberculos,"IPCA - Tuberculos, raizes e legumes",3.6539,,2023,4
202305,tuberculos,"IPCA - Tuberculos, raizes e legumes",-0.5485,,2023,5
202306,tuberculos,"IPCA - Tuberculos, raizes e legumes",0.8378,,2023,6
202307,tuberculos,"IPCA - Tuberculos, raizes e legumes",-3.2247,,2023,7
202308,tuberculos,"IPCA - Tuberculos, raizes e legumes",-0.3643,,2023,8
202309,tuberculos,"IPCA - Tuberculos, raizes e legumes",0.4974,,2023,9
202310,tuberculos,"IPCA - Tuberculos, raizes e legumes",-1.1864,,2023,10
202311,tuberculos,"IPCA - Tuberculos, raizes e legumes",1.1939,,2023,11
202312,tuberculos,"IPCA - Tuberculos, raizes e legumes",1.4594,,2023,12
202401,tuberculos,"IPCA - Tuberculos, raizes e legumes",5.5122,,2024,1
202402,tuberculos,"IPCA - Tuberculos, raizes e legumes",-2.1179,,2024,2
202403,tuberculos,"IPCA - Tuberculos, raizes e legumes",1.0021,,2024,3
202404,tuberculos,"IPCA - Tuberculos, raizes e legumes",-1.2234,,2024,4
202405,tuberculos,"IPCA - Tuberculos, raizes e legumes",2.4951,,2024,5
202406,tuberculos,"IPCA - Tuberculos, raizes e legumes",1.8763,,2024,6
202407,tuberculos,"IPCA - Tuberculos, raizes e legumes",-4.0843,,2024,7
202408,tuberculos,"IPCA - Tuberculos, raizes e legumes",-3.3754,,2024,8
202409,tuberculos,"IPCA - Tuberculos, raizes e legumes",1.5893,,2024,9
202410,tuberculos,"IPCA - Tuberculos, raizes e legumes",3.7237,,2024,10
202411,tuberculos,"IPCA - Tuberculos, raizes e legumes",0.3363,,2024,11
202412,tuberculos,"IPCA - Tuberculos, raizes e legumes",1.2306,,2024,12
