periodo,ano,mes,capital,estado,regiao,cod_bcb,variacao_mensal_pct
201501,2015,1,Brasil,BR,Nacional,433,1.24
201502,2015,2,Brasil,BR,Nacional,433,1.22
201503,2015,3,Brasil,BR,Nacional,433,1.32
201504,2015,4,Brasil,BR,Nacional,433,0.71
201505,2015,5,Brasil,BR,Nacional,433,0.74
201506,2015,6,Brasil,BR,Nacional,433,0.79
201507,2015,7,Brasil,BR,Nacional,433,0.62
201508,2015,8,Brasil,BR,Nacional,433,0.22
201509,2015,9,Brasil,BR,Nacional,433,0.54
201510,2015,10,Brasil,BR,Nacional,433,0.82
201511,2015,11,Brasil,BR,Nacional,433,1.01
201512,2015,12,Brasil,BR,Nacional,433,0.96
201601,2016,1,Brasil,BR,Nacional,433,1.27
201602,2016,2,Brasil,BR,Nacional,433,0.9
201603,2016,3,Brasil,BR,Nacional,433,0.43
201604,2016,4,Brasil,BR,Nacional,433,0.61
201605,2016,5,Brasil,BR,Nacional,433,0.78
201606,2016,6,Brasil,BR,Nacional,433,0.35
201607,2016,7,Brasil,BR,Nacional,433,0.52
201608,2016,8,Brasil,BR,Nacional,433,0.44
201609,2016,9,Brasil,BR,Nacional,433,0.08
201610,2016,10,Brasil,BR,Nacional,433,0.26
201611,2016,11,Brasil,BR,Nacional,433,0.18
201612,2016,12,Brasil,BR,Nacional,433,0.3
201701,2017,1,Brasil,BR,Nacional,433,0.38
201702,2017,2,Brasil,BR,Nacional,433,0.33
201703,2017,3,Brasil,BR,Nacional,433,0.25
201704,2017,4,Brasil,BR,Nacional,433,0.14
201705,2017,5,Brasil,BR,Nacional,433,0.31
201706,2017,6,Brasil,BR,Nacional,433,-0.23
201707,2017,7,Brasil,BR,Nacional,433,0.24
201708,2017,8,Brasil,BR,Nacional,433,0.19
201709,2017,9,Brasil,BR,Nacional,433,0.16
201710,2017,10,Brasil,BR,Nacional,433,0.42
201711,2017,11,Brasil,BR,Nacional,433,0.28
201712,2017,12,Brasil,BR,Nacional,433,0.44
201801,2018,1,Brasil,BR,Nacional,433,0.29
201802,2018,2,Brasil,BR,Nacional,433,0.32
201803,2018,3,Brasil,BR,Nacional,433,0.09
201804,2018,4,Brasil,BR,Nacional,433,0.22
201805,2018,5,Brasil,BR,Nacional,433,0.4
201806,2018,6,Brasil,BR,Nacional,433,1.26
201807,2018,7,Brasil,BR,Nacional,433,0.33
201808,2018,8,Brasil,BR,Nacional,433,-0.09
201809,2018,9,Brasil,BR,Nacional,433,0.48
201810,2018,10,Brasil,BR,Nacional,433,0.45
201811,2018,11,Brasil,BR,Nacional,433,-0.21
201812,2018,12,Brasil,BR,Nacional,433,0.15
201901,2019,1,Brasil,BR,Nacional,433,0.32
201902,2019,2,Brasil,BR,Nacional,433,0.43
201903,2019,3,Brasil,BR,Nacional,433,0.75
201904,2019,4,Brasil,BR,Nacional,433,0.57
201905,2019,5,Brasil,BR,Nacional,433,0.13
201906,2019,6,Brasil,BR,Nacional,433,0.01
201907,2019,7,Brasil,BR,Nacional,433,0.19
201908,2019,8,Brasil,BR,Nacional,433,0.11
201909,2019,9,Brasil,BR,Nacional,433,-0.04
201910,2019,10,Brasil,BR,Nacional,433,0.1
201911,2019,11,Brasil,BR,Nacional,433,0.51
201912,2019,12,Brasil,BR,Nacional,433,1.15
202001,2020,1,Brasil,BR,Nacional,433,0.21
202002,2020,2,Brasil,BR,Nacional,433,0.25
202003,2020,3,Brasil,BR,Nacional,433,0.07
202004,2020,4,Brasil,BR,Nacional,433,-0.31
202005,2020,5,Brasil,BR,Nacional,433,-0.38
202006,2020,6,Brasil,BR,Nacional,433,0.26
202007,2020,7,Brasil,BR,Nacional,433,0.36
202008,2020,8,Brasil,BR,Nacional,433,0.24
202009,2020,9,Brasil,BR,Nacional,433,0.64
202010,2020,10,Brasil,BR,Nacional,433,0.86
202011,2020,11,Brasil,BR,Nacional,433,0.89
202012,2020,12,Brasil,BR,Nacional,433,1.35
202101,2021,1,Brasil,BR,Nacional,433,0.25
202102,2021,2,Brasil,BR,Nacional,433,0.86
202103,2021,3,Brasil,BR,Nacional,433,0.93
202104,2021,4,Brasil,BR,Nacional,433,0.31
202105,2021,5,Brasil,BR,Nacional,433,0.83
202106,2021,6,Brasil,BR,Nacional,433,0.53
202107,2021,7,Brasil,BR,Nacional,433,0.96
202108,2021,8,Brasil,BR,Nacional,433,0.87
202109,2021,9,Brasil,BR,Nacional,433,1.16
202110,2021,10,Brasil,BR,Nacional,433,1.25
202111,2021,11,Brasil,BR,Nacional,433,0.95
202112,2021,12,Brasil,BR,Nacional,433,0.73
202201,2022,1,Brasil,BR,Nacional,433,0.54
202202,2022,2,Brasil,BR,Nacional,433,1.01
202203,2022,3,Brasil,BR,Nacional,433,1.62
202204,2022,4,Brasil,BR,Nacional,433,1.06
202205,2022,5,Brasil,BR,Nacional,433,0.47
202206,2022,6,Brasil,BR,Nacional,433,0.67
202207,2022,7,Brasil,BR,Nacional,433,-0.68
202208,2022,8,Brasil,BR,Nacional,433,-0.36
202209,2022,9,Brasil,BR,Nacional,433,-0.29
202210,2022,10,Brasil,BR,Nacional,433,0.59
202211,2022,11,Brasil,BR,Nacional,433,0.41
202212,2022,12,Brasil,BR,Nacional,433,0.62
202301,2023,1,Brasil,BR,Nacional,433,0.53
202302,2023,2,Brasil,BR,Nacional,433,0.84
202303,2023,3,Brasil,BR,Nacional,433,0.71
202304,2023,4,Brasil,BR,Nacional,433,0.61
202305,2023,5,Brasil,BR,Nacional,433,0.23
202306,2023,6,Brasil,BR,Nacional,433,-0.08
202307,2023,7,Brasil,BR,Nacional,433,0.12
202308,2023,8,Brasil,BR,Nacional,433,0.23
202309,2023,9,Brasil,BR,Nacional,433,0.26
202310,2023,10,Brasil,BR,Nacional,433,0.24
202311,2023,11,Brasil,BR,Nacional,433,0.28
202312,2023,12,Brasil,BR,Nacional,433,0.56
202401,2024,1,Brasil,BR,Nacional,433,0.42
202402,2024,2,Brasil,BR,Nacional,433,0.83
202403,2024,3,Brasil,BR,Nacional,433,0.16
202404,2024,4,Brasil,BR,Nacional,433,0.38
202405,2024,5,Brasil,BR,Nacional,433,0.46
202406,2024,6,Brasil,BR,Nacional,433,0.21
202407,2024,7,Brasil,BR,Nacional,433,0.38
202408,2024,8,Brasil,BR,Nacional,433,-0.02
202409,2024,9,Brasil,BR,Nacional,433,0.44
202410,2024,10,Brasil,BR,Nacional,433,0.56
202411,2024,11,Brasil,BR,Nacional,433,0.39
202412,2024,12,Brasil,BR,Nacional,433,0.52
201501,2015,1,Curitiba,PR,Sul,10841,1.52
201502,2015,2,Curitiba,PR,Sul,10841,0.97
201503,2015,3,Curitiba,PR,Sul,10841,1.03
201504,2015,4,Curitiba,PR,Sul,10841,0.71
201505,2015,5,Curitiba,PR,Sul,10841,1.26
201506,2015,6,Curitiba,PR,Sul,10841,0.69
201507,2015,7,Curitiba,PR,Sul,10841,0.5
201508,2015,8,Curitiba,PR,Sul,10841,-0.03
201509,2015,9,Curitiba,PR,Sul,10841,0.06
201510,2015,10,Curitiba,PR,Sul,10841,1.0
201511,2015,11,Curitiba,PR,Sul,10841,2.3
201512,2015,12,Curitiba,PR,Sul,10841,1.66
201601,2016,1,Curitiba,PR,Sul,10841,2.48
201602,2016,2,Curitiba,PR,Sul,10841,1.44
201603,2016,3,Curitiba,PR,Sul,10841,1.51
201604,2016,4,Curitiba,PR,Sul,10841,0.71
201605,2016,5,Curitiba,PR,Sul,10841,0.81
201606,2016,6,Curitiba,PR,Sul,10841,0.68
201607,2016,7,Curitiba,PR,Sul,10841,1.33
201608,2016,8,Curitiba,PR,Sul,10841,0.39
201609,2016,9,Curitiba,PR,Sul,10841,-0.47
201610,2016,10,Curitiba,PR,Sul,10841,-0.14
201611,2016,11,Curitiba,PR,Sul,10841,-0.06
201612,2016,12,Curitiba,PR,Sul,10841,0.32
201701,2017,1,Curitiba,PR,Sul,10841,0.32
201702,2017,2,Curitiba,PR,Sul,10841,-0.47
201703,2017,3,Curitiba,PR,Sul,10841,0.18
201704,2017,4,Curitiba,PR,Sul,10841,0.34
201705,2017,5,Curitiba,PR,Sul,10841,-0.44
201706,2017,6,Curitiba,PR,Sul,10841,-0.81
201707,2017,7,Curitiba,PR,Sul,10841,-0.54
201708,2017,8,Curitiba,PR,Sul,10841,-1.11
201709,2017,9,Curitiba,PR,Sul,10841,-0.37
201710,2017,10,Curitiba,PR,Sul,10841,0.01
201711,2017,11,Curitiba,PR,Sul,10841,-0.29
201712,2017,12,Curitiba,PR,Sul,10841,0.48
201801,2018,1,Curitiba,PR,Sul,10841,0.9
201802,2018,2,Curitiba,PR,Sul,10841,-0.32
201803,2018,3,Curitiba,PR,Sul,10841,-0.07
201804,2018,4,Curitiba,PR,Sul,10841,0.12
201805,2018,5,Curitiba,PR,Sul,10841,0.19
201806,2018,6,Curitiba,PR,Sul,10841,2.29
201807,2018,7,Curitiba,PR,Sul,10841,-0.56
201808,2018,8,Curitiba,PR,Sul,10841,-0.46
201809,2018,9,Curitiba,PR,Sul,10841,0.36
201810,2018,10,Curitiba,PR,Sul,10841,0.81
201811,2018,11,Curitiba,PR,Sul,10841,-0.28
201812,2018,12,Curitiba,PR,Sul,10841,0.32
201901,2019,1,Curitiba,PR,Sul,10841,0.64
201902,2019,2,Curitiba,PR,Sul,10841,0.9
201903,2019,3,Curitiba,PR,Sul,10841,1.74
201904,2019,4,Curitiba,PR,Sul,10841,0.78
201905,2019,5,Curitiba,PR,Sul,10841,-0.6
201906,2019,6,Curitiba,PR,Sul,10841,-0.28
201907,2019,7,Curitiba,PR,Sul,10841,-0.32
201908,2019,8,Curitiba,PR,Sul,10841,-0.51
201909,2019,9,Curitiba,PR,Sul,10841,-0.3
201910,2019,10,Curitiba,PR,Sul,10841,0.19
201911,2019,11,Curitiba,PR,Sul,10841,0.82
201912,2019,12,Curitiba,PR,Sul,10841,3.55
202001,2020,1,Curitiba,PR,Sul,10841,-0.14
202002,2020,2,Curitiba,PR,Sul,10841,0.46
202003,2020,3,Curitiba,PR,Sul,10841,0.9
202004,2020,4,Curitiba,PR,Sul,10841,1.05
202005,2020,5,Curitiba,PR,Sul,10841,0.11
202006,2020,6,Curitiba,PR,Sul,10841,0.34
202007,2020,7,Curitiba,PR,Sul,10841,0.23
202008,2020,8,Curitiba,PR,Sul,10841,1.11
202009,2020,9,Curitiba,PR,Sul,10841,2.17
202010,2020,10,Curitiba,PR,Sul,10841,2.03
202011,2020,11,Curitiba,PR,Sul,10841,2.51
202012,2020,12,Curitiba,PR,Sul,10841,1.75
202101,2021,1,Curitiba,PR,Sul,10841,0.88
202102,2021,2,Curitiba,PR,Sul,10841,0.71
202103,2021,3,Curitiba,PR,Sul,10841,0.32
202104,2021,4,Curitiba,PR,Sul,10841,0.4
202105,2021,5,Curitiba,PR,Sul,10841,0.8
202106,2021,6,Curitiba,PR,Sul,10841,0.51
202107,2021,7,Curitiba,PR,Sul,10841,0.63
202108,2021,8,Curitiba,PR,Sul,10841,1.3
202109,2021,9,Curitiba,PR,Sul,10841,1.28
202110,2021,10,Curitiba,PR,Sul,10841,1.31
202111,2021,11,Curitiba,PR,Sul,10841,0.04
202112,2021,12,Curitiba,PR,Sul,10841,0.88
202201,2022,1,Curitiba,PR,Sul,10841,1.15
202202,2022,2,Curitiba,PR,Sul,10841,1.25
202203,2022,3,Curitiba,PR,Sul,10841,2.71
202204,2022,4,Curitiba,PR,Sul,10841,2.4
202205,2022,5,Curitiba,PR,Sul,10841,0.62
202206,2022,6,Curitiba,PR,Sul,10841,0.35
202207,2022,7,Curitiba,PR,Sul,10841,0.72
202208,2022,8,Curitiba,PR,Sul,10841,0.3
202209,2022,9,Curitiba,PR,Sul,10841,-0.79
202210,2022,10,Curitiba,PR,Sul,10841,1.05
202211,2022,11,Curitiba,PR,Sul,10841,0.49
202212,2022,12,Curitiba,PR,Sul,10841,1.19
202301,2023,1,Curitiba,PR,Sul,10841,0.27
202302,2023,2,Curitiba,PR,Sul,10841,0.51
202303,2023,3,Curitiba,PR,Sul,10841,0.15
202304,2023,4,Curitiba,PR,Sul,10841,0.68
202305,2023,5,Curitiba,PR,Sul,10841,0.25
202306,2023,6,Curitiba,PR,Sul,10841,-0.83
202307,2023,7,Curitiba,PR,Sul,10841,-0.47
202308,2023,8,Curitiba,PR,Sul,10841,-0.8
202309,2023,9,Curitiba,PR,Sul,10841,-0.83
202310,2023,10,Curitiba,PR,Sul,10841,0.13
202311,2023,11,Curitiba,PR,Sul,10841,0.27
202312,2023,12,Curitiba,PR,Sul,10841,0.91
202401,2024,1,Curitiba,PR,Sul,10841,1.41
202402,2024,2,Curitiba,PR,Sul,10841,0.95
202403,2024,3,Curitiba,PR,Sul,10841,0.41
202404,2024,4,Curitiba,PR,Sul,10841,0.73
202405,2024,5,Curitiba,PR,Sul,10841,0.65
202406,2024,6,Curitiba,PR,Sul,10841,0.47
202407,2024,7,Curitiba,PR,Sul,10841,-0.84
202408,2024,8,Curitiba,PR,Sul,10841,-0.54
202409,2024,9,Curitiba,PR,Sul,10841,0.52
202410,2024,10,Curitiba,PR,Sul,10841,0.85
202411,2024,11,Curitiba,PR,Sul,10841,1.5
202412,2024,12,Curitiba,PR,Sul,10841,0.98
201501,2015,1,Florianopolis,SC,Sul,10841,1.52
201502,2015,2,Florianopolis,SC,Sul,10841,0.97
201503,2015,3,Florianopolis,SC,Sul,10841,1.03
201504,2015,4,Florianopolis,SC,Sul,10841,0.71
201505,2015,5,Florianopolis,SC,Sul,10841,1.26
201506,2015,6,Florianopolis,SC,Sul,10841,0.69
201507,2015,7,Florianopolis,SC,Sul,10841,0.5
201508,2015,8,Florianopolis,SC,Sul,10841,-0.03
201509,2015,9,Florianopolis,SC,Sul,10841,0.06
201510,2015,10,Florianopolis,SC,Sul,10841,1.0
201511,2015,11,Florianopolis,SC,Sul,10841,2.3
201512,2015,12,Florianopolis,SC,Sul,10841,1.66
201601,2016,1,Florianopolis,SC,Sul,10841,2.48
201602,2016,2,Florianopolis,SC,Sul,10841,1.44
201603,2016,3,Florianopolis,SC,Sul,10841,1.51
201604,2016,4,Florianopolis,SC,Sul,10841,0.71
201605,2016,5,Florianopolis,SC,Sul,10841,0.81
201606,2016,6,Florianopolis,SC,Sul,10841,0.68
201607,2016,7,Florianopolis,SC,Sul,10841,1.33
201608,2016,8,Florianopolis,SC,Sul,10841,0.39
201609,2016,9,Florianopolis,SC,Sul,10841,-0.47
201610,2016,10,Florianopolis,SC,Sul,10841,-0.14
201611,2016,11,Florianopolis,SC,Sul,10841,-0.06
201612,2016,12,Florianopolis,SC,Sul,10841,0.32
201701,2017,1,Florianopolis,SC,Sul,10841,0.32
201702,2017,2,Florianopolis,SC,Sul,10841,-0.47
201703,2017,3,Florianopolis,SC,Sul,10841,0.18
201704,2017,4,Florianopolis,SC,Sul,10841,0.34
201705,2017,5,Florianopolis,SC,Sul,10841,-0.44
201706,2017,6,Florianopolis,SC,Sul,10841,-0.81
201707,2017,7,Florianopolis,SC,Sul,10841,-0.54
201708,2017,8,Florianopolis,SC,Sul,10841,-1.11
201709,2017,9,Florianopolis,SC,Sul,10841,-0.37
201710,2017,10,Florianopolis,SC,Sul,10841,0.01
201711,2017,11,Florianopolis,SC,Sul,10841,-0.29
201712,2017,12,Florianopolis,SC,Sul,10841,0.48
201801,2018,1,Florianopolis,SC,Sul,10841,0.9
201802,2018,2,Florianopolis,SC,Sul,10841,-0.32
201803,2018,3,Florianopolis,SC,Sul,10841,-0.07
201804,2018,4,Florianopolis,SC,Sul,10841,0.12
201805,2018,5,Florianopolis,SC,Sul,10841,0.19
201806,2018,6,Florianopolis,SC,Sul,10841,2.29
201807,2018,7,Florianopolis,SC,Sul,10841,-0.56
201808,2018,8,Florianopolis,SC,Sul,10841,-0.46
201809,2018,9,Florianopolis,SC,Sul,10841,0.36
201810,2018,10,Florianopolis,SC,Sul,10841,0.81
201811,2018,11,Florianopolis,SC,Sul,10841,-0.28
201812,2018,12,Florianopolis,SC,Sul,10841,0.32
201901,2019,1,Florianopolis,SC,Sul,10841,0.64
201902,2019,2,Florianopolis,SC,Sul,10841,0.9
201903,2019,3,Florianopolis,SC,Sul,10841,1.74
201904,2019,4,Florianopolis,SC,Sul,10841,0.78
201905,2019,5,Florianopolis,SC,Sul,10841,-0.6
201906,2019,6,Florianopolis,SC,Sul,10841,-0.28
201907,2019,7,Florianopolis,SC,Sul,10841,-0.32
201908,2019,8,Florianopolis,SC,Sul,10841,-0.51
201909,2019,9,Florianopolis,SC,Sul,10841,-0.3
201910,2019,10,Florianopolis,SC,Sul,10841,0.19
201911,2019,11,Florianopolis,SC,Sul,10841,0.82
201912,2019,12,Florianopolis,SC,Sul,10841,3.55
202001,2020,1,Florianopolis,SC,Sul,10841,-0.14
202002,2020,2,Florianopolis,SC,Sul,10841,0.46
202003,2020,3,Florianopolis,SC,Sul,10841,0.9
202004,2020,4,Florianopolis,SC,Sul,10841,1.05
202005,2020,5,Florianopolis,SC,Sul,10841,0.11
202006,2020,6,Florianopolis,SC,Sul,10841,0.34
202007,2020,7,Florianopolis,SC,Sul,10841,0.23
202008,2020,8,Florianopolis,SC,Sul,10841,1.11
202009,2020,9,Florianopolis,SC,Sul,10841,2.17
202010,2020,10,Florianopolis,SC,Sul,10841,2.03
202011,2020,11,Florianopolis,SC,Sul,10841,2.51
202012,2020,12,Florianopolis,SC,Sul,10841,1.75
202101,2021,1,Florianopolis,SC,Sul,10841,0.88
202102,2021,2,Florianopolis,SC,Sul,10841,0.71
202103,2021,3,Florianopolis,SC,Sul,10841,0.32
202104,2021,4,Florianopolis,SC,Sul,10841,0.4
202105,2021,5,Florianopolis,SC,Sul,10841,0.8
202106,2021,6,Florianopolis,SC,Sul,10841,0.51
202107,2021,7,Florianopolis,SC,Sul,10841,0.63
202108,2021,8,Florianopolis,SC,Sul,10841,1.3
202109,2021,9,Florianopolis,SC,Sul,10841,1.28
202110,2021,10,Florianopolis,SC,Sul,10841,1.31
202111,2021,11,Florianopolis,SC,Sul,10841,0.04
202112,2021,12,Florianopolis,SC,Sul,10841,0.88
202201,2022,1,Florianopolis,SC,Sul,10841,1.15
202202,2022,2,Florianopolis,SC,Sul,10841,1.25
202203,2022,3,Florianopolis,SC,Sul,10841,2.71
202204,2022,4,Florianopolis,SC,Sul,10841,2.4
202205,2022,5,Florianopolis,SC,Sul,10841,0.62
202206,2022,6,Florianopolis,SC,Sul,10841,0.35
202207,2022,7,Florianopolis,SC,Sul,10841,0.72
202208,2022,8,Florianopolis,SC,Sul,10841,0.3
202209,2022,9,Florianopolis,SC,Sul,10841,-0.79
202210,2022,10,Florianopolis,SC,Sul,10841,1.05
202211,2022,11,Florianopolis,SC,Sul,10841,0.49
202212,2022,12,Florianopolis,SC,Sul,10841,1.19
202301,2023,1,Florianopolis,SC,Sul,10841,0.27
202302,2023,2,Florianopolis,SC,Sul,10841,0.51
202303,2023,3,Florianopolis,SC,Sul,10841,0.15
202304,2023,4,Florianopolis,SC,Sul,10841,0.68
202305,2023,5,Florianopolis,SC,Sul,10841,0.25
202306,2023,6,Florianopolis,SC,Sul,10841,-0.83
202307,2023,7,Florianopolis,SC,Sul,10841,-0.47
202308,2023,8,Florianopolis,SC,Sul,10841,-0.8
202309,2023,9,Florianopolis,SC,Sul,10841,-0.83
202310,2023,10,Florianopolis,SC,Sul,10841,0.13
202311,2023,11,Florianopolis,SC,Sul,10841,0.27
202312,2023,12,Florianopolis,SC,Sul,10841,0.91
202401,2024,1,Florianopolis,SC,Sul,10841,1.41
202402,2024,2,Florianopolis,SC,Sul,10841,0.95
202403,2024,3,Florianopolis,SC,Sul,10841,0.41
202404,2024,4,Florianopolis,SC,Sul,10841,0.73
202405,2024,5,Florianopolis,SC,Sul,10841,0.65
202406,2024,6,Florianopolis,SC,Sul,10841,0.47
202407,2024,7,Florianopolis,SC,Sul,10841,-0.84
202408,2024,8,Florianopolis,SC,Sul,10841,-0.54
202409,2024,9,Florianopolis,SC,Sul,10841,0.52
202410,2024,10,Florianopolis,SC,Sul,10841,0.85
202411,2024,11,Florianopolis,SC,Sul,10841,1.5
202412,2024,12,Florianopolis,SC,Sul,10841,0.98
201501,2015,1,Fortaleza,CE,Nordeste,10841,1.52
201502,2015,2,Fortaleza,CE,Nordeste,10841,0.97
201503,2015,3,Fortaleza,CE,Nordeste,10841,1.03
201504,2015,4,Fortaleza,CE,Nordeste,10841,0.71
201505,2015,5,Fortaleza,CE,Nordeste,10841,1.26
201506,2015,6,Fortaleza,CE,Nordeste,10841,0.69
201507,2015,7,Fortaleza,CE,Nordeste,10841,0.5
201508,2015,8,Fortaleza,CE,Nordeste,10841,-0.03
201509,2015,9,Fortaleza,CE,Nordeste,10841,0.06
201510,2015,10,Fortaleza,CE,Nordeste,10841,1.0
201511,2015,11,Fortaleza,CE,Nordeste,10841,2.3
201512,2015,12,Fortaleza,CE,Nordeste,10841,1.66
201601,2016,1,Fortaleza,CE,Nordeste,10841,2.48
201602,2016,2,Fortaleza,CE,Nordeste,10841,1.44
201603,2016,3,Fortaleza,CE,Nordeste,10841,1.51
201604,2016,4,Fortaleza,CE,Nordeste,10841,0.71
201605,2016,5,Fortaleza,CE,Nordeste,10841,0.81
201606,2016,6,Fortaleza,CE,Nordeste,10841,0.68
201607,2016,7,Fortaleza,CE,Nordeste,10841,1.33
201608,2016,8,Fortaleza,CE,Nordeste,10841,0.39
201609,2016,9,Fortaleza,CE,Nordeste,10841,-0.47
201610,2016,10,Fortaleza,CE,Nordeste,10841,-0.14
201611,2016,11,Fortaleza,CE,Nordeste,10841,-0.06
201612,2016,12,Fortaleza,CE,Nordeste,10841,0.32
201701,2017,1,Fortaleza,CE,Nordeste,10841,0.32
201702,2017,2,Fortaleza,CE,Nordeste,10841,-0.47
201703,2017,3,Fortaleza,CE,Nordeste,10841,0.18
201704,2017,4,Fortaleza,CE,Nordeste,10841,0.34
201705,2017,5,Fortaleza,CE,Nordeste,10841,-0.44
201706,2017,6,Fortaleza,CE,Nordeste,10841,-0.81
201707,2017,7,Fortaleza,CE,Nordeste,10841,-0.54
201708,2017,8,Fortaleza,CE,Nordeste,10841,-1.11
201709,2017,9,Fortaleza,CE,Nordeste,10841,-0.37
201710,2017,10,Fortaleza,CE,Nordeste,10841,0.01
201711,2017,11,Fortaleza,CE,Nordeste,10841,-0.29
201712,2017,12,Fortaleza,CE,Nordeste,10841,0.48
201801,2018,1,Fortaleza,CE,Nordeste,10841,0.9
201802,2018,2,Fortaleza,CE,Nordeste,10841,-0.32
201803,2018,3,Fortaleza,CE,Nordeste,10841,-0.07
201804,2018,4,Fortaleza,CE,Nordeste,10841,0.12
201805,2018,5,Fortaleza,CE,Nordeste,10841,0.19
201806,2018,6,Fortaleza,CE,Nordeste,10841,2.29
201807,2018,7,Fortaleza,CE,Nordeste,10841,-0.56
201808,2018,8,Fortaleza,CE,Nordeste,10841,-0.46
201809,2018,9,Fortaleza,CE,Nordeste,10841,0.36
201810,2018,10,Fortaleza,CE,Nordeste,10841,0.81
201811,2018,11,Fortaleza,CE,Nordeste,10841,-0.28
201812,2018,12,Fortaleza,CE,Nordeste,10841,0.32
201901,2019,1,Fortaleza,CE,Nordeste,10841,0.64
201902,2019,2,Fortaleza,CE,Nordeste,10841,0.9
201903,2019,3,Fortaleza,CE,Nordeste,10841,1.74
201904,2019,4,Fortaleza,CE,Nordeste,10841,0.78
201905,2019,5,Fortaleza,CE,Nordeste,10841,-0.6
201906,2019,6,Fortaleza,CE,Nordeste,10841,-0.28
201907,2019,7,Fortaleza,CE,Nordeste,10841,-0.32
201908,2019,8,Fortaleza,CE,Nordeste,10841,-0.51
201909,2019,9,Fortaleza,CE,Nordeste,10841,-0.3
201910,2019,10,Fortaleza,CE,Nordeste,10841,0.19
201911,2019,11,Fortaleza,CE,Nordeste,10841,0.82
201912,2019,12,Fortaleza,CE,Nordeste,10841,3.55
202001,2020,1,Fortaleza,CE,Nordeste,10841,-0.14
202002,2020,2,Fortaleza,CE,Nordeste,10841,0.46
202003,2020,3,Fortaleza,CE,Nordeste,10841,0.9
202004,2020,4,Fortaleza,CE,Nordeste,10841,1.05
202005,2020,5,Fortaleza,CE,Nordeste,10841,0.11
202006,2020,6,Fortaleza,CE,Nordeste,10841,0.34
202007,2020,7,Fortaleza,CE,Nordeste,10841,0.23
202008,2020,8,Fortaleza,CE,Nordeste,10841,1.11
202009,2020,9,Fortaleza,CE,Nordeste,10841,2.17
202010,2020,10,Fortaleza,CE,Nordeste,10841,2.03
202011,2020,11,Fortaleza,CE,Nordeste,10841,2.51
202012,2020,12,Fortaleza,CE,Nordeste,10841,1.75
202101,2021,1,Fortaleza,CE,Nordeste,10841,0.88
202102,2021,2,Fortaleza,CE,Nordeste,10841,0.71
202103,2021,3,Fortaleza,CE,Nordeste,10841,0.32
202104,2021,4,Fortaleza,CE,Nordeste,10841,0.4
202105,2021,5,Fortaleza,CE,Nordeste,10841,0.8
202106,2021,6,Fortaleza,CE,Nordeste,10841,0.51
202107,2021,7,Fortaleza,CE,Nordeste,10841,0.63
202108,2021,8,Fortaleza,CE,Nordeste,10841,1.3
202109,2021,9,Fortaleza,CE,Nordeste,10841,1.28
202110,2021,10,Fortaleza,CE,Nordeste,10841,1.31
202111,2021,11,Fortaleza,CE,Nordeste,10841,0.04
202112,2021,12,Fortaleza,CE,Nordeste,10841,0.88
202201,2022,1,Fortaleza,CE,Nordeste,10841,1.15
202202,2022,2,Fortaleza,CE,Nordeste,10841,1.25
202203,2022,3,Fortaleza,CE,Nordeste,10841,2.71
202204,2022,4,Fortaleza,CE,Nordeste,10841,2.4
202205,2022,5,Fortaleza,CE,Nordeste,10841,0.62
202206,2022,6,Fortaleza,CE,Nordeste,10841,0.35
202207,2022,7,Fortaleza,CE,Nordeste,10841,0.72
202208,2022,8,Fortaleza,CE,Nordeste,10841,0.3
202209,2022,9,Fortaleza,CE,Nordeste,10841,-0.79
202210,2022,10,Fortaleza,CE,Nordeste,10841,1.05
202211,2022,11,Fortaleza,CE,Nordeste,10841,0.49
202212,2022,12,Fortaleza,CE,Nordeste,10841,1.19
202301,2023,1,Fortaleza,CE,Nordeste,10841,0.27
202302,2023,2,Fortaleza,CE,Nordeste,10841,0.51
202303,2023,3,Fortaleza,CE,Nordeste,10841,0.15
202304,2023,4,Fortaleza,CE,Nordeste,10841,0.68
202305,2023,5,Fortaleza,CE,Nordeste,10841,0.25
202306,2023,6,Fortaleza,CE,Nordeste,10841,-0.83
202307,2023,7,Fortaleza,CE,Nordeste,10841,-0.47
202308,2023,8,Fortaleza,CE,Nordeste,10841,-0.8
202309,2023,9,Fortaleza,CE,Nordeste,10841,-0.83
202310,2023,10,Fortaleza,CE,Nordeste,10841,0.13
202311,2023,11,Fortaleza,CE,Nordeste,10841,0.27
202312,2023,12,Fortaleza,CE,Nordeste,10841,0.91
202401,2024,1,Fortaleza,CE,Nordeste,10841,1.41
202402,2024,2,Fortaleza,CE,Nordeste,10841,0.95
202403,2024,3,Fortaleza,CE,Nordeste,10841,0.41
202404,2024,4,Fortaleza,CE,Nordeste,10841,0.73
202405,2024,5,Fortaleza,CE,Nordeste,10841,0.65
202406,2024,6,Fortaleza,CE,Nordeste,10841,0.47
202407,2024,7,Fortaleza,CE,Nordeste,10841,-0.84
202408,2024,8,Fortaleza,CE,Nordeste,10841,-0.54
202409,2024,9,Fortaleza,CE,Nordeste,10841,0.52
202410,2024,10,Fortaleza,CE,Nordeste,10841,0.85
202411,2024,11,Fortaleza,CE,Nordeste,10841,1.5
202412,2024,12,Fortaleza,CE,Nordeste,10841,0.98
201501,2015,1,Porto Alegre,RS,Sul,10841,1.52
201502,2015,2,Porto Alegre,RS,Sul,10841,0.97
201503,2015,3,Porto Alegre,RS,Sul,10841,1.03
201504,2015,4,Porto Alegre,RS,Sul,10841,0.71
201505,2015,5,Porto Alegre,RS,Sul,10841,1.26
201506,2015,6,Porto Alegre,RS,Sul,10841,0.69
201507,2015,7,Porto Alegre,RS,Sul,10841,0.5
201508,2015,8,Porto Alegre,RS,Sul,10841,-0.03
201509,2015,9,Porto Alegre,RS,Sul,10841,0.06
201510,2015,10,Porto Alegre,RS,Sul,10841,1.0
201511,2015,11,Porto Alegre,RS,Sul,10841,2.3
201512,2015,12,Porto Alegre,RS,Sul,10841,1.66
201601,2016,1,Porto Alegre,RS,Sul,10841,2.48
201602,2016,2,Porto Alegre,RS,Sul,10841,1.44
201603,2016,3,Porto Alegre,RS,Sul,10841,1.51
201604,2016,4,Porto Alegre,RS,Sul,10841,0.71
201605,2016,5,Porto Alegre,RS,Sul,10841,0.81
201606,2016,6,Porto Alegre,RS,Sul,10841,0.68
201607,2016,7,Porto Alegre,RS,Sul,10841,1.33
201608,2016,8,Porto Alegre,RS,Sul,10841,0.39
201609,2016,9,Porto Alegre,RS,Sul,10841,-0.47
201610,2016,10,Porto Alegre,RS,Sul,10841,-0.14
201611,2016,11,Porto Alegre,RS,Sul,10841,-0.06
201612,2016,12,Porto Alegre,RS,Sul,10841,0.32
201701,2017,1,Porto Alegre,RS,Sul,10841,0.32
201702,2017,2,Porto Alegre,RS,Sul,10841,-0.47
201703,2017,3,Porto Alegre,RS,Sul,10841,0.18
201704,2017,4,Porto Alegre,RS,Sul,10841,0.34
201705,2017,5,Porto Alegre,RS,Sul,10841,-0.44
201706,2017,6,Porto Alegre,RS,Sul,10841,-0.81
201707,2017,7,Porto Alegre,RS,Sul,10841,-0.54
201708,2017,8,Porto Alegre,RS,Sul,10841,-1.11
201709,2017,9,Porto Alegre,RS,Sul,10841,-0.37
201710,2017,10,Porto Alegre,RS,Sul,10841,0.01
201711,2017,11,Porto Alegre,RS,Sul,10841,-0.29
201712,2017,12,Porto Alegre,RS,Sul,10841,0.48
201801,2018,1,Porto Alegre,RS,Sul,10841,0.9
201802,2018,2,Porto Alegre,RS,Sul,10841,-0.32
201803,2018,3,Porto Alegre,RS,Sul,10841,-0.07
201804,2018,4,Porto Alegre,RS,Sul,10841,0.12
201805,2018,5,Porto Alegre,RS,Sul,10841,0.19
201806,2018,6,Porto Alegre,RS,Sul,10841,2.29
201807,2018,7,Porto Alegre,RS,Sul,10841,-0.56
201808,2018,8,Porto Alegre,RS,Sul,10841,-0.46
201809,2018,9,Porto Alegre,RS,Sul,10841,0.36
201810,2018,10,Porto Alegre,RS,Sul,10841,0.81
201811,2018,11,Porto Alegre,RS,Sul,10841,-0.28
201812,2018,12,Porto Alegre,RS,Sul,10841,0.32
201901,2019,1,Porto Alegre,RS,Sul,10841,0.64
201902,2019,2,Porto Alegre,RS,Sul,10841,0.9
201903,2019,3,Porto Alegre,RS,Sul,10841,1.74
201904,2019,4,Porto Alegre,RS,Sul,10841,0.78
201905,2019,5,Porto Alegre,RS,Sul,10841,-0.6
201906,2019,6,Porto Alegre,RS,Sul,10841,-0.28
201907,2019,7,Porto Alegre,RS,Sul,10841,-0.32
201908,2019,8,Porto Alegre,RS,Sul,10841,-0.51
201909,2019,9,Porto Alegre,RS,Sul,10841,-0.3
201910,2019,10,Porto Alegre,RS,Sul,10841,0.19
201911,2019,11,Porto Alegre,RS,Sul,10841,0.82
201912,2019,12,Porto Alegre,RS,Sul,10841,3.55
202001,2020,1,Porto Alegre,RS,Sul,10841,-0.14
202002,2020,2,Porto Alegre,RS,Sul,10841,0.46
202003,2020,3,Porto Alegre,RS,Sul,10841,0.9
202004,2020,4,Porto Alegre,RS,Sul,10841,1.05
202005,2020,5,Porto Alegre,RS,Sul,10841,0.11
202006,2020,6,Porto Alegre,RS,Sul,10841,0.34
202007,2020,7,Porto Alegre,RS,Sul,10841,0.23
202008,2020,8,Porto Alegre,RS,Sul,10841,1.11
202009,2020,9,Porto Alegre,RS,Sul,10841,2.17
202010,2020,10,Porto Alegre,RS,Sul,10841,2.03
202011,2020,11,Porto Alegre,RS,Sul,10841,2.51
202012,2020,12,Porto Alegre,RS,Sul,10841,1.75
202101,2021,1,Porto Alegre,RS,Sul,10841,0.88
202102,2021,2,Porto Alegre,RS,Sul,10841,0.71
202103,2021,3,Porto Alegre,RS,Sul,10841,0.32
202104,2021,4,Porto Alegre,RS,Sul,10841,0.4
202105,2021,5,Porto Alegre,RS,Sul,10841,0.8
202106,2021,6,Porto Alegre,RS,Sul,10841,0.51
202107,2021,7,Porto Alegre,RS,Sul,10841,0.63
202108,2021,8,Porto Alegre,RS,Sul,10841,1.3
202109,2021,9,Porto Alegre,RS,Sul,10841,1.28
202110,2021,10,Porto Alegre,RS,Sul,10841,1.31
202111,2021,11,Porto Alegre,RS,Sul,10841,0.04
202112,2021,12,Porto Alegre,RS,Sul,10841,0.88
202201,2022,1,Porto Alegre,RS,Sul,10841,1.15
202202,2022,2,Porto Alegre,RS,Sul,10841,1.25
202203,2022,3,Porto Alegre,RS,Sul,10841,2.71
202204,2022,4,Porto Alegre,RS,Sul,10841,2.4
202205,2022,5,Porto Alegre,RS,Sul,10841,0.62
202206,2022,6,Porto Alegre,RS,Sul,10841,0.35
202207,2022,7,Porto Alegre,RS,Sul,10841,0.72
202208,2022,8,Porto Alegre,RS,Sul,10841,0.3
202209,2022,9,Porto Alegre,RS,Sul,10841,-0.79
202210,2022,10,Porto Alegre,RS,Sul,10841,1.05
202211,2022,11,Porto Alegre,RS,Sul,10841,0.49
202212,2022,12,Porto Alegre,RS,Sul,10841,1.19
202301,2023,1,Porto Alegre,RS,Sul,10841,0.27
202302,2023,2,Porto Alegre,RS,Sul,10841,0.51
202303,2023,3,Porto Alegre,RS,Sul,10841,0.15
202304,2023,4,Porto Alegre,RS,Sul,10841,0.68
202305,2023,5,Porto Alegre,RS,Sul,10841,0.25
202306,2023,6,Porto Alegre,RS,Sul,10841,-0.83
202307,2023,7,Porto Alegre,RS,Sul,10841,-0.47
202308,2023,8,Porto Alegre,RS,Sul,10841,-0.8
202309,2023,9,Porto Alegre,RS,Sul,10841,-0.83
202310,2023,10,Porto Alegre,RS,Sul,10841,0.13
202311,2023,11,Porto Alegre,RS,Sul,10841,0.27
202312,2023,12,Porto Alegre,RS,Sul,10841,0.91
202401,2024,1,Porto Alegre,RS,Sul,10841,1.41
202402,2024,2,Porto Alegre,RS,Sul,10841,0.95
202403,2024,3,Porto Alegre,RS,Sul,10841,0.41
202404,2024,4,Porto Alegre,RS,Sul,10841,0.73
202405,2024,5,Porto Alegre,RS,Sul,10841,0.65
202406,2024,6,Porto Alegre,RS,Sul,10841,0.47
202407,2024,7,Porto Alegre,RS,Sul,10841,-0.84
202408,2024,8,Porto Alegre,RS,Sul,10841,-0.54
202409,2024,9,Porto Alegre,RS,Sul,10841,0.52
202410,2024,10,Porto Alegre,RS,Sul,10841,0.85
202411,2024,11,Porto Alegre,RS,Sul,10841,1.5
202412,2024,12,Porto Alegre,RS,Sul,10841,0.98
201501,2015,1,Recife,PE,Nordeste,10841,1.52
201502,2015,2,Recife,PE,Nordeste,10841,0.97
201503,2015,3,Recife,PE,Nordeste,10841,1.03
201504,2015,4,Recife,PE,Nordeste,10841,0.71
201505,2015,5,Recife,PE,Nordeste,10841,1.26
201506,2015,6,Recife,PE,Nordeste,10841,0.69
201507,2015,7,Recife,PE,Nordeste,10841,0.5
201508,2015,8,Recife,PE,Nordeste,10841,-0.03
201509,2015,9,Recife,PE,Nordeste,10841,0.06
201510,2015,10,Recife,PE,Nordeste,10841,1.0
201511,2015,11,Recife,PE,Nordeste,10841,2.3
201512,2015,12,Recife,PE,Nordeste,10841,1.66
201601,2016,1,Recife,PE,Nordeste,10841,2.48
201602,2016,2,Recife,PE,Nordeste,10841,1.44
201603,2016,3,Recife,PE,Nordeste,10841,1.51
201604,2016,4,Recife,PE,Nordeste,10841,0.71
201605,2016,5,Recife,PE,Nordeste,10841,0.81
201606,2016,6,Recife,PE,Nordeste,10841,0.68
201607,2016,7,Recife,PE,Nordeste,10841,1.33
201608,2016,8,Recife,PE,Nordeste,10841,0.39
201609,2016,9,Recife,PE,Nordeste,10841,-0.47
201610,2016,10,Recife,PE,Nordeste,10841,-0.14
201611,2016,11,Recife,PE,Nordeste,10841,-0.06
201612,2016,12,Recife,PE,Nordeste,10841,0.32
201701,2017,1,Recife,PE,Nordeste,10841,0.32
201702,2017,2,Recife,PE,Nordeste,10841,-0.47
201703,2017,3,Recife,PE,Nordeste,10841,0.18
201704,2017,4,Recife,PE,Nordeste,10841,0.34
201705,2017,5,Recife,PE,Nordeste,10841,-0.44
201706,2017,6,Recife,PE,Nordeste,10841,-0.81
201707,2017,7,Recife,PE,Nordeste,10841,-0.54
201708,2017,8,Recife,PE,Nordeste,10841,-1.11
201709,2017,9,Recife,PE,Nordeste,10841,-0.37
201710,2017,10,Recife,PE,Nordeste,10841,0.01
201711,2017,11,Recife,PE,Nordeste,10841,-0.29
201712,2017,12,Recife,PE,Nordeste,10841,0.48
201801,2018,1,Recife,PE,Nordeste,10841,0.9
201802,2018,2,Recife,PE,Nordeste,10841,-0.32
201803,2018,3,Recife,PE,Nordeste,10841,-0.07
201804,2018,4,Recife,PE,Nordeste,10841,0.12
201805,2018,5,Recife,PE,Nordeste,10841,0.19
201806,2018,6,Recife,PE,Nordeste,10841,2.29
201807,2018,7,Recife,PE,Nordeste,10841,-0.56
201808,2018,8,Recife,PE,Nordeste,10841,-0.46
201809,2018,9,Recife,PE,Nordeste,10841,0.36
201810,2018,10,Recife,PE,Nordeste,10841,0.81
201811,2018,11,Recife,PE,Nordeste,10841,-0.28
201812,2018,12,Recife,PE,Nordeste,10841,0.32
201901,2019,1,Recife,PE,Nordeste,10841,0.64
201902,2019,2,Recife,PE,Nordeste,10841,0.9
201903,2019,3,Recife,PE,Nordeste,10841,1.74
201904,2019,4,Recife,PE,Nordeste,10841,0.78
201905,2019,5,Recife,PE,Nordeste,10841,-0.6
201906,2019,6,Recife,PE,Nordeste,10841,-0.28
201907,2019,7,Recife,PE,Nordeste,10841,-0.32
201908,2019,8,Recife,PE,Nordeste,10841,-0.51
201909,2019,9,Recife,PE,Nordeste,10841,-0.3
201910,2019,10,Recife,PE,Nordeste,10841,0.19
201911,2019,11,Recife,PE,Nordeste,10841,0.82
201912,2019,12,Recife,PE,Nordeste,10841,3.55
202001,2020,1,Recife,PE,Nordeste,10841,-0.14
202002,2020,2,Recife,PE,Nordeste,10841,0.46
202003,2020,3,Recife,PE,Nordeste,10841,0.9
202004,2020,4,Recife,PE,Nordeste,10841,1.05
202005,2020,5,Recife,PE,Nordeste,10841,0.11
202006,2020,6,Recife,PE,Nordeste,10841,0.34
202007,2020,7,Recife,PE,Nordeste,10841,0.23
202008,2020,8,Recife,PE,Nordeste,10841,1.11
202009,2020,9,Recife,PE,Nordeste,10841,2.17
202010,2020,10,Recife,PE,Nordeste,10841,2.03
202011,2020,11,Recife,PE,Nordeste,10841,2.51
202012,2020,12,Recife,PE,Nordeste,10841,1.75
202101,2021,1,Recife,PE,Nordeste,10841,0.88
202102,2021,2,Recife,PE,Nordeste,10841,0.71
202103,2021,3,Recife,PE,Nordeste,10841,0.32
202104,2021,4,Recife,PE,Nordeste,10841,0.4
202105,2021,5,Recife,PE,Nordeste,10841,0.8
202106,2021,6,Recife,PE,Nordeste,10841,0.51
202107,2021,7,Recife,PE,Nordeste,10841,0.63
202108,2021,8,Recife,PE,Nordeste,10841,1.3
202109,2021,9,Recife,PE,Nordeste,10841,1.28
202110,2021,10,Recife,PE,Nordeste,10841,1.31
202111,2021,11,Recife,PE,Nordeste,10841,0.04
202112,2021,12,Recife,PE,Nordeste,10841,0.88
202201,2022,1,Recife,PE,Nordeste,10841,1.15
202202,2022,2,Recife,PE,Nordeste,10841,1.25
202203,2022,3,Recife,PE,Nordeste,10841,2.71
202204,2022,4,Recife,PE,Nordeste,10841,2.4
202205,2022,5,Recife,PE,Nordeste,10841,0.62
202206,2022,6,Recife,PE,Nordeste,10841,0.35
202207,2022,7,Recife,PE,Nordeste,10841,0.72
202208,2022,8,Recife,PE,Nordeste,10841,0.3
202209,2022,9,Recife,PE,Nordeste,10841,-0.79
202210,2022,10,Recife,PE,Nordeste,10841,1.05
202211,2022,11,Recife,PE,Nordeste,10841,0.49
202212,2022,12,Recife,PE,Nordeste,10841,1.19
202301,2023,1,Recife,PE,Nordeste,10841,0.27
202302,2023,2,Recife,PE,Nordeste,10841,0.51
202303,2023,3,Recife,PE,Nordeste,10841,0.15
202304,2023,4,Recife,PE,Nordeste,10841,0.68
202305,2023,5,Recife,PE,Nordeste,10841,0.25
202306,2023,6,Recife,PE,Nordeste,10841,-0.83
202307,2023,7,Recife,PE,Nordeste,10841,-0.47
202308,2023,8,Recife,PE,Nordeste,10841,-0.8
202309,2023,9,Recife,PE,Nordeste,10841,-0.83
202310,2023,10,Recife,PE,Nordeste,10841,0.13
202311,2023,11,Recife,PE,Nordeste,10841,0.27
202312,2023,12,Recife,PE,Nordeste,10841,0.91
202401,2024,1,Recife,PE,Nordeste,10841,1.41
202402,2024,2,Recife,PE,Nordeste,10841,0.95
202403,2024,3,Recife,PE,Nordeste,10841,0.41
202404,2024,4,Recife,PE,Nordeste,10841,0.73
202405,2024,5,Recife,PE,Nordeste,10841,0.65
202406,2024,6,Recife,PE,Nordeste,10841,0.47
202407,2024,7,Recife,PE,Nordeste,10841,-0.84
202408,2024,8,Recife,PE,Nordeste,10841,-0.54
202409,2024,9,Recife,PE,Nordeste,10841,0.52
202410,2024,10,Recife,PE,Nordeste,10841,0.85
202411,2024,11,Recife,PE,Nordeste,10841,1.5
202412,2024,12,Recife,PE,Nordeste,10841,0.98
201501,2015,1,Salvador,BA,Nordeste,10841,1.52
201502,2015,2,Salvador,BA,Nordeste,10841,0.97
201503,2015,3,Salvador,BA,Nordeste,10841,1.03
201504,2015,4,Salvador,BA,Nordeste,10841,0.71
201505,2015,5,Salvador,BA,Nordeste,10841,1.26
201506,2015,6,Salvador,BA,Nordeste,10841,0.69
201507,2015,7,Salvador,BA,Nordeste,10841,0.5
201508,2015,8,Salvador,BA,Nordeste,10841,-0.03
201509,2015,9,Salvador,BA,Nordeste,10841,0.06
201510,2015,10,Salvador,BA,Nordeste,10841,1.0
201511,2015,11,Salvador,BA,Nordeste,10841,2.3
201512,2015,12,Salvador,BA,Nordeste,10841,1.66
201601,2016,1,Salvador,BA,Nordeste,10841,2.48
201602,2016,2,Salvador,BA,Nordeste,10841,1.44
201603,2016,3,Salvador,BA,Nordeste,10841,1.51
201604,2016,4,Salvador,BA,Nordeste,10841,0.71
201605,2016,5,Salvador,BA,Nordeste,10841,0.81
201606,2016,6,Salvador,BA,Nordeste,10841,0.68
201607,2016,7,Salvador,BA,Nordeste,10841,1.33
201608,2016,8,Salvador,BA,Nordeste,10841,0.39
201609,2016,9,Salvador,BA,Nordeste,10841,-0.47
201610,2016,10,Salvador,BA,Nordeste,10841,-0.14
201611,2016,11,Salvador,BA,Nordeste,10841,-0.06
201612,2016,12,Salvador,BA,Nordeste,10841,0.32
201701,2017,1,Salvador,BA,Nordeste,10841,0.32
201702,2017,2,Salvador,BA,Nordeste,10841,-0.47
201703,2017,3,Salvador,BA,Nordeste,10841,0.18
201704,2017,4,Salvador,BA,Nordeste,10841,0.34
201705,2017,5,Salvador,BA,Nordeste,10841,-0.44
201706,2017,6,Salvador,BA,Nordeste,10841,-0.81
201707,2017,7,Salvador,BA,Nordeste,10841,-0.54
201708,2017,8,Salvador,BA,Nordeste,10841,-1.11
201709,2017,9,Salvador,BA,Nordeste,10841,-0.37
201710,2017,10,Salvador,BA,Nordeste,10841,0.01
201711,2017,11,Salvador,BA,Nordeste,10841,-0.29
201712,2017,12,Salvador,BA,Nordeste,10841,0.48
201801,2018,1,Salvador,BA,Nordeste,10841,0.9
201802,2018,2,Salvador,BA,Nordeste,10841,-0.32
201803,2018,3,Salvador,BA,Nordeste,10841,-0.07
201804,2018,4,Salvador,BA,Nordeste,10841,0.12
201805,2018,5,Salvador,BA,Nordeste,10841,0.19
201806,2018,6,Salvador,BA,Nordeste,10841,2.29
201807,2018,7,Salvador,BA,Nordeste,10841,-0.56
201808,2018,8,Salvador,BA,Nordeste,10841,-0.46
201809,2018,9,Salvador,BA,Nordeste,10841,0.36
201810,2018,10,Salvador,BA,Nordeste,10841,0.81
201811,2018,11,Salvador,BA,Nordeste,10841,-0.28
201812,2018,12,Salvador,BA,Nordeste,10841,0.32
201901,2019,1,Salvador,BA,Nordeste,10841,0.64
201902,2019,2,Salvador,BA,Nordeste,10841,0.9
201903,2019,3,Salvador,BA,Nordeste,10841,1.74
201904,2019,4,Salvador,BA,Nordeste,10841,0.78
201905,2019,5,Salvador,BA,Nordeste,10841,-0.6
201906,2019,6,Salvador,BA,Nordeste,10841,-0.28
201907,2019,7,Salvador,BA,Nordeste,10841,-0.32
201908,2019,8,Salvador,BA,Nordeste,10841,-0.51
201909,2019,9,Salvador,BA,Nordeste,10841,-0.3
201910,2019,10,Salvador,BA,Nordeste,10841,0.19
201911,2019,11,Salvador,BA,Nordeste,10841,0.82
201912,2019,12,Salvador,BA,Nordeste,10841,3.55
202001,2020,1,Salvador,BA,Nordeste,10841,-0.14
202002,2020,2,Salvador,BA,Nordeste,10841,0.46
202003,2020,3,Salvador,BA,Nordeste,10841,0.9
202004,2020,4,Salvador,BA,Nordeste,10841,1.05
202005,2020,5,Salvador,BA,Nordeste,10841,0.11
202006,2020,6,Salvador,BA,Nordeste,10841,0.34
202007,2020,7,Salvador,BA,Nordeste,10841,0.23
202008,2020,8,Salvador,BA,Nordeste,10841,1.11
202009,2020,9,Salvador,BA,Nordeste,10841,2.17
202010,2020,10,Salvador,BA,Nordeste,10841,2.03
202011,2020,11,Salvador,BA,Nordeste,10841,2.51
202012,2020,12,Salvador,BA,Nordeste,10841,1.75
202101,2021,1,Salvador,BA,Nordeste,10841,0.88
202102,2021,2,Salvador,BA,Nordeste,10841,0.71
202103,2021,3,Salvador,BA,Nordeste,10841,0.32
202104,2021,4,Salvador,BA,Nordeste,10841,0.4
202105,2021,5,Salvador,BA,Nordeste,10841,0.8
202106,2021,6,Salvador,BA,Nordeste,10841,0.51
202107,2021,7,Salvador,BA,Nordeste,10841,0.63
202108,2021,8,Salvador,BA,Nordeste,10841,1.3
202109,2021,9,Salvador,BA,Nordeste,10841,1.28
202110,2021,10,Salvador,BA,Nordeste,10841,1.31
202111,2021,11,Salvador,BA,Nordeste,10841,0.04
202112,2021,12,Salvador,BA,Nordeste,10841,0.88
202201,2022,1,Salvador,BA,Nordeste,10841,1.15
202202,2022,2,Salvador,BA,Nordeste,10841,1.25
202203,2022,3,Salvador,BA,Nordeste,10841,2.71
202204,2022,4,Salvador,BA,Nordeste,10841,2.4
202205,2022,5,Salvador,BA,Nordeste,10841,0.62
202206,2022,6,Salvador,BA,Nordeste,10841,0.35
202207,2022,7,Salvador,BA,Nordeste,10841,0.72
202208,2022,8,Salvador,BA,Nordeste,10841,0.3
202209,2022,9,Salvador,BA,Nordeste,10841,-0.79
202210,2022,10,Salvador,BA,Nordeste,10841,1.05
202211,2022,11,Salvador,BA,Nordeste,10841,0.49
202212,2022,12,Salvador,BA,Nordeste,10841,1.19
202301,2023,1,Salvador,BA,Nordeste,10841,0.27
202302,2023,2,Salvador,BA,Nordeste,10841,0.51
202303,2023,3,Salvador,BA,Nordeste,10841,0.15
202304,2023,4,Salvador,BA,Nordeste,10841,0.68
202305,2023,5,Salvador,BA,Nordeste,10841,0.25
202306,2023,6,Salvador,BA,Nordeste,10841,-0.83
202307,2023,7,Salvador,BA,Nordeste,10841,-0.47
202308,2023,8,Salvador,BA,Nordeste,10841,-0.8
202309,2023,9,Salvador,BA,Nordeste,10841,-0.83
202310,2023,10,Salvador,BA,Nordeste,10841,0.13
202311,2023,11,Salvador,BA,Nordeste,10841,0.27
202312,2023,12,Salvador,BA,Nordeste,10841,0.91
202401,2024,1,Salvador,BA,Nordeste,10841,1.41
202402,2024,2,Salvador,BA,Nordeste,10841,0.95
202403,2024,3,Salvador,BA,Nordeste,10841,0.41
202404,2024,4,Salvador,BA,Nordeste,10841,0.73
202405,2024,5,Salvador,BA,Nordeste,10841,0.65
202406,2024,6,Salvador,BA,Nordeste,10841,0.47
202407,2024,7,Salvador,BA,Nordeste,10841,-0.84
202408,2024,8,Salvador,BA,Nordeste,10841,-0.54
202409,2024,9,Salvador,BA,Nordeste,10841,0.52
202410,2024,10,Salvador,BA,Nordeste,10841,0.85
202411,2024,11,Salvador,BA,Nordeste,10841,1.5
202412,2024,12,Salvador,BA,Nordeste,10841,0.98
201501,2015,1,Sao Paulo,SP,Sudeste,10841,1.52
201502,2015,2,Sao Paulo,SP,Sudeste,10841,0.97
201503,2015,3,Sao Paulo,SP,Sudeste,10841,1.03
201504,2015,4,Sao Paulo,SP,Sudeste,10841,0.71
201505,2015,5,Sao Paulo,SP,Sudeste,10841,1.26
201506,2015,6,Sao Paulo,SP,Sudeste,10841,0.69
201507,2015,7,Sao Paulo,SP,Sudeste,10841,0.5
201508,2015,8,Sao Paulo,SP,Sudeste,10841,-0.03
201509,2015,9,Sao Paulo,SP,Sudeste,10841,0.06
201510,2015,10,Sao Paulo,SP,Sudeste,10841,1.0
201511,2015,11,Sao Paulo,SP,Sudeste,10841,2.3
201512,2015,12,Sao Paulo,SP,Sudeste,10841,1.66
201601,2016,1,Sao Paulo,SP,Sudeste,10841,2.48
201602,2016,2,Sao Paulo,SP,Sudeste,10841,1.44
201603,2016,3,Sao Paulo,SP,Sudeste,10841,1.51
201604,2016,4,Sao Paulo,SP,Sudeste,10841,0.71
201605,2016,5,Sao Paulo,SP,Sudeste,10841,0.81
201606,2016,6,Sao Paulo,SP,Sudeste,10841,0.68
201607,2016,7,Sao Paulo,SP,Sudeste,10841,1.33
201608,2016,8,Sao Paulo,SP,Sudeste,10841,0.39
201609,2016,9,Sao Paulo,SP,Sudeste,10841,-0.47
201610,2016,10,Sao Paulo,SP,Sudeste,10841,-0.14
201611,2016,11,Sao Paulo,SP,Sudeste,10841,-0.06
201612,2016,12,Sao Paulo,SP,Sudeste,10841,0.32
201701,2017,1,Sao Paulo,SP,Sudeste,10841,0.32
201702,2017,2,Sao Paulo,SP,Sudeste,10841,-0.47
201703,2017,3,Sao Paulo,SP,Sudeste,10841,0.18
201704,2017,4,Sao Paulo,SP,Sudeste,10841,0.34
201705,2017,5,Sao Paulo,SP,Sudeste,10841,-0.44
201706,2017,6,Sao Paulo,SP,Sudeste,10841,-0.81
201707,2017,7,Sao Paulo,SP,Sudeste,10841,-0.54
201708,2017,8,Sao Paulo,SP,Sudeste,10841,-1.11
201709,2017,9,Sao Paulo,SP,Sudeste,10841,-0.37
201710,2017,10,Sao Paulo,SP,Sudeste,10841,0.01
201711,2017,11,Sao Paulo,SP,Sudeste,10841,-0.29
201712,2017,12,Sao Paulo,SP,Sudeste,10841,0.48
201801,2018,1,Sao Paulo,SP,Sudeste,10841,0.9
201802,2018,2,Sao Paulo,SP,Sudeste,10841,-0.32
201803,2018,3,Sao Paulo,SP,Sudeste,10841,-0.07
201804,2018,4,Sao Paulo,SP,Sudeste,10841,0.12
201805,2018,5,Sao Paulo,SP,Sudeste,10841,0.19
201806,2018,6,Sao Paulo,SP,Sudeste,10841,2.29
201807,2018,7,Sao Paulo,SP,Sudeste,10841,-0.56
201808,2018,8,Sao Paulo,SP,Sudeste,10841,-0.46
201809,2018,9,Sao Paulo,SP,Sudeste,10841,0.36
201810,2018,10,Sao Paulo,SP,Sudeste,10841,0.81
201811,2018,11,Sao Paulo,SP,Sudeste,10841,-0.28
201812,2018,12,Sao Paulo,SP,Sudeste,10841,0.32
201901,2019,1,Sao Paulo,SP,Sudeste,10841,0.64
201902,2019,2,Sao Paulo,SP,Sudeste,10841,0.9
201903,2019,3,Sao Paulo,SP,Sudeste,10841,1.74
201904,2019,4,Sao Paulo,SP,Sudeste,10841,0.78
201905,2019,5,Sao Paulo,SP,Sudeste,10841,-0.6
201906,2019,6,Sao Paulo,SP,Sudeste,10841,-0.28
201907,2019,7,Sao Paulo,SP,Sudeste,10841,-0.32
201908,2019,8,Sao Paulo,SP,Sudeste,10841,-0.51
201909,2019,9,Sao Paulo,SP,Sudeste,10841,-0.3
201910,2019,10,Sao Paulo,SP,Sudeste,10841,0.19
201911,2019,11,Sao Paulo,SP,Sudeste,10841,0.82
201912,2019,12,Sao Paulo,SP,Sudeste,10841,3.55
202001,2020,1,Sao Paulo,SP,Sudeste,10841,-0.14
202002,2020,2,Sao Paulo,SP,Sudeste,10841,0.46
202003,2020,3,Sao Paulo,SP,Sudeste,10841,0.9
202004,2020,4,Sao Paulo,SP,Sudeste,10841,1.05
202005,2020,5,Sao Paulo,SP,Sudeste,10841,0.11
202006,2020,6,Sao Paulo,SP,Sudeste,10841,0.34
202007,2020,7,Sao Paulo,SP,Sudeste,10841,0.23
202008,2020,8,Sao Paulo,SP,Sudeste,10841,1.11
202009,2020,9,Sao Paulo,SP,Sudeste,10841,2.17
202010,2020,10,Sao Paulo,SP,Sudeste,10841,2.03
202011,2020,11,Sao Paulo,SP,Sudeste,10841,2.51
202012,2020,12,Sao Paulo,SP,Sudeste,10841,1.75
202101,2021,1,Sao Paulo,SP,Sudeste,10841,0.88
202102,2021,2,Sao Paulo,SP,Sudeste,10841,0.71
202103,2021,3,Sao Paulo,SP,Sudeste,10841,0.32
202104,2021,4,Sao Paulo,SP,Sudeste,10841,0.4
202105,2021,5,Sao Paulo,SP,Sudeste,10841,0.8
202106,2021,6,Sao Paulo,SP,Sudeste,10841,0.51
202107,2021,7,Sao Paulo,SP,Sudeste,10841,0.63
202108,2021,8,Sao Paulo,SP,Sudeste,10841,1.3
202109,2021,9,Sao Paulo,SP,Sudeste,10841,1.28
202110,2021,10,Sao Paulo,SP,Sudeste,10841,1.31
202111,2021,11,Sao Paulo,SP,Sudeste,10841,0.04
202112,2021,12,Sao Paulo,SP,Sudeste,10841,0.88
202201,2022,1,Sao Paulo,SP,Sudeste,10841,1.15
202202,2022,2,Sao Paulo,SP,Sudeste,10841,1.25
202203,2022,3,Sao Paulo,SP,Sudeste,10841,2.71
202204,2022,4,Sao Paulo,SP,Sudeste,10841,2.4
202205,2022,5,Sao Paulo,SP,Sudeste,10841,0.62
202206,2022,6,Sao Paulo,SP,Sudeste,10841,0.35
202207,2022,7,Sao Paulo,SP,Sudeste,10841,0.72
202208,2022,8,Sao Paulo,SP,Sudeste,10841,0.3
202209,2022,9,Sao Paulo,SP,Sudeste,10841,-0.79
202210,2022,10,Sao Paulo,SP,Sudeste,10841,1.05
202211,2022,11,Sao Paulo,SP,Sudeste,10841,0.49
202212,2022,12,Sao Paulo,SP,Sudeste,10841,1.19
202301,2023,1,Sao Paulo,SP,Sudeste,10841,0.27
202302,2023,2,Sao Paulo,SP,Sudeste,10841,0.51
202303,2023,3,Sao Paulo,SP,Sudeste,10841,0.15
202304,2023,4,Sao Paulo,SP,Sudeste,10841,0.68
202305,2023,5,Sao Paulo,SP,Sudeste,10841,0.25
202306,2023,6,Sao Paulo,SP,Sudeste,10841,-0.83
202307,2023,7,Sao Paulo,SP,Sudeste,10841,-0.47
202308,2023,8,Sao Paulo,SP,Sudeste,10841,-0.8
202309,2023,9,Sao Paulo,SP,Sudeste,10841,-0.83
202310,2023,10,Sao Paulo,SP,Sudeste,10841,0.13
202311,2023,11,Sao Paulo,SP,Sudeste,10841,0.27
202312,2023,12,Sao Paulo,SP,Sudeste,10841,0.91
202401,2024,1,Sao Paulo,SP,Sudeste,10841,1.41
202402,2024,2,Sao Paulo,SP,Sudeste,10841,0.95
202403,2024,3,Sao Paulo,SP,Sudeste,10841,0.41
202404,2024,4,Sao Paulo,SP,Sudeste,10841,0.73
202405,2024,5,Sao Paulo,SP,Sudeste,10841,0.65
202406,2024,6,Sao Paulo,SP,Sudeste,10841,0.47
202407,2024,7,Sao Paulo,SP,Sudeste,10841,-0.84
202408,2024,8,Sao Paulo,SP,Sudeste,10841,-0.54
202409,2024,9,Sao Paulo,SP,Sudeste,10841,0.52
202410,2024,10,Sao Paulo,SP,Sudeste,10841,0.85
202411,2024,11,Sao Paulo,SP,Sudeste,10841,1.5
202412,2024,12,Sao Paulo,SP,Sudeste,10841,0.98
