periodo,ano,mes,id_categoria,categoria,codigo,nome,unidade,valor
198001,1980,1,ipca_geral,Índice Geral,PRECOS12_IPCAG12,IPCA - Variação mensal - Geral,%,6.61564916057387
198002,1980,2,ipca_geral,Índice Geral,PRECOS12_IPCAG12,IPCA - Variação mensal - Geral,%,4.61691885303424
198003,1980,3,ipca_geral,Índice Geral,PRECOS12_IPCAG12,IPCA - Variação mensal - Geral,%,6.03838866463464
198004,1980,4,ipca_geral,Índice Geral,PRECOS12_IPCAG12,IPCA - Variação mensal - Geral,%,5.28611382402557
198005,1980,5,ipca_geral,Índice Geral,PRECOS12_IPCAG12,IPCA - Variação mensal - Geral,%,5.70272065101669
198006,1980,6,ipca_geral,Índice Geral,PRECOS12_IPCAG12,IPCA - Variação mensal - Geral,%,5.30530430706944
198007,1980,7,ipca_geral,Índice Geral,PRECOS12_IPCAG12,IPCA - Variação mensal - Geral,%,5.54561209125259
198008,1980,8,ipca_geral,Índice Geral,PRECOS12_IPCAG12,IPCA - Variação mensal - Geral,%,4.94558244282344
198009,1980,9,ipca_geral,Índice Geral,PRECOS12_IPCAG12,IPCA - Variação mensal - Geral,%,4.23032531099046
198010,1980,10,ipca_geral,Índice Geral,PRECOS12_IPCAG12,IPCA - Variação mensal - Geral,%,9.4805311984776
198011,1980,11,ipca_geral,Índice Geral,PRECOS12_IPCAG12,IPCA - Variação mensal - Geral,%,6.67335975605188
198012,1980,12,ipca_geral,Índice Geral,PRECOS12_IPCAG12,IPCA - Variação mensal - Geral,%,6.61408363651688
198101,1981,1,ipca_geral,Índice Geral,PRECOS12_IPCAG12,IPCA - Variação mensal - Geral,%,6.83751111696695
198102,1981,2,ipca_geral,Índice Geral,PRECOS12_IPCAG12,IPCA - Variação mensal - Geral,%,6.40114938276171
198103,1981,3,ipca_geral,Índice Geral,PRECOS12_IPCAG12,IPCA - Variação mensal - Geral,%,4.97174813827477
198104,1981,4,ipca_geral,Índice Geral,PRECOS12_IPCAG12,IPCA - Variação mensal - Geral,%,6.46206675720737
198105,1981,5,ipca_geral,Índice Geral,PRECOS12_IPCAG12,IPCA - Variação mensal - Geral,%,5.55956004750076
198106,1981,6,ipca_geral,Índice Geral,PRECOS12_IPCAG12,IPCA - Variação mensal - Geral,%,5.51778345450973
198107,1981,7,ipca_geral,Índice Geral,PRECOS12_IPCAG12,IPCA - Variação mensal - Geral,%,6.25581958359716
198108,1981,8,ipca_geral,Índice Geral,PRECOS12_IPCAG12,IPCA - Variação mensal - Geral,%,5.49579588921654
198109,1981,9,ipca_geral,Índice Geral,PRECOS12_IPCAG12,IPCA - Variação mensal - Geral,%,5.25684049640323
198110,1981,10,ipca_geral,Índice Geral,PRECOS12_IPCAG12,IPCA - Variação mensal - Geral,%,5.07755623863095
198111,1981,11,ipca_geral,Índice Geral,PRECOS12_IPCAG12,IPCA - Variação mensal - Geral,%,5.27155769685728
198112,1981,12,ipca_geral,Índice Geral,PRECOS12_IPCAG12,IPCA - Variação mensal - Geral,%,5.92541066937771
198201,1982,1,ipca_geral,Índice Geral,PRECOS12_IPCAG12,IPCA - Variação mensal - Geral,%,6.97
198202,1982,2,ipca_geral,Índice Geral,PRECOS12_IPCAG12,IPCA - Variação mensal - Geral,%,6.63669449796618
198203,1982,3,ipca_geral,Índice Geral,PRECOS12_IPCAG12,IPCA - Variação mensal - Geral,%,5.71259019568477
198204,1982,4,ipca_geral,Índice Geral,PRECOS12_IPCAG12,IPCA - Variação mensal - Geral,%,5.88733078811474
198205,1982,5,ipca_geral,Índice Geral,PRECOS12_IPCAG12,IPCA - Variação mensal - Geral,%,6.65854295413002
198206,1982,6,ipca_geral,Índice Geral,PRECOS12_IPCAG12,IPCA - Variação mensal - Geral,%,7.1049156490645
198207,1982,7,ipca_geral,Índice Geral,PRECOS12_IPCAG12,IPCA - Variação mensal - Geral,%,6.35792506805384
198208,1982,8,ipca_geral,Índice Geral,PRECOS12_IPCAG12,IPCA - Variação mensal - Geral,%,5.97286443069576
198209,1982,9,ipca_geral,Índice Geral,PRECOS12_IPCAG12,IPCA - Variação mensal - Geral,%,5.08025991265231
198210,1982,10,ipca_geral,Índice Geral,PRECOS12_IPCAG12,IPCA - Variação mensal - Geral,%,4.44241701172012
198211,1982,11,ipca_geral,Índice Geral,PRECOS12_IPCAG12,IPCA - Variação mensal - Geral,%,5.28845435947976
198212,1982,12,ipca_geral,Índice Geral,PRECOS12_IPCAG12,IPCA - Variação mensal - Geral,%,7.80591577510481
198301,1983,1,ipca_geral,Índice Geral,PRECOS12_IPCAG12,IPCA - Variação mensal - Geral,%,8.64110031457763
198302,1983,2,ipca_geral,Índice Geral,PRECOS12_IPCAG12,IPCA - Variação mensal - Geral,%,7.85814293174301
198303,1983,3,ipca_geral,Índice Geral,PRECOS12_IPCAG12,IPCA - Variação mensal - Geral,%,7.34484921714165
198304,1983,4,ipca_geral,Índice Geral,PRECOS12_IPCAG12,IPCA - Variação mensal - Geral,%,6.57925871889702
198305,1983,5,ipca_geral,Índice Geral,PRECOS12_IPCAG12,IPCA - Variação mensal - Geral,%,6.48295911045147
198306,1983,6,ipca_geral,Índice Geral,PRECOS12_IPCAG12,IPCA - Variação mensal - Geral,%,9.88034747269024
198307,1983,7,ipca_geral,Índice Geral,PRECOS12_IPCAG12,IPCA - Variação mensal - Geral,%,10.0784385260854
198308,1983,8,ipca_geral,Índice Geral,PRECOS12_IPCAG12,IPCA - Variação mensal - Geral,%,9.11121206320362
198309,1983,9,ipca_geral,Índice Geral,PRECOS12_IPCAG12,IPCA - Variação mensal - Geral,%,10.3006011324368
198310,1983,10,ipca_geral,Índice Geral,PRECOS12_IPCAG12,IPCA - Variação mensal - Geral,%,8.86655028717669
198311,1983,11,ipca_geral,Índice Geral,PRECOS12_IPCAG12,IPCA - Variação mensal - Geral,%,7.38424120483205
198312,1983,12,ipca_geral,Índice Geral,PRECOS12_IPCAG12,IPCA - Variação mensal - Geral,%,8.67709911366168
198401,1984,1,ipca_geral,Índice Geral,PRECOS12_IPCAG12,IPCA - Variação mensal - Geral,%,9.66893843794649
198402,1984,2,ipca_geral,Índice Geral,PRECOS12_IPCAG12,IPCA - Variação mensal - Geral,%,9.50073747527316
198403,1984,3,ipca_geral,Índice Geral,PRECOS12_IPCAG12,IPCA - Variação mensal - Geral,%,8.93854835530752
198404,1984,4,ipca_geral,Índice Geral,PRECOS12_IPCAG12,IPCA - Variação mensal - Geral,%,9.54299673817356
198405,1984,5,ipca_geral,Índice Geral,PRECOS12_IPCAG12,IPCA - Variação mensal - Geral,%,9.05022353152869
198406,1984,6,ipca_geral,Índice Geral,PRECOS12_IPCAG12,IPCA - Variação mensal - Geral,%,10.080186654476
198407,1984,7,ipca_geral,Índice Geral,PRECOS12_IPCAG12,IPCA - Variação mensal - Geral,%,9.72466766958673
198408,1984,8,ipca_geral,Índice Geral,PRECOS12_IPCAG12,IPCA - Variação mensal - Geral,%,9.349208255734
198409,1984,9,ipca_geral,Índice Geral,PRECOS12_IPCAG12,IPCA - Variação mensal - Geral,%,11.748073391284
198410,1984,10,ipca_geral,Índice Geral,PRECOS12_IPCAG12,IPCA - Variação mensal - Geral,%,10.4371986364108
198411,1984,11,ipca_geral,Índice Geral,PRECOS12_IPCAG12,IPCA - Variação mensal - Geral,%,10.5263376674186
198412,1984,12,ipca_geral,Índice Geral,PRECOS12_IPCAG12,IPCA - Variação mensal - Geral,%,11.9772318197023
198501,1985,1,ipca_geral,Índice Geral,PRECOS12_IPCAG12,IPCA - Variação mensal - Geral,%,11.7592623142395
198502,1985,2,ipca_geral,Índice Geral,PRECOS12_IPCAG12,IPCA - Variação mensal - Geral,%,10.8652460303697
198503,1985,3,ipca_geral,Índice Geral,PRECOS12_IPCAG12,IPCA - Variação mensal - Geral,%,10.1622895878452
198504,1985,4,ipca_geral,Índice Geral,PRECOS12_IPCAG12,IPCA - Variação mensal - Geral,%,8.19533579264864
198505,1985,5,ipca_geral,Índice Geral,PRECOS12_IPCAG12,IPCA - Variação mensal - Geral,%,7.19583929607517
198506,1985,6,ipca_geral,Índice Geral,PRECOS12_IPCAG12,IPCA - Variação mensal - Geral,%,8.49392906572883
198507,1985,7,ipca_geral,Índice Geral,PRECOS12_IPCAG12,IPCA - Variação mensal - Geral,%,10.3129983324072
198508,1985,8,ipca_geral,Índice Geral,PRECOS12_IPCAG12,IPCA - Variação mensal - Geral,%,12.0495633121291
198509,1985,9,ipca_geral,Índice Geral,PRECOS12_IPCAG12,IPCA - Variação mensal - Geral,%,11.1174031746806
198510,1985,10,ipca_geral,Índice Geral,PRECOS12_IPCAG12,IPCA - Variação mensal - Geral,%,10.616449226659
198511,1985,11,ipca_geral,Índice Geral,PRECOS12_IPCAG12,IPCA - Variação mensal - Geral,%,13.9729386379311
198512,1985,12,ipca_geral,Índice Geral,PRECOS12_IPCAG12,IPCA - Variação mensal - Geral,%,15.0730453195001
198601,1986,1,ipca_geral,Índice Geral,PRECOS12_IPCAG12,IPCA - Variação mensal - Geral,%,14.372350612334
198602,1986,2,ipca_geral,Índice Geral,PRECOS12_IPCAG12,IPCA - Variação mensal - Geral,%,12.7162572340223
198603,1986,3,ipca_geral,Índice Geral,PRECOS12_IPCAG12,IPCA - Variação mensal - Geral,%,4.77018576799688
198604,1986,4,ipca_geral,Índice Geral,PRECOS12_IPCAG12,IPCA - Variação mensal - Geral,%,0.780003209052493
198605,1986,5,ipca_geral,Índice Geral,PRECOS12_IPCAG12,IPCA - Variação mensal - Geral,%,1.39908695970441
198606,1986,6,ipca_geral,Índice Geral,PRECOS12_IPCAG12,IPCA - Variação mensal - Geral,%,1.27213974966598
198607,1986,7,ipca_geral,Índice Geral,PRECOS12_IPCAG12,IPCA - Variação mensal - Geral,%,1.71030699984629
198608,1986,8,ipca_geral,Índice Geral,PRECOS12_IPCAG12,IPCA - Variação mensal - Geral,%,3.55311008748136
198609,1986,9,ipca_geral,Índice Geral,PRECOS12_IPCAG12,IPCA - Variação mensal - Geral,%,1.71559599894644
198610,1986,10,ipca_geral,Índice Geral,PRECOS12_IPCAG12,IPCA - Variação mensal - Geral,%,1.90312887367812
198611,1986,11,ipca_geral,Índice Geral,PRECOS12_IPCAG12,IPCA - Variação mensal - Geral,%,5.45229256771305
198612,1986,12,ipca_geral,Índice Geral,PRECOS12_IPCAG12,IPCA - Variação mensal - Geral,%,11.6501578923634
198701,1987,1,ipca_geral,Índice Geral,PRECOS12_IPCAG12,IPCA - Variação mensal - Geral,%,13.2085420443698
198702,1987,2,ipca_geral,Índice Geral,PRECOS12_IPCAG12,IPCA - Variação mensal - Geral,%,12.6369622828461
198703,1987,3,ipca_geral,Índice Geral,PRECOS12_IPCAG12,IPCA - Variação mensal - Geral,%,16.3718886126484
198704,1987,4,ipca_geral,Índice Geral,PRECOS12_IPCAG12,IPCA - Variação mensal - Geral,%,19.0992440017466
198705,1987,5,ipca_geral,Índice Geral,PRECOS12_IPCAG12,IPCA - Variação mensal - Geral,%,21.4513604362137
198706,1987,6,ipca_geral,Índice Geral,PRECOS12_IPCAG12,IPCA - Variação mensal - Geral,%,19.7114041003811
198707,1987,7,ipca_geral,Índice Geral,PRECOS12_IPCAG12,IPCA - Variação mensal - Geral,%,9.21006335448926
198708,1987,8,ipca_geral,Índice Geral,PRECOS12_IPCAG12,IPCA - Variação mensal - Geral,%,4.87033868986431
198709,1987,9,ipca_geral,Índice Geral,PRECOS12_IPCAG12,IPCA - Variação mensal - Geral,%,7.78112778452082
198710,1987,10,ipca_geral,Índice Geral,PRECOS12_IPCAG12,IPCA - Variação mensal - Geral,%,11.2201362464978
198711,1987,11,ipca_geral,Índice Geral,PRECOS12_IPCAG12,IPCA - Variação mensal - Geral,%,15.0790605790378
198712,1987,12,ipca_geral,Índice Geral,PRECOS12_IPCAG12,IPCA - Variação mensal - Geral,%,14.149476080044
198801,1988,1,ipca_geral,Índice Geral,PRECOS12_IPCAG12,IPCA - Variação mensal - Geral,%,18.8894119486055
198802,1988,2,ipca_geral,Índice Geral,PRECOS12_IPCAG12,IPCA - Variação mensal - Geral,%,15.6999192311274
198803,1988,3,ipca_geral,Índice Geral,PRECOS12_IPCAG12,IPCA - Variação mensal - Geral,%,17.6005096449912
198804,1988,4,ipca_geral,Índice Geral,PRECOS12_IPCAG12,IPCA - Variação mensal - Geral,%,19.289611020104
198805,1988,5,ipca_geral,Índice Geral,PRECOS12_IPCAG12,IPCA - Variação mensal - Geral,%,17.4196102684731
198806,1988,6,ipca_geral,Índice Geral,PRECOS12_IPCAG12,IPCA - Variação mensal - Geral,%,21.9999567113798
198807,1988,7,ipca_geral,Índice Geral,PRECOS12_IPCAG12,IPCA - Variação mensal - Geral,%,21.9100827347729
198808,1988,8,ipca_geral,Índice Geral,PRECOS12_IPCAG12,IPCA - Variação mensal - Geral,%,21.5899025433588
198809,1988,9,ipca_geral,Índice Geral,PRECOS12_IPCAG12,IPCA - Variação mensal - Geral,%,27.4500566281219
198810,1988,10,ipca_geral,Índice Geral,PRECOS12_IPCAG12,IPCA - Variação mensal - Geral,%,25.6199502763823
198811,1988,11,ipca_geral,Índice Geral,PRECOS12_IPCAG12,IPCA - Variação mensal - Geral,%,27.9401182575175
198812,1988,12,ipca_geral,Índice Geral,PRECOS12_IPCAG12,IPCA - Variação mensal - Geral,%,28.7000421554845
198901,1989,1,ipca_geral,Índice Geral,PRECOS12_IPCAG12,IPCA - Variação mensal - Geral,%,37.4900131389703
198902,1989,2,ipca_geral,Índice Geral,PRECOS12_IPCAG12,IPCA - Variação mensal - Geral,%,16.7799911109576
198903,1989,3,ipca_geral,Índice Geral,PRECOS12_IPCAG12,IPCA - Variação mensal - Geral,%,6.81999298355687
198904,1989,4,ipca_geral,Índice Geral,PRECOS12_IPCAG12,IPCA - Variação mensal - Geral,%,8.33001328407432
198905,1989,5,ipca_geral,Índice Geral,PRECOS12_IPCAG12,IPCA - Variação mensal - Geral,%,17.9199698809895
198906,1989,6,ipca_geral,Índice Geral,PRECOS12_IPCAG12,IPCA - Variação mensal - Geral,%,28.6499913805517
198907,1989,7,ipca_geral,Índice Geral,PRECOS12_IPCAG12,IPCA - Variação mensal - Geral,%,27.7399781982557
198908,1989,8,ipca_geral,Índice Geral,PRECOS12_IPCAG12,IPCA - Variação mensal - Geral,%,33.7100177014151
198909,1989,9,ipca_geral,Índice Geral,PRECOS12_IPCAG12,IPCA - Variação mensal - Geral,%,37.5599986814975
198910,1989,10,ipca_geral,Índice Geral,PRECOS12_IPCAG12,IPCA - Variação mensal - Geral,%,39.7699962388339
198911,1989,11,ipca_geral,Índice Geral,PRECOS12_IPCAG12,IPCA - Variação mensal - Geral,%,47.8200013523556
198912,1989,12,ipca_geral,Índice Geral,PRECOS12_IPCAG12,IPCA - Variação mensal - Geral,%,51.4999991811612
199001,1990,1,ipca_geral,Índice Geral,PRECOS12_IPCAG12,IPCA - Variação mensal - Geral,%,67.5500022769304
199002,1990,2,ipca_geral,Índice Geral,PRECOS12_IPCAG12,IPCA - Variação mensal - Geral,%,75.7299986066639
199003,1990,3,ipca_geral,Índice Geral,PRECOS12_IPCAG12,IPCA - Variação mensal - Geral,%,82.3899996561932
199004,1990,4,ipca_geral,Índice Geral,PRECOS12_IPCAG12,IPCA - Variação mensal - Geral,%,15.5199994367887
199005,1990,5,ipca_geral,Índice Geral,PRECOS12_IPCAG12,IPCA - Variação mensal - Geral,%,7.58999959346331
199006,1990,6,ipca_geral,Índice Geral,PRECOS12_IPCAG12,IPCA - Variação mensal - Geral,%,11.7500003554595
199007,1990,7,ipca_geral,Índice Geral,PRECOS12_IPCAG12,IPCA - Variação mensal - Geral,%,12.9199996725029
199008,1990,8,ipca_geral,Índice Geral,PRECOS12_IPCAG12,IPCA - Variação mensal - Geral,%,12.8800001004814
199009,1990,9,ipca_geral,Índice Geral,PRECOS12_IPCAG12,IPCA - Variação mensal - Geral,%,14.4100001331324
199010,1990,10,ipca_geral,Índice Geral,PRECOS12_IPCAG12,IPCA - Variação mensal - Geral,%,14.360000224235
199011,1990,11,ipca_geral,Índice Geral,PRECOS12_IPCAG12,IPCA - Variação mensal - Geral,%,16.8099997421144
199012,1990,12,ipca_geral,Índice Geral,PRECOS12_IPCAG12,IPCA - Variação mensal - Geral,%,18.4400001214591
199101,1991,1,ipca_geral,Índice Geral,PRECOS12_IPCAG12,IPCA - Variação mensal - Geral,%,20.7499999998929
199102,1991,2,ipca_geral,Índice Geral,PRECOS12_IPCAG12,IPCA - Variação mensal - Geral,%,20.7204968944973
199103,1991,3,ipca_geral,Índice Geral,PRECOS12_IPCAG12,IPCA - Variação mensal - Geral,%,11.9228922274432
199104,1991,4,ipca_geral,Índice Geral,PRECOS12_IPCAG12,IPCA - Variação mensal - Geral,%,4.98927367451969
199105,1991,5,ipca_geral,Índice Geral,PRECOS12_IPCAG12,IPCA - Variação mensal - Geral,%,7.43184073796834
199106,1991,6,ipca_geral,Índice Geral,PRECOS12_IPCAG12,IPCA - Variação mensal - Geral,%,11.1890011954962
199107,1991,7,ipca_geral,Índice Geral,PRECOS12_IPCAG12,IPCA - Variação mensal - Geral,%,12.4089731684533
199108,1991,8,ipca_geral,Índice Geral,PRECOS12_IPCAG12,IPCA - Variação mensal - Geral,%,15.6304347826289
199109,1991,9,ipca_geral,Índice Geral,PRECOS12_IPCAG12,IPCA - Variação mensal - Geral,%,15.6307576611999
199110,1991,10,ipca_geral,Índice Geral,PRECOS12_IPCAG12,IPCA - Variação mensal - Geral,%,20.229578563966
199111,1991,11,ipca_geral,Índice Geral,PRECOS12_IPCAG12,IPCA - Variação mensal - Geral,%,25.2102885889731
199112,1991,12,ipca_geral,Índice Geral,PRECOS12_IPCAG12,IPCA - Variação mensal - Geral,%,23.7093359830779
199201,1992,1,ipca_geral,Índice Geral,PRECOS12_IPCAG12,IPCA - Variação mensal - Geral,%,25.9402828706209
199202,1992,2,ipca_geral,Índice Geral,PRECOS12_IPCAG12,IPCA - Variação mensal - Geral,%,24.3199401048005
199203,1992,3,ipca_geral,Índice Geral,PRECOS12_IPCAG12,IPCA - Variação mensal - Geral,%,21.4002921922404
199204,1992,4,ipca_geral,Índice Geral,PRECOS12_IPCAG12,IPCA - Variação mensal - Geral,%,19.9299992650712
199205,1992,5,ipca_geral,Índice Geral,PRECOS12_IPCAG12,IPCA - Variação mensal - Geral,%,24.8600163920702
199206,1992,6,ipca_geral,Índice Geral,PRECOS12_IPCAG12,IPCA - Variação mensal - Geral,%,20.2102990073923
199207,1992,7,ipca_geral,Índice Geral,PRECOS12_IPCAG12,IPCA - Variação mensal - Geral,%,21.8300586884413
199208,1992,8,ipca_geral,Índice Geral,PRECOS12_IPCAG12,IPCA - Variação mensal - Geral,%,22.1400266414289
199209,1992,9,ipca_geral,Índice Geral,PRECOS12_IPCAG12,IPCA - Variação mensal - Geral,%,24.6299471843048
199210,1992,10,ipca_geral,Índice Geral,PRECOS12_IPCAG12,IPCA - Variação mensal - Geral,%,25.2399586126395
199211,1992,11,ipca_geral,Índice Geral,PRECOS12_IPCAG12,IPCA - Variação mensal - Geral,%,22.4900410224186
199212,1992,12,ipca_geral,Índice Geral,PRECOS12_IPCAG12,IPCA - Variação mensal - Geral,%,25.2399667786607
199301,1993,1,ipca_geral,Índice Geral,PRECOS12_IPCAG12,IPCA - Variação mensal - Geral,%,30.3499532354874
199302,1993,2,ipca_geral,Índice Geral,PRECOS12_IPCAG12,IPCA - Variação mensal - Geral,%,24.9800016701904
199303,1993,3,ipca_geral,Índice Geral,PRECOS12_IPCAG12,IPCA - Variação mensal - Geral,%,27.2600190080482
199304,1993,4,ipca_geral,Índice Geral,PRECOS12_IPCAG12,IPCA - Variação mensal - Geral,%,27.7499668387366
199305,1993,5,ipca_geral,Índice Geral,PRECOS12_IPCAG12,IPCA - Variação mensal - Geral,%,27.6899864531981
199306,1993,6,ipca_geral,Índice Geral,PRECOS12_IPCAG12,IPCA - Variação mensal - Geral,%,30.0700118119261
199307,1993,7,ipca_geral,Índice Geral,PRECOS12_IPCAG12,IPCA - Variação mensal - Geral,%,30.7200038551982
199308,1993,8,ipca_geral,Índice Geral,PRECOS12_IPCAG12,IPCA - Variação mensal - Geral,%,32.9600084092141
199309,1993,9,ipca_geral,Índice Geral,PRECOS12_IPCAG12,IPCA - Variação mensal - Geral,%,35.6899970044235
199310,1993,10,ipca_geral,Índice Geral,PRECOS12_IPCAG12,IPCA - Variação mensal - Geral,%,33.9199998011862
199311,1993,11,ipca_geral,Índice Geral,PRECOS12_IPCAG12,IPCA - Variação mensal - Geral,%,35.5600051465149
199312,1993,12,ipca_geral,Índice Geral,PRECOS12_IPCAG12,IPCA - Variação mensal - Geral,%,36.8400014419342
199401,1994,1,ipca_geral,Índice Geral,PRECOS12_IPCAG12,IPCA - Variação mensal - Geral,%,41.31
199402,1994,2,ipca_geral,Índice Geral,PRECOS12_IPCAG12,IPCA - Variação mensal - Geral,%,40.2731583044371
199403,1994,3,ipca_geral,Índice Geral,PRECOS12_IPCAG12,IPCA - Variação mensal - Geral,%,42.7504792654626
199404,1994,4,ipca_geral,Índice Geral,PRECOS12_IPCAG12,IPCA - Variação mensal - Geral,%,42.6809443030817
199405,1994,5,ipca_geral,Índice Geral,PRECOS12_IPCAG12,IPCA - Variação mensal - Geral,%,44.029425606222
199406,1994,6,ipca_geral,Índice Geral,PRECOS12_IPCAG12,IPCA - Variação mensal - Geral,%,47.4298784157939
199407,1994,7,ipca_geral,Índice Geral,PRECOS12_IPCAG12,IPCA - Variação mensal - Geral,%,6.84015910602014
199408,1994,8,ipca_geral,Índice Geral,PRECOS12_IPCAG12,IPCA - Variação mensal - Geral,%,1.86040417935869
199409,1994,9,ipca_geral,Índice Geral,PRECOS12_IPCAG12,IPCA - Variação mensal - Geral,%,1.5295239932688
199410,1994,10,ipca_geral,Índice Geral,PRECOS12_IPCAG12,IPCA - Variação mensal - Geral,%,2.6202440775305
199411,1994,11,ipca_geral,Índice Geral,PRECOS12_IPCAG12,IPCA - Variação mensal - Geral,%,2.8094973561303
199412,1994,12,ipca_geral,Índice Geral,PRECOS12_IPCAG12,IPCA - Variação mensal - Geral,%,1.7100773487297
199501,1995,1,ipca_geral,Índice Geral,PRECOS12_IPCAG12,IPCA - Variação mensal - Geral,%,1.7000177085178
199502,1995,2,ipca_geral,Índice Geral,PRECOS12_IPCAG12,IPCA - Variação mensal - Geral,%,1.01959873856095
199503,1995,3,ipca_geral,Índice Geral,PRECOS12_IPCAG12,IPCA - Variação mensal - Geral,%,1.55035048071399
199504,1995,4,ipca_geral,Índice Geral,PRECOS12_IPCAG12,IPCA - Variação mensal - Geral,%,2.43
199505,1995,5,ipca_geral,Índice Geral,PRECOS12_IPCAG12,IPCA - Variação mensal - Geral,%,2.67
199506,1995,6,ipca_geral,Índice Geral,PRECOS12_IPCAG12,IPCA - Variação mensal - Geral,%,2.26
199507,1995,7,ipca_geral,Índice Geral,PRECOS12_IPCAG12,IPCA - Variação mensal - Geral,%,2.36
199508,1995,8,ipca_geral,Índice Geral,PRECOS12_IPCAG12,IPCA - Variação mensal - Geral,%,0.99
199509,1995,9,ipca_geral,Índice Geral,PRECOS12_IPCAG12,IPCA - Variação mensal - Geral,%,0.99
199510,1995,10,ipca_geral,Índice Geral,PRECOS12_IPCAG12,IPCA - Variação mensal - Geral,%,1.41
199511,1995,11,ipca_geral,Índice Geral,PRECOS12_IPCAG12,IPCA - Variação mensal - Geral,%,1.47
199512,1995,12,ipca_geral,Índice Geral,PRECOS12_IPCAG12,IPCA - Variação mensal - Geral,%,1.56
199601,1996,1,ipca_geral,Índice Geral,PRECOS12_IPCAG12,IPCA - Variação mensal - Geral,%,1.34
199602,1996,2,ipca_geral,Índice Geral,PRECOS12_IPCAG12,IPCA - Variação mensal - Geral,%,1.03
199603,1996,3,ipca_geral,Índice Geral,PRECOS12_IPCAG12,IPCA - Variação mensal - Geral,%,0.35
199604,1996,4,ipca_geral,Índice Geral,PRECOS12_IPCAG12,IPCA - Variação mensal - Geral,%,1.26
199605,1996,5,ipca_geral,Índice Geral,PRECOS12_IPCAG12,IPCA - Variação mensal - Geral,%,1.22
199606,1996,6,ipca_geral,Índice Geral,PRECOS12_IPCAG12,IPCA - Variação mensal - Geral,%,1.19
199607,1996,7,ipca_geral,Índice Geral,PRECOS12_IPCAG12,IPCA - Variação mensal - Geral,%,1.11
199608,1996,8,ipca_geral,Índice Geral,PRECOS12_IPCAG12,IPCA - Variação mensal - Geral,%,0.44
199609,1996,9,ipca_geral,Índice Geral,PRECOS12_IPCAG12,IPCA - Variação mensal - Geral,%,0.15
199610,1996,10,ipca_geral,Índice Geral,PRECOS12_IPCAG12,IPCA - Variação mensal - Geral,%,0.3
199611,1996,11,ipca_geral,Índice Geral,PRECOS12_IPCAG12,IPCA - Variação mensal - Geral,%,0.32
199612,1996,12,ipca_geral,Índice Geral,PRECOS12_IPCAG12,IPCA - Variação mensal - Geral,%,0.47
199701,1997,1,ipca_geral,Índice Geral,PRECOS12_IPCAG12,IPCA - Variação mensal - Geral,%,1.18
199702,1997,2,ipca_geral,Índice Geral,PRECOS12_IPCAG12,IPCA - Variação mensal - Geral,%,0.5
199703,1997,3,ipca_geral,Índice Geral,PRECOS12_IPCAG12,IPCA - Variação mensal - Geral,%,0.51
199704,1997,4,ipca_geral,Índice Geral,PRECOS12_IPCAG12,IPCA - Variação mensal - Geral,%,0.88
199705,1997,5,ipca_geral,Índice Geral,PRECOS12_IPCAG12,IPCA - Variação mensal - Geral,%,0.41
199706,1997,6,ipca_geral,Índice Geral,PRECOS12_IPCAG12,IPCA - Variação mensal - Geral,%,0.54
199707,1997,7,ipca_geral,Índice Geral,PRECOS12_IPCAG12,IPCA - Variação mensal - Geral,%,0.22
199708,1997,8,ipca_geral,Índice Geral,PRECOS12_IPCAG12,IPCA - Variação mensal - Geral,%,-0.02
199709,1997,9,ipca_geral,Índice Geral,PRECOS12_IPCAG12,IPCA - Variação mensal - Geral,%,0.06
199710,1997,10,ipca_geral,Índice Geral,PRECOS12_IPCAG12,IPCA - Variação mensal - Geral,%,0.23
199711,1997,11,ipca_geral,Índice Geral,PRECOS12_IPCAG12,IPCA - Variação mensal - Geral,%,0.17
199712,1997,12,ipca_geral,Índice Geral,PRECOS12_IPCAG12,IPCA - Variação mensal - Geral,%,0.43
199801,1998,1,ipca_geral,Índice Geral,PRECOS12_IPCAG12,IPCA - Variação mensal - Geral,%,0.71
199802,1998,2,ipca_geral,Índice Geral,PRECOS12_IPCAG12,IPCA - Variação mensal - Geral,%,0.46
199803,1998,3,ipca_geral,Índice Geral,PRECOS12_IPCAG12,IPCA - Variação mensal - Geral,%,0.34
199804,1998,4,ipca_geral,Índice Geral,PRECOS12_IPCAG12,IPCA - Variação mensal - Geral,%,0.24
199805,1998,5,ipca_geral,Índice Geral,PRECOS12_IPCAG12,IPCA - Variação mensal - Geral,%,0.5
199806,1998,6,ipca_geral,Índice Geral,PRECOS12_IPCAG12,IPCA - Variação mensal - Geral,%,0.02
199807,1998,7,ipca_geral,Índice Geral,PRECOS12_IPCAG12,IPCA - Variação mensal - Geral,%,-0.12
199808,1998,8,ipca_geral,Índice Geral,PRECOS12_IPCAG12,IPCA - Variação mensal - Geral,%,-0.51
199809,1998,9,ipca_geral,Índice Geral,PRECOS12_IPCAG12,IPCA - Variação mensal - Geral,%,-0.22
199810,1998,10,ipca_geral,Índice Geral,PRECOS12_IPCAG12,IPCA - Variação mensal - Geral,%,0.02
199811,1998,11,ipca_geral,Índice Geral,PRECOS12_IPCAG12,IPCA - Variação mensal - Geral,%,-0.12
199812,1998,12,ipca_geral,Índice Geral,PRECOS12_IPCAG12,IPCA - Variação mensal - Geral,%,0.33
199901,1999,1,ipca_geral,Índice Geral,PRECOS12_IPCAG12,IPCA - Variação mensal - Geral,%,0.7
199902,1999,2,ipca_geral,Índice Geral,PRECOS12_IPCAG12,IPCA - Variação mensal - Geral,%,1.05
199903,1999,3,ipca_geral,Índice Geral,PRECOS12_IPCAG12,IPCA - Variação mensal - Geral,%,1.1
199904,1999,4,ipca_geral,Índice Geral,PRECOS12_IPCAG12,IPCA - Variação mensal - Geral,%,0.56
199905,1999,5,ipca_geral,Índice Geral,PRECOS12_IPCAG12,IPCA - Variação mensal - Geral,%,0.3
199906,1999,6,ipca_geral,Índice Geral,PRECOS12_IPCAG12,IPCA - Variação mensal - Geral,%,0.19
199907,1999,7,ipca_geral,Índice Geral,PRECOS12_IPCAG12,IPCA - Variação mensal - Geral,%,1.09
199908,1999,8,ipca_geral,Índice Geral,PRECOS12_IPCAG12,IPCA - Variação mensal - Geral,%,0.56
199909,1999,9,ipca_geral,Índice Geral,PRECOS12_IPCAG12,IPCA - Variação mensal - Geral,%,0.31
199910,1999,10,ipca_geral,Índice Geral,PRECOS12_IPCAG12,IPCA - Variação mensal - Geral,%,1.19
199911,1999,11,ipca_geral,Índice Geral,PRECOS12_IPCAG12,IPCA - Variação mensal - Geral,%,0.95
199912,1999,12,ipca_geral,Índice Geral,PRECOS12_IPCAG12,IPCA - Variação mensal - Geral,%,0.6
200001,2000,1,ipca_geral,Índice Geral,PRECOS12_IPCAG12,IPCA - Variação mensal - Geral,%,0.62
200002,2000,2,ipca_geral,Índice Geral,PRECOS12_IPCAG12,IPCA - Variação mensal - Geral,%,0.13
200003,2000,3,ipca_geral,Índice Geral,PRECOS12_IPCAG12,IPCA - Variação mensal - Geral,%,0.22
200004,2000,4,ipca_geral,Índice Geral,PRECOS12_IPCAG12,IPCA - Variação mensal - Geral,%,0.42
200005,2000,5,ipca_geral,Índice Geral,PRECOS12_IPCAG12,IPCA - Variação mensal - Geral,%,0.01
200006,2000,6,ipca_geral,Índice Geral,PRECOS12_IPCAG12,IPCA - Variação mensal - Geral,%,0.23
200007,2000,7,ipca_geral,Índice Geral,PRECOS12_IPCAG12,IPCA - Variação mensal - Geral,%,1.61
200008,2000,8,ipca_geral,Índice Geral,PRECOS12_IPCAG12,IPCA - Variação mensal - Geral,%,1.31
200009,2000,9,ipca_geral,Índice Geral,PRECOS12_IPCAG12,IPCA - Variação mensal - Geral,%,0.23
200010,2000,10,ipca_geral,Índice Geral,PRECOS12_IPCAG12,IPCA - Variação mensal - Geral,%,0.14
200011,2000,11,ipca_geral,Índice Geral,PRECOS12_IPCAG12,IPCA - Variação mensal - Geral,%,0.32
200012,2000,12,ipca_geral,Índice Geral,PRECOS12_IPCAG12,IPCA - Variação mensal - Geral,%,0.59
200101,2001,1,ipca_geral,Índice Geral,PRECOS12_IPCAG12,IPCA - Variação mensal - Geral,%,0.57
200102,2001,2,ipca_geral,Índice Geral,PRECOS12_IPCAG12,IPCA - Variação mensal - Geral,%,0.46
200103,2001,3,ipca_geral,Índice Geral,PRECOS12_IPCAG12,IPCA - Variação mensal - Geral,%,0.38
200104,2001,4,ipca_geral,Índice Geral,PRECOS12_IPCAG12,IPCA - Variação mensal - Geral,%,0.58
200105,2001,5,ipca_geral,Índice Geral,PRECOS12_IPCAG12,IPCA - Variação mensal - Geral,%,0.41
200106,2001,6,ipca_geral,Índice Geral,PRECOS12_IPCAG12,IPCA - Variação mensal - Geral,%,0.52
200107,2001,7,ipca_geral,Índice Geral,PRECOS12_IPCAG12,IPCA - Variação mensal - Geral,%,1.33
200108,2001,8,ipca_geral,Índice Geral,PRECOS12_IPCAG12,IPCA - Variação mensal - Geral,%,0.7
200109,2001,9,ipca_geral,Índice Geral,PRECOS12_IPCAG12,IPCA - Variação mensal - Geral,%,0.28
200110,2001,10,ipca_geral,Índice Geral,PRECOS12_IPCAG12,IPCA - Variação mensal - Geral,%,0.83
200111,2001,11,ipca_geral,Índice Geral,PRECOS12_IPCAG12,IPCA - Variação mensal - Geral,%,0.71
200112,2001,12,ipca_geral,Índice Geral,PRECOS12_IPCAG12,IPCA - Variação mensal - Geral,%,0.65
200201,2002,1,ipca_geral,Índice Geral,PRECOS12_IPCAG12,IPCA - Variação mensal - Geral,%,0.52
200202,2002,2,ipca_geral,Índice Geral,PRECOS12_IPCAG12,IPCA - Variação mensal - Geral,%,0.36
200203,2002,3,ipca_geral,Índice Geral,PRECOS12_IPCAG12,IPCA - Variação mensal - Geral,%,0.6
200204,2002,4,ipca_geral,Índice Geral,PRECOS12_IPCAG12,IPCA - Variação mensal - Geral,%,0.8
200205,2002,5,ipca_geral,Índice Geral,PRECOS12_IPCAG12,IPCA - Variação mensal - Geral,%,0.21
200206,2002,6,ipca_geral,Índice Geral,PRECOS12_IPCAG12,IPCA - Variação mensal - Geral,%,0.42
200207,2002,7,ipca_geral,Índice Geral,PRECOS12_IPCAG12,IPCA - Variação mensal - Geral,%,1.19
200208,2002,8,ipca_geral,Índice Geral,PRECOS12_IPCAG12,IPCA - Variação mensal - Geral,%,0.65
200209,2002,9,ipca_geral,Índice Geral,PRECOS12_IPCAG12,IPCA - Variação mensal - Geral,%,0.72
200210,2002,10,ipca_geral,Índice Geral,PRECOS12_IPCAG12,IPCA - Variação mensal - Geral,%,1.31
200211,2002,11,ipca_geral,Índice Geral,PRECOS12_IPCAG12,IPCA - Variação mensal - Geral,%,3.02
200212,2002,12,ipca_geral,Índice Geral,PRECOS12_IPCAG12,IPCA - Variação mensal - Geral,%,2.1
200301,2003,1,ipca_geral,Índice Geral,PRECOS12_IPCAG12,IPCA - Variação mensal - Geral,%,2.25
200302,2003,2,ipca_geral,Índice Geral,PRECOS12_IPCAG12,IPCA - Variação mensal - Geral,%,1.57
200303,2003,3,ipca_geral,Índice Geral,PRECOS12_IPCAG12,IPCA - Variação mensal - Geral,%,1.23
200304,2003,4,ipca_geral,Índice Geral,PRECOS12_IPCAG12,IPCA - Variação mensal - Geral,%,0.97
200305,2003,5,ipca_geral,Índice Geral,PRECOS12_IPCAG12,IPCA - Variação mensal - Geral,%,0.61
200306,2003,6,ipca_geral,Índice Geral,PRECOS12_IPCAG12,IPCA - Variação mensal - Geral,%,-0.15
200307,2003,7,ipca_geral,Índice Geral,PRECOS12_IPCAG12,IPCA - Variação mensal - Geral,%,0.2
200308,2003,8,ipca_geral,Índice Geral,PRECOS12_IPCAG12,IPCA - Variação mensal - Geral,%,0.34
200309,2003,9,ipca_geral,Índice Geral,PRECOS12_IPCAG12,IPCA - Variação mensal - Geral,%,0.78
200310,2003,10,ipca_geral,Índice Geral,PRECOS12_IPCAG12,IPCA - Variação mensal - Geral,%,0.29
200311,2003,11,ipca_geral,Índice Geral,PRECOS12_IPCAG12,IPCA - Variação mensal - Geral,%,0.34
200312,2003,12,ipca_geral,Índice Geral,PRECOS12_IPCAG12,IPCA - Variação mensal - Geral,%,0.52
200401,2004,1,ipca_geral,Índice Geral,PRECOS12_IPCAG12,IPCA - Variação mensal - Geral,%,0.76
200402,2004,2,ipca_geral,Índice Geral,PRECOS12_IPCAG12,IPCA - Variação mensal - Geral,%,0.61
200403,2004,3,ipca_geral,Índice Geral,PRECOS12_IPCAG12,IPCA - Variação mensal - Geral,%,0.47
200404,2004,4,ipca_geral,Índice Geral,PRECOS12_IPCAG12,IPCA - Variação mensal - Geral,%,0.37
200405,2004,5,ipca_geral,Índice Geral,PRECOS12_IPCAG12,IPCA - Variação mensal - Geral,%,0.51
200406,2004,6,ipca_geral,Índice Geral,PRECOS12_IPCAG12,IPCA - Variação mensal - Geral,%,0.71
200407,2004,7,ipca_geral,Índice Geral,PRECOS12_IPCAG12,IPCA - Variação mensal - Geral,%,0.91
200408,2004,8,ipca_geral,Índice Geral,PRECOS12_IPCAG12,IPCA - Variação mensal - Geral,%,0.69
200409,2004,9,ipca_geral,Índice Geral,PRECOS12_IPCAG12,IPCA - Variação mensal - Geral,%,0.33
200410,2004,10,ipca_geral,Índice Geral,PRECOS12_IPCAG12,IPCA - Variação mensal - Geral,%,0.44
200411,2004,11,ipca_geral,Índice Geral,PRECOS12_IPCAG12,IPCA - Variação mensal - Geral,%,0.69
200412,2004,12,ipca_geral,Índice Geral,PRECOS12_IPCAG12,IPCA - Variação mensal - Geral,%,0.86
200501,2005,1,ipca_geral,Índice Geral,PRECOS12_IPCAG12,IPCA - Variação mensal - Geral,%,0.58
200502,2005,2,ipca_geral,Índice Geral,PRECOS12_IPCAG12,IPCA - Variação mensal - Geral,%,0.59
200503,2005,3,ipca_geral,Índice Geral,PRECOS12_IPCAG12,IPCA - Variação mensal - Geral,%,0.61
200504,2005,4,ipca_geral,Índice Geral,PRECOS12_IPCAG12,IPCA - Variação mensal - Geral,%,0.87
200505,2005,5,ipca_geral,Índice Geral,PRECOS12_IPCAG12,IPCA - Variação mensal - Geral,%,0.49
200506,2005,6,ipca_geral,Índice Geral,PRECOS12_IPCAG12,IPCA - Variação mensal - Geral,%,-0.02
200507,2005,7,ipca_geral,Índice Geral,PRECOS12_IPCAG12,IPCA - Variação mensal - Geral,%,0.25
200508,2005,8,ipca_geral,Índice Geral,PRECOS12_IPCAG12,IPCA - Variação mensal - Geral,%,0.17
200509,2005,9,ipca_geral,Índice Geral,PRECOS12_IPCAG12,IPCA - Variação mensal - Geral,%,0.35
200510,2005,10,ipca_geral,Índice Geral,PRECOS12_IPCAG12,IPCA - Variação mensal - Geral,%,0.75
200511,2005,11,ipca_geral,Índice Geral,PRECOS12_IPCAG12,IPCA - Variação mensal - Geral,%,0.55
200512,2005,12,ipca_geral,Índice Geral,PRECOS12_IPCAG12,IPCA - Variação mensal - Geral,%,0.36
200601,2006,1,ipca_geral,Índice Geral,PRECOS12_IPCAG12,IPCA - Variação mensal - Geral,%,0.59
200602,2006,2,ipca_geral,Índice Geral,PRECOS12_IPCAG12,IPCA - Variação mensal - Geral,%,0.41
200603,2006,3,ipca_geral,Índice Geral,PRECOS12_IPCAG12,IPCA - Variação mensal - Geral,%,0.43
200604,2006,4,ipca_geral,Índice Geral,PRECOS12_IPCAG12,IPCA - Variação mensal - Geral,%,0.21
200605,2006,5,ipca_geral,Índice Geral,PRECOS12_IPCAG12,IPCA - Variação mensal - Geral,%,0.1
200606,2006,6,ipca_geral,Índice Geral,PRECOS12_IPCAG12,IPCA - Variação mensal - Geral,%,-0.21
200607,2006,7,ipca_geral,Índice Geral,PRECOS12_IPCAG12,IPCA - Variação mensal - Geral,%,0.19
200608,2006,8,ipca_geral,Índice Geral,PRECOS12_IPCAG12,IPCA - Variação mensal - Geral,%,0.05
200609,2006,9,ipca_geral,Índice Geral,PRECOS12_IPCAG12,IPCA - Variação mensal - Geral,%,0.21
200610,2006,10,ipca_geral,Índice Geral,PRECOS12_IPCAG12,IPCA - Variação mensal - Geral,%,0.33
200611,2006,11,ipca_geral,Índice Geral,PRECOS12_IPCAG12,IPCA - Variação mensal - Geral,%,0.31
200612,2006,12,ipca_geral,Índice Geral,PRECOS12_IPCAG12,IPCA - Variação mensal - Geral,%,0.48
200701,2007,1,ipca_geral,Índice Geral,PRECOS12_IPCAG12,IPCA - Variação mensal - Geral,%,0.44
200702,2007,2,ipca_geral,Índice Geral,PRECOS12_IPCAG12,IPCA - Variação mensal - Geral,%,0.44
200703,2007,3,ipca_geral,Índice Geral,PRECOS12_IPCAG12,IPCA - Variação mensal - Geral,%,0.37
200704,2007,4,ipca_geral,Índice Geral,PRECOS12_IPCAG12,IPCA - Variação mensal - Geral,%,0.25
200705,2007,5,ipca_geral,Índice Geral,PRECOS12_IPCAG12,IPCA - Variação mensal - Geral,%,0.28
200706,2007,6,ipca_geral,Índice Geral,PRECOS12_IPCAG12,IPCA - Variação mensal - Geral,%,0.28
200707,2007,7,ipca_geral,Índice Geral,PRECOS12_IPCAG12,IPCA - Variação mensal - Geral,%,0.24
200708,2007,8,ipca_geral,Índice Geral,PRECOS12_IPCAG12,IPCA - Variação mensal - Geral,%,0.47
200709,2007,9,ipca_geral,Índice Geral,PRECOS12_IPCAG12,IPCA - Variação mensal - Geral,%,0.18
200710,2007,10,ipca_geral,Índice Geral,PRECOS12_IPCAG12,IPCA - Variação mensal - Geral,%,0.3
200711,2007,11,ipca_geral,Índice Geral,PRECOS12_IPCAG12,IPCA - Variação mensal - Geral,%,0.38
200712,2007,12,ipca_geral,Índice Geral,PRECOS12_IPCAG12,IPCA - Variação mensal - Geral,%,0.74
200801,2008,1,ipca_geral,Índice Geral,PRECOS12_IPCAG12,IPCA - Variação mensal - Geral,%,0.54
200802,2008,2,ipca_geral,Índice Geral,PRECOS12_IPCAG12,IPCA - Variação mensal - Geral,%,0.49
200803,2008,3,ipca_geral,Índice Geral,PRECOS12_IPCAG12,IPCA - Variação mensal - Geral,%,0.48
200804,2008,4,ipca_geral,Índice Geral,PRECOS12_IPCAG12,IPCA - Variação mensal - Geral,%,0.55
200805,2008,5,ipca_geral,Índice Geral,PRECOS12_IPCAG12,IPCA - Variação mensal - Geral,%,0.79
200806,2008,6,ipca_geral,Índice Geral,PRECOS12_IPCAG12,IPCA - Variação mensal - Geral,%,0.74
200807,2008,7,ipca_geral,Índice Geral,PRECOS12_IPCAG12,IPCA - Variação mensal - Geral,%,0.53
200808,2008,8,ipca_geral,Índice Geral,PRECOS12_IPCAG12,IPCA - Variação mensal - Geral,%,0.28
200809,2008,9,ipca_geral,Índice Geral,PRECOS12_IPCAG12,IPCA - Variação mensal - Geral,%,0.26
200810,2008,10,ipca_geral,Índice Geral,PRECOS12_IPCAG12,IPCA - Variação mensal - Geral,%,0.45
200811,2008,11,ipca_geral,Índice Geral,PRECOS12_IPCAG12,IPCA - Variação mensal - Geral,%,0.36
200812,2008,12,ipca_geral,Índice Geral,PRECOS12_IPCAG12,IPCA - Variação mensal - Geral,%,0.28
200901,2009,1,ipca_geral,Índice Geral,PRECOS12_IPCAG12,IPCA - Variação mensal - Geral,%,0.48
200902,2009,2,ipca_geral,Índice Geral,PRECOS12_IPCAG12,IPCA - Variação mensal - Geral,%,0.55
200903,2009,3,ipca_geral,Índice Geral,PRECOS12_IPCAG12,IPCA - Variação mensal - Geral,%,0.2
200904,2009,4,ipca_geral,Índice Geral,PRECOS12_IPCAG12,IPCA - Variação mensal - Geral,%,0.48
200905,2009,5,ipca_geral,Índice Geral,PRECOS12_IPCAG12,IPCA - Variação mensal - Geral,%,0.47
200906,2009,6,ipca_geral,Índice Geral,PRECOS12_IPCAG12,IPCA - Variação mensal - Geral,%,0.36
200907,2009,7,ipca_geral,Índice Geral,PRECOS12_IPCAG12,IPCA - Variação mensal - Geral,%,0.24
200908,2009,8,ipca_geral,Índice Geral,PRECOS12_IPCAG12,IPCA - Variação mensal - Geral,%,0.15
200909,2009,9,ipca_geral,Índice Geral,PRECOS12_IPCAG12,IPCA - Variação mensal - Geral,%,0.24
200910,2009,10,ipca_geral,Índice Geral,PRECOS12_IPCAG12,IPCA - Variação mensal - Geral,%,0.28
200911,2009,11,ipca_geral,Índice Geral,PRECOS12_IPCAG12,IPCA - Variação mensal - Geral,%,0.41
200912,2009,12,ipca_geral,Índice Geral,PRECOS12_IPCAG12,IPCA - Variação mensal - Geral,%,0.37
201001,2010,1,ipca_geral,Índice Geral,PRECOS12_IPCAG12,IPCA - Variação mensal - Geral,%,0.75
201002,2010,2,ipca_geral,Índice Geral,PRECOS12_IPCAG12,IPCA - Variação mensal - Geral,%,0.78
201003,2010,3,ipca_geral,Índice Geral,PRECOS12_IPCAG12,IPCA - Variação mensal - Geral,%,0.52
201004,2010,4,ipca_geral,Índice Geral,PRECOS12_IPCAG12,IPCA - Variação mensal - Geral,%,0.57
201005,2010,5,ipca_geral,Índice Geral,PRECOS12_IPCAG12,IPCA - Variação mensal - Geral,%,0.43
201006,2010,6,ipca_geral,Índice Geral,PRECOS12_IPCAG12,IPCA - Variação mensal - Geral,%,0.0
201007,2010,7,ipca_geral,Índice Geral,PRECOS12_IPCAG12,IPCA - Variação mensal - Geral,%,0.01
201008,2010,8,ipca_geral,Índice Geral,PRECOS12_IPCAG12,IPCA - Variação mensal - Geral,%,0.04
201009,2010,9,ipca_geral,Índice Geral,PRECOS12_IPCAG12,IPCA - Variação mensal - Geral,%,0.45
201010,2010,10,ipca_geral,Índice Geral,PRECOS12_IPCAG12,IPCA - Variação mensal - Geral,%,0.75
201011,2010,11,ipca_geral,Índice Geral,PRECOS12_IPCAG12,IPCA - Variação mensal - Geral,%,0.83
201012,2010,12,ipca_geral,Índice Geral,PRECOS12_IPCAG12,IPCA - Variação mensal - Geral,%,0.63
201101,2011,1,ipca_geral,Índice Geral,PRECOS12_IPCAG12,IPCA - Variação mensal - Geral,%,0.83
201102,2011,2,ipca_geral,Índice Geral,PRECOS12_IPCAG12,IPCA - Variação mensal - Geral,%,0.8
201103,2011,3,ipca_geral,Índice Geral,PRECOS12_IPCAG12,IPCA - Variação mensal - Geral,%,0.79
201104,2011,4,ipca_geral,Índice Geral,PRECOS12_IPCAG12,IPCA - Variação mensal - Geral,%,0.77
201105,2011,5,ipca_geral,Índice Geral,PRECOS12_IPCAG12,IPCA - Variação mensal - Geral,%,0.47
201106,2011,6,ipca_geral,Índice Geral,PRECOS12_IPCAG12,IPCA - Variação mensal - Geral,%,0.15
201107,2011,7,ipca_geral,Índice Geral,PRECOS12_IPCAG12,IPCA - Variação mensal - Geral,%,0.16
201108,2011,8,ipca_geral,Índice Geral,PRECOS12_IPCAG12,IPCA - Variação mensal - Geral,%,0.37
201109,2011,9,ipca_geral,Índice Geral,PRECOS12_IPCAG12,IPCA - Variação mensal - Geral,%,0.53
201110,2011,10,ipca_geral,Índice Geral,PRECOS12_IPCAG12,IPCA - Variação mensal - Geral,%,0.43
201111,2011,11,ipca_geral,Índice Geral,PRECOS12_IPCAG12,IPCA - Variação mensal - Geral,%,0.52
201112,2011,12,ipca_geral,Índice Geral,PRECOS12_IPCAG12,IPCA - Variação mensal - Geral,%,0.5
201201,2012,1,ipca_geral,Índice Geral,PRECOS12_IPCAG12,IPCA - Variação mensal - Geral,%,0.56
201202,2012,2,ipca_geral,Índice Geral,PRECOS12_IPCAG12,IPCA - Variação mensal - Geral,%,0.45
201203,2012,3,ipca_geral,Índice Geral,PRECOS12_IPCAG12,IPCA - Variação mensal - Geral,%,0.21
201204,2012,4,ipca_geral,Índice Geral,PRECOS12_IPCAG12,IPCA - Variação mensal - Geral,%,0.64
201205,2012,5,ipca_geral,Índice Geral,PRECOS12_IPCAG12,IPCA - Variação mensal - Geral,%,0.36
201206,2012,6,ipca_geral,Índice Geral,PRECOS12_IPCAG12,IPCA - Variação mensal - Geral,%,0.08
201207,2012,7,ipca_geral,Índice Geral,PRECOS12_IPCAG12,IPCA - Variação mensal - Geral,%,0.43
201208,2012,8,ipca_geral,Índice Geral,PRECOS12_IPCAG12,IPCA - Variação mensal - Geral,%,0.41
201209,2012,9,ipca_geral,Índice Geral,PRECOS12_IPCAG12,IPCA - Variação mensal - Geral,%,0.57
201210,2012,10,ipca_geral,Índice Geral,PRECOS12_IPCAG12,IPCA - Variação mensal - Geral,%,0.59
201211,2012,11,ipca_geral,Índice Geral,PRECOS12_IPCAG12,IPCA - Variação mensal - Geral,%,0.6
201212,2012,12,ipca_geral,Índice Geral,PRECOS12_IPCAG12,IPCA - Variação mensal - Geral,%,0.79
201301,2013,1,ipca_geral,Índice Geral,PRECOS12_IPCAG12,IPCA - Variação mensal - Geral,%,0.86
201302,2013,2,ipca_geral,Índice Geral,PRECOS12_IPCAG12,IPCA - Variação mensal - Geral,%,0.6
201303,2013,3,ipca_geral,Índice Geral,PRECOS12_IPCAG12,IPCA - Variação mensal - Geral,%,0.47
201304,2013,4,ipca_geral,Índice Geral,PRECOS12_IPCAG12,IPCA - Variação mensal - Geral,%,0.55
201305,2013,5,ipca_geral,Índice Geral,PRECOS12_IPCAG12,IPCA - Variação mensal - Geral,%,0.37
201306,2013,6,ipca_geral,Índice Geral,PRECOS12_IPCAG12,IPCA - Variação mensal - Geral,%,0.26
201307,2013,7,ipca_geral,Índice Geral,PRECOS12_IPCAG12,IPCA - Variação mensal - Geral,%,0.03
201308,2013,8,ipca_geral,Índice Geral,PRECOS12_IPCAG12,IPCA - Variação mensal - Geral,%,0.24
201309,2013,9,ipca_geral,Índice Geral,PRECOS12_IPCAG12,IPCA - Variação mensal - Geral,%,0.35
201310,2013,10,ipca_geral,Índice Geral,PRECOS12_IPCAG12,IPCA - Variação mensal - Geral,%,0.57
201311,2013,11,ipca_geral,Índice Geral,PRECOS12_IPCAG12,IPCA - Variação mensal - Geral,%,0.54
201312,2013,12,ipca_geral,Índice Geral,PRECOS12_IPCAG12,IPCA - Variação mensal - Geral,%,0.92
201401,2014,1,ipca_geral,Índice Geral,PRECOS12_IPCAG12,IPCA - Variação mensal - Geral,%,0.55
201402,2014,2,ipca_geral,Índice Geral,PRECOS12_IPCAG12,IPCA - Variação mensal - Geral,%,0.69
201403,2014,3,ipca_geral,Índice Geral,PRECOS12_IPCAG12,IPCA - Variação mensal - Geral,%,0.92
201404,2014,4,ipca_geral,Índice Geral,PRECOS12_IPCAG12,IPCA - Variação mensal - Geral,%,0.67
201405,2014,5,ipca_geral,Índice Geral,PRECOS12_IPCAG12,IPCA - Variação mensal - Geral,%,0.46
201406,2014,6,ipca_geral,Índice Geral,PRECOS12_IPCAG12,IPCA - Variação mensal - Geral,%,0.4
201407,2014,7,ipca_geral,Índice Geral,PRECOS12_IPCAG12,IPCA - Variação mensal - Geral,%,0.01
201408,2014,8,ipca_geral,Índice Geral,PRECOS12_IPCAG12,IPCA - Variação mensal - Geral,%,0.25
201409,2014,9,ipca_geral,Índice Geral,PRECOS12_IPCAG12,IPCA - Variação mensal - Geral,%,0.57
201410,2014,10,ipca_geral,Índice Geral,PRECOS12_IPCAG12,IPCA - Variação mensal - Geral,%,0.42
201411,2014,11,ipca_geral,Índice Geral,PRECOS12_IPCAG12,IPCA - Variação mensal - Geral,%,0.51
201412,2014,12,ipca_geral,Índice Geral,PRECOS12_IPCAG12,IPCA - Variação mensal - Geral,%,0.78
201501,2015,1,ipca_geral,Índice Geral,PRECOS12_IPCAG12,IPCA - Variação mensal - Geral,%,1.24
201502,2015,2,ipca_geral,Índice Geral,PRECOS12_IPCAG12,IPCA - Variação mensal - Geral,%,1.22
201503,2015,3,ipca_geral,Índice Geral,PRECOS12_IPCAG12,IPCA - Variação mensal - Geral,%,1.32
201504,2015,4,ipca_geral,Índice Geral,PRECOS12_IPCAG12,IPCA - Variação mensal - Geral,%,0.71
201505,2015,5,ipca_geral,Índice Geral,PRECOS12_IPCAG12,IPCA - Variação mensal - Geral,%,0.74
201506,2015,6,ipca_geral,Índice Geral,PRECOS12_IPCAG12,IPCA - Variação mensal - Geral,%,0.79
201507,2015,7,ipca_geral,Índice Geral,PRECOS12_IPCAG12,IPCA - Variação mensal - Geral,%,0.62
201508,2015,8,ipca_geral,Índice Geral,PRECOS12_IPCAG12,IPCA - Variação mensal - Geral,%,0.22
201509,2015,9,ipca_geral,Índice Geral,PRECOS12_IPCAG12,IPCA - Variação mensal - Geral,%,0.54
201510,2015,10,ipca_geral,Índice Geral,PRECOS12_IPCAG12,IPCA - Variação mensal - Geral,%,0.82
201511,2015,11,ipca_geral,Índice Geral,PRECOS12_IPCAG12,IPCA - Variação mensal - Geral,%,1.01
201512,2015,12,ipca_geral,Índice Geral,PRECOS12_IPCAG12,IPCA - Variação mensal - Geral,%,0.96
201601,2016,1,ipca_geral,Índice Geral,PRECOS12_IPCAG12,IPCA - Variação mensal - Geral,%,1.27
201602,2016,2,ipca_geral,Índice Geral,PRECOS12_IPCAG12,IPCA - Variação mensal - Geral,%,0.9
201603,2016,3,ipca_geral,Índice Geral,PRECOS12_IPCAG12,IPCA - Variação mensal - Geral,%,0.43
201604,2016,4,ipca_geral,Índice Geral,PRECOS12_IPCAG12,IPCA - Variação mensal - Geral,%,0.61
201605,2016,5,ipca_geral,Índice Geral,PRECOS12_IPCAG12,IPCA - Variação mensal - Geral,%,0.78
201606,2016,6,ipca_geral,Índice Geral,PRECOS12_IPCAG12,IPCA - Variação mensal - Geral,%,0.35
201607,2016,7,ipca_geral,Índice Geral,PRECOS12_IPCAG12,IPCA - Variação mensal - Geral,%,0.52
201608,2016,8,ipca_geral,Índice Geral,PRECOS12_IPCAG12,IPCA - Variação mensal - Geral,%,0.44
201609,2016,9,ipca_geral,Índice Geral,PRECOS12_IPCAG12,IPCA - Variação mensal - Geral,%,0.08
201610,2016,10,ipca_geral,Índice Geral,PRECOS12_IPCAG12,IPCA - Variação mensal - Geral,%,0.26
201611,2016,11,ipca_geral,Índice Geral,PRECOS12_IPCAG12,IPCA - Variação mensal - Geral,%,0.18
201612,2016,12,ipca_geral,Índice Geral,PRECOS12_IPCAG12,IPCA - Variação mensal - Geral,%,0.3
201701,2017,1,ipca_geral,Índice Geral,PRECOS12_IPCAG12,IPCA - Variação mensal - Geral,%,0.38
201702,2017,2,ipca_geral,Índice Geral,PRECOS12_IPCAG12,IPCA - Variação mensal - Geral,%,0.33
201703,2017,3,ipca_geral,Índice Geral,PRECOS12_IPCAG12,IPCA - Variação mensal - Geral,%,0.25
201704,2017,4,ipca_geral,Índice Geral,PRECOS12_IPCAG12,IPCA - Variação mensal - Geral,%,0.14
201705,2017,5,ipca_geral,Índice Geral,PRECOS12_IPCAG12,IPCA - Variação mensal - Geral,%,0.31
201706,2017,6,ipca_geral,Índice Geral,PRECOS12_IPCAG12,IPCA - Variação mensal - Geral,%,-0.23
201707,2017,7,ipca_geral,Índice Geral,PRECOS12_IPCAG12,IPCA - Variação mensal - Geral,%,0.24
201708,2017,8,ipca_geral,Índice Geral,PRECOS12_IPCAG12,IPCA - Variação mensal - Geral,%,0.19
201709,2017,9,ipca_geral,Índice Geral,PRECOS12_IPCAG12,IPCA - Variação mensal - Geral,%,0.16
201710,2017,10,ipca_geral,Índice Geral,PRECOS12_IPCAG12,IPCA - Variação mensal - Geral,%,0.42
201711,2017,11,ipca_geral,Índice Geral,PRECOS12_IPCAG12,IPCA - Variação mensal - Geral,%,0.28
201712,2017,12,ipca_geral,Índice Geral,PRECOS12_IPCAG12,IPCA - Variação mensal - Geral,%,0.44
201801,2018,1,ipca_geral,Índice Geral,PRECOS12_IPCAG12,IPCA - Variação mensal - Geral,%,0.29
201802,2018,2,ipca_geral,Índice Geral,PRECOS12_IPCAG12,IPCA - Variação mensal - Geral,%,0.32
201803,2018,3,ipca_geral,Índice Geral,PRECOS12_IPCAG12,IPCA - Variação mensal - Geral,%,0.09
201804,2018,4,ipca_geral,Índice Geral,PRECOS12_IPCAG12,IPCA - Variação mensal - Geral,%,0.22
201805,2018,5,ipca_geral,Índice Geral,PRECOS12_IPCAG12,IPCA - Variação mensal - Geral,%,0.4
201806,2018,6,ipca_geral,Índice Geral,PRECOS12_IPCAG12,IPCA - Variação mensal - Geral,%,1.26
201807,2018,7,ipca_geral,Índice Geral,PRECOS12_IPCAG12,IPCA - Variação mensal - Geral,%,0.33
201808,2018,8,ipca_geral,Índice Geral,PRECOS12_IPCAG12,IPCA - Variação mensal - Geral,%,-0.09
201809,2018,9,ipca_geral,Índice Geral,PRECOS12_IPCAG12,IPCA - Variação mensal - Geral,%,0.48
201810,2018,10,ipca_geral,Índice Geral,PRECOS12_IPCAG12,IPCA - Variação mensal - Geral,%,0.45
201811,2018,11,ipca_geral,Índice Geral,PRECOS12_IPCAG12,IPCA - Variação mensal - Geral,%,-0.21
201812,2018,12,ipca_geral,Índice Geral,PRECOS12_IPCAG12,IPCA - Variação mensal - Geral,%,0.15
201901,2019,1,ipca_geral,Índice Geral,PRECOS12_IPCAG12,IPCA - Variação mensal - Geral,%,0.32
201902,2019,2,ipca_geral,Índice Geral,PRECOS12_IPCAG12,IPCA - Variação mensal - Geral,%,0.43
201903,2019,3,ipca_geral,Índice Geral,PRECOS12_IPCAG12,IPCA - Variação mensal - Geral,%,0.75
201904,2019,4,ipca_geral,Índice Geral,PRECOS12_IPCAG12,IPCA - Variação mensal - Geral,%,0.57
201905,2019,5,ipca_geral,Índice Geral,PRECOS12_IPCAG12,IPCA - Variação mensal - Geral,%,0.13
201906,2019,6,ipca_geral,Índice Geral,PRECOS12_IPCAG12,IPCA - Variação mensal - Geral,%,0.01
201907,2019,7,ipca_geral,Índice Geral,PRECOS12_IPCAG12,IPCA - Variação mensal - Geral,%,0.19
201908,2019,8,ipca_geral,Índice Geral,PRECOS12_IPCAG12,IPCA - Variação mensal - Geral,%,0.11
201909,2019,9,ipca_geral,Índice Geral,PRECOS12_IPCAG12,IPCA - Variação mensal - Geral,%,-0.04
201910,2019,10,ipca_geral,Índice Geral,PRECOS12_IPCAG12,IPCA - Variação mensal - Geral,%,0.1
201911,2019,11,ipca_geral,Índice Geral,PRECOS12_IPCAG12,IPCA - Variação mensal - Geral,%,0.51
201912,2019,12,ipca_geral,Índice Geral,PRECOS12_IPCAG12,IPCA - Variação mensal - Geral,%,1.15
202001,2020,1,ipca_geral,Índice Geral,PRECOS12_IPCAG12,IPCA - Variação mensal - Geral,%,0.21
202002,2020,2,ipca_geral,Índice Geral,PRECOS12_IPCAG12,IPCA - Variação mensal - Geral,%,0.25
202003,2020,3,ipca_geral,Índice Geral,PRECOS12_IPCAG12,IPCA - Variação mensal - Geral,%,0.07
202004,2020,4,ipca_geral,Índice Geral,PRECOS12_IPCAG12,IPCA - Variação mensal - Geral,%,-0.31
202005,2020,5,ipca_geral,Índice Geral,PRECOS12_IPCAG12,IPCA - Variação mensal - Geral,%,-0.38
202006,2020,6,ipca_geral,Índice Geral,PRECOS12_IPCAG12,IPCA - Variação mensal - Geral,%,0.26
202007,2020,7,ipca_geral,Índice Geral,PRECOS12_IPCAG12,IPCA - Variação mensal - Geral,%,0.36
202008,2020,8,ipca_geral,Índice Geral,PRECOS12_IPCAG12,IPCA - Variação mensal - Geral,%,0.24
202009,2020,9,ipca_geral,Índice Geral,PRECOS12_IPCAG12,IPCA - Variação mensal - Geral,%,0.64
202010,2020,10,ipca_geral,Índice Geral,PRECOS12_IPCAG12,IPCA - Variação mensal - Geral,%,0.86
202011,2020,11,ipca_geral,Índice Geral,PRECOS12_IPCAG12,IPCA - Variação mensal - Geral,%,0.89
202012,2020,12,ipca_geral,Índice Geral,PRECOS12_IPCAG12,IPCA - Variação mensal - Geral,%,1.35
202101,2021,1,ipca_geral,Índice Geral,PRECOS12_IPCAG12,IPCA - Variação mensal - Geral,%,0.25
202102,2021,2,ipca_geral,Índice Geral,PRECOS12_IPCAG12,IPCA - Variação mensal - Geral,%,0.86
202103,2021,3,ipca_geral,Índice Geral,PRECOS12_IPCAG12,IPCA - Variação mensal - Geral,%,0.93
202104,2021,4,ipca_geral,Índice Geral,PRECOS12_IPCAG12,IPCA - Variação mensal - Geral,%,0.31
202105,2021,5,ipca_geral,Índice Geral,PRECOS12_IPCAG12,IPCA - Variação mensal - Geral,%,0.83
202106,2021,6,ipca_geral,Índice Geral,PRECOS12_IPCAG12,IPCA - Variação mensal - Geral,%,0.53
202107,2021,7,ipca_geral,Índice Geral,PRECOS12_IPCAG12,IPCA - Variação mensal - Geral,%,0.96
202108,2021,8,ipca_geral,Índice Geral,PRECOS12_IPCAG12,IPCA - Variação mensal - Geral,%,0.87
202109,2021,9,ipca_geral,Índice Geral,PRECOS12_IPCAG12,IPCA - Variação mensal - Geral,%,1.16
202110,2021,10,ipca_geral,Índice Geral,PRECOS12_IPCAG12,IPCA - Variação mensal - Geral,%,1.25
202111,2021,11,ipca_geral,Índice Geral,PRECOS12_IPCAG12,IPCA - Variação mensal - Geral,%,0.95
202112,2021,12,ipca_geral,Índice Geral,PRECOS12_IPCAG12,IPCA - Variação mensal - Geral,%,0.73
202201,2022,1,ipca_geral,Índice Geral,PRECOS12_IPCAG12,IPCA - Variação mensal - Geral,%,0.54
202202,2022,2,ipca_geral,Índice Geral,PRECOS12_IPCAG12,IPCA - Variação mensal - Geral,%,1.01
202203,2022,3,ipca_geral,Índice Geral,PRECOS12_IPCAG12,IPCA - Variação mensal - Geral,%,1.62
202204,2022,4,ipca_geral,Índice Geral,PRECOS12_IPCAG12,IPCA - Variação mensal - Geral,%,1.06
202205,2022,5,ipca_geral,Índice Geral,PRECOS12_IPCAG12,IPCA - Variação mensal - Geral,%,0.47
202206,2022,6,ipca_geral,Índice Geral,PRECOS12_IPCAG12,IPCA - Variação mensal - Geral,%,0.67
202207,2022,7,ipca_geral,Índice Geral,PRECOS12_IPCAG12,IPCA - Variação mensal - Geral,%,-0.68
202208,2022,8,ipca_geral,Índice Geral,PRECOS12_IPCAG12,IPCA - Variação mensal - Geral,%,-0.36
202209,2022,9,ipca_geral,Índice Geral,PRECOS12_IPCAG12,IPCA - Variação mensal - Geral,%,-0.29
202210,2022,10,ipca_geral,Índice Geral,PRECOS12_IPCAG12,IPCA - Variação mensal - Geral,%,0.59
202211,2022,11,ipca_geral,Índice Geral,PRECOS12_IPCAG12,IPCA - Variação mensal - Geral,%,0.41
202212,2022,12,ipca_geral,Índice Geral,PRECOS12_IPCAG12,IPCA - Variação mensal - Geral,%,0.62
202301,2023,1,ipca_geral,Índice Geral,PRECOS12_IPCAG12,IPCA - Variação mensal - Geral,%,0.53
202302,2023,2,ipca_geral,Índice Geral,PRECOS12_IPCAG12,IPCA - Variação mensal - Geral,%,0.84
202303,2023,3,ipca_geral,Índice Geral,PRECOS12_IPCAG12,IPCA - Variação mensal - Geral,%,0.71
202304,2023,4,ipca_geral,Índice Geral,PRECOS12_IPCAG12,IPCA - Variação mensal - Geral,%,0.61
202305,2023,5,ipca_geral,Índice Geral,PRECOS12_IPCAG12,IPCA - Variação mensal - Geral,%,0.23
202306,2023,6,ipca_geral,Índice Geral,PRECOS12_IPCAG12,IPCA - Variação mensal - Geral,%,-0.08
202307,2023,7,ipca_geral,Índice Geral,PRECOS12_IPCAG12,IPCA - Variação mensal - Geral,%,0.12
202308,2023,8,ipca_geral,Índice Geral,PRECOS12_IPCAG12,IPCA - Variação mensal - Geral,%,0.23
202309,2023,9,ipca_geral,Índice Geral,PRECOS12_IPCAG12,IPCA - Variação mensal - Geral,%,0.26
202310,2023,10,ipca_geral,Índice Geral,PRECOS12_IPCAG12,IPCA - Variação mensal - Geral,%,0.24
202311,2023,11,ipca_geral,Índice Geral,PRECOS12_IPCAG12,IPCA - Variação mensal - Geral,%,0.28
202312,2023,12,ipca_geral,Índice Geral,PRECOS12_IPCAG12,IPCA - Variação mensal - Geral,%,0.56
202401,2024,1,ipca_geral,Índice Geral,PRECOS12_IPCAG12,IPCA - Variação mensal - Geral,%,0.42
202402,2024,2,ipca_geral,Índice Geral,PRECOS12_IPCAG12,IPCA - Variação mensal - Geral,%,0.83
202403,2024,3,ipca_geral,Índice Geral,PRECOS12_IPCAG12,IPCA - Variação mensal - Geral,%,0.16
202404,2024,4,ipca_geral,Índice Geral,PRECOS12_IPCAG12,IPCA - Variação mensal - Geral,%,0.38
202405,2024,5,ipca_geral,Índice Geral,PRECOS12_IPCAG12,IPCA - Variação mensal - Geral,%,0.46
202406,2024,6,ipca_geral,Índice Geral,PRECOS12_IPCAG12,IPCA - Variação mensal - Geral,%,0.21
202407,2024,7,ipca_geral,Índice Geral,PRECOS12_IPCAG12,IPCA - Variação mensal - Geral,%,0.38
202408,2024,8,ipca_geral,Índice Geral,PRECOS12_IPCAG12,IPCA - Variação mensal - Geral,%,-0.02
202409,2024,9,ipca_geral,Índice Geral,PRECOS12_IPCAG12,IPCA - Variação mensal - Geral,%,0.44
202410,2024,10,ipca_geral,Índice Geral,PRECOS12_IPCAG12,IPCA - Variação mensal - Geral,%,0.56
202411,2024,11,ipca_geral,Índice Geral,PRECOS12_IPCAG12,IPCA - Variação mensal - Geral,%,0.39
202412,2024,12,ipca_geral,Índice Geral,PRECOS12_IPCAG12,IPCA - Variação mensal - Geral,%,0.52
202501,2025,1,ipca_geral,Índice Geral,PRECOS12_IPCAG12,IPCA - Variação mensal - Geral,%,0.16
202502,2025,2,ipca_geral,Índice Geral,PRECOS12_IPCAG12,IPCA - Variação mensal - Geral,%,1.31
202503,2025,3,ipca_geral,Índice Geral,PRECOS12_IPCAG12,IPCA - Variação mensal - Geral,%,0.56
202504,2025,4,ipca_geral,Índice Geral,PRECOS12_IPCAG12,IPCA - Variação mensal - Geral,%,0.43
202505,2025,5,ipca_geral,Índice Geral,PRECOS12_IPCAG12,IPCA - Variação mensal - Geral,%,0.26
202506,2025,6,ipca_geral,Índice Geral,PRECOS12_IPCAG12,IPCA - Variação mensal - Geral,%,0.24
202507,2025,7,ipca_geral,Índice Geral,PRECOS12_IPCAG12,IPCA - Variação mensal - Geral,%,0.26
202508,2025,8,ipca_geral,Índice Geral,PRECOS12_IPCAG12,IPCA - Variação mensal - Geral,%,-0.11
202509,2025,9,ipca_geral,Índice Geral,PRECOS12_IPCAG12,IPCA - Variação mensal - Geral,%,0.48
202510,2025,10,ipca_geral,Índice Geral,PRECOS12_IPCAG12,IPCA - Variação mensal - Geral,%,0.09
202511,2025,11,ipca_geral,Índice Geral,PRECOS12_IPCAG12,IPCA - Variação mensal - Geral,%,0.18
202512,2025,12,ipca_geral,Índice Geral,PRECOS12_IPCAG12,IPCA - Variação mensal - Geral,%,0.33
202601,2026,1,ipca_geral,Índice Geral,PRECOS12_IPCAG12,IPCA - Variação mensal - Geral,%,0.33
202602,2026,2,ipca_geral,Índice Geral,PRECOS12_IPCAG12,IPCA - Variação mensal - Geral,%,0.7
202603,2026,3,ipca_geral,Índice Geral,PRECOS12_IPCAG12,IPCA - Variação mensal - Geral,%,0.88
202604,2026,4,ipca_geral,Índice Geral,PRECOS12_IPCAG12,IPCA - Variação mensal - Geral,%,0.67
