periodo,ano,mes,id_ponto,regiao,estado,ndvi,saude_vegetacao
201501,2015,1,Cascavel_PR,Sul,PR,0.3522,moderado
201502,2015,2,Cascavel_PR,Sul,PR,0.3386,moderado
201503,2015,3,Cascavel_PR,Sul,PR,0.3283,moderado
201504,2015,4,Cascavel_PR,Sul,PR,0.2825,estressado
201505,2015,5,Cascavel_PR,Sul,PR,0.3082,moderado
201506,2015,6,Cascavel_PR,Sul,PR,0.3949,moderado
201507,2015,7,Cascavel_PR,Sul,PR,0.3327,moderado
201508,2015,8,Cascavel_PR,Sul,PR,0.3245,moderado
201509,2015,9,Cascavel_PR,Sul,PR,0.3234,moderado
201510,2015,10,Cascavel_PR,Sul,PR,0.2906,estressado
201511,2015,11,Cascavel_PR,Sul,PR,0.3373,moderado
201512,2015,12,Cascavel_PR,Sul,PR,0.3703,moderado
201601,2016,1,Cascavel_PR,Sul,PR,0.3038,moderado
201602,2016,2,Cascavel_PR,Sul,PR,0.3337,moderado
201603,2016,3,Cascavel_PR,Sul,PR,0.3167,moderado
201604,2016,4,Cascavel_PR,Sul,PR,0.3224,moderado
201605,2016,5,Cascavel_PR,Sul,PR,0.3286,moderado
201606,2016,6,Cascavel_PR,Sul,PR,0.333,moderado
201607,2016,7,Cascavel_PR,Sul,PR,0.3213,moderado
201608,2016,8,Cascavel_PR,Sul,PR,0.2659,estressado
201609,2016,9,Cascavel_PR,Sul,PR,0.2749,estressado
201610,2016,10,Cascavel_PR,Sul,PR,0.2356,estressado
201611,2016,11,Cascavel_PR,Sul,PR,0.3525,moderado
201612,2016,12,Cascavel_PR,Sul,PR,0.5956,saudavel
201701,2017,1,Cascavel_PR,Sul,PR,0.453,moderado
201702,2017,2,Cascavel_PR,Sul,PR,0.3804,moderado
201703,2017,3,Cascavel_PR,Sul,PR,0.2875,estressado
201704,2017,4,Cascavel_PR,Sul,PR,0.3212,moderado
201705,2017,5,Cascavel_PR,Sul,PR,0.3526,moderado
201706,2017,6,Cascavel_PR,Sul,PR,0.32,moderado
201707,2017,7,Cascavel_PR,Sul,PR,0.2432,estressado
201708,2017,8,Cascavel_PR,Sul,PR,0.2489,estressado
201709,2017,9,Cascavel_PR,Sul,PR,0.2465,estressado
201710,2017,10,Cascavel_PR,Sul,PR,0.3395,moderado
201711,2017,11,Cascavel_PR,Sul,PR,0.2682,estressado
201712,2017,12,Cascavel_PR,Sul,PR,0.2568,estressado
201801,2018,1,Cascavel_PR,Sul,PR,0.3106,moderado
201802,2018,2,Cascavel_PR,Sul,PR,0.4436,moderado
201803,2018,3,Cascavel_PR,Sul,PR,0.3712,moderado
201804,2018,4,Cascavel_PR,Sul,PR,0.3107,moderado
201805,2018,5,Cascavel_PR,Sul,PR,0.3126,moderado
201806,2018,6,Cascavel_PR,Sul,PR,0.3302,moderado
201807,2018,7,Cascavel_PR,Sul,PR,0.449,moderado
201808,2018,8,Cascavel_PR,Sul,PR,0.2695,estressado
201809,2018,9,Cascavel_PR,Sul,PR,0.256,estressado
201810,2018,10,Cascavel_PR,Sul,PR,0.2942,estressado
201811,2018,11,Cascavel_PR,Sul,PR,0.2679,estressado
201812,2018,12,Cascavel_PR,Sul,PR,0.2717,estressado
201901,2019,1,Cascavel_PR,Sul,PR,0.3663,moderado
201902,2019,2,Cascavel_PR,Sul,PR,0.3818,moderado
201903,2019,3,Cascavel_PR,Sul,PR,0.3536,moderado
201904,2019,4,Cascavel_PR,Sul,PR,0.3349,moderado
201905,2019,5,Cascavel_PR,Sul,PR,0.3366,moderado
201906,2019,6,Cascavel_PR,Sul,PR,0.2966,estressado
201907,2019,7,Cascavel_PR,Sul,PR,0.2688,estressado
201908,2019,8,Cascavel_PR,Sul,PR,0.2939,estressado
201909,2019,9,Cascavel_PR,Sul,PR,0.2917,estressado
201910,2019,10,Cascavel_PR,Sul,PR,0.2686,estressado
201911,2019,11,Cascavel_PR,Sul,PR,0.3237,moderado
201912,2019,12,Cascavel_PR,Sul,PR,0.3318,moderado
202001,2020,1,Cascavel_PR,Sul,PR,0.4188,moderado
202002,2020,2,Cascavel_PR,Sul,PR,0.3327,moderado
202003,2020,3,Cascavel_PR,Sul,PR,0.3157,moderado
202004,2020,4,Cascavel_PR,Sul,PR,0.4168,moderado
202005,2020,5,Cascavel_PR,Sul,PR,0.2993,estressado
202006,2020,6,Cascavel_PR,Sul,PR,0.2579,estressado
202007,2020,7,Cascavel_PR,Sul,PR,0.286,estressado
202008,2020,8,Cascavel_PR,Sul,PR,0.2465,estressado
202009,2020,9,Cascavel_PR,Sul,PR,0.3111,moderado
202010,2020,10,Cascavel_PR,Sul,PR,0.2419,estressado
202011,2020,11,Cascavel_PR,Sul,PR,0.2612,estressado
202012,2020,12,Cascavel_PR,Sul,PR,0.3557,moderado
202101,2021,1,Cascavel_PR,Sul,PR,0.2819,estressado
202102,2021,2,Cascavel_PR,Sul,PR,0.2941,estressado
202103,2021,3,Cascavel_PR,Sul,PR,0.2929,estressado
202104,2021,4,Cascavel_PR,Sul,PR,0.2459,estressado
202105,2021,5,Cascavel_PR,Sul,PR,0.2685,estressado
202106,2021,6,Cascavel_PR,Sul,PR,0.2997,estressado
202107,2021,7,Cascavel_PR,Sul,PR,0.2475,estressado
202108,2021,8,Cascavel_PR,Sul,PR,0.2549,estressado
202109,2021,9,Cascavel_PR,Sul,PR,0.253,estressado
202110,2021,10,Cascavel_PR,Sul,PR,0.2975,estressado
202111,2021,11,Cascavel_PR,Sul,PR,0.3069,moderado
202112,2021,12,Cascavel_PR,Sul,PR,0.2756,estressado
202201,2022,1,Cascavel_PR,Sul,PR,0.3187,moderado
202202,2022,2,Cascavel_PR,Sul,PR,0.2629,estressado
202203,2022,3,Cascavel_PR,Sul,PR,0.3126,moderado
202204,2022,4,Cascavel_PR,Sul,PR,0.279,estressado
202205,2022,5,Cascavel_PR,Sul,PR,0.2816,estressado
202206,2022,6,Cascavel_PR,Sul,PR,0.3624,moderado
202207,2022,7,Cascavel_PR,Sul,PR,0.4112,moderado
202208,2022,8,Cascavel_PR,Sul,PR,0.2526,estressado
202209,2022,9,Cascavel_PR,Sul,PR,0.2929,estressado
202210,2022,10,Cascavel_PR,Sul,PR,0.2287,estressado
202211,2022,11,Cascavel_PR,Sul,PR,0.2603,estressado
202212,2022,12,Cascavel_PR,Sul,PR,0.2529,estressado
202301,2023,1,Cascavel_PR,Sul,PR,0.348,moderado
202302,2023,2,Cascavel_PR,Sul,PR,0.3404,moderado
202303,2023,3,Cascavel_PR,Sul,PR,0.2733,estressado
202304,2023,4,Cascavel_PR,Sul,PR,0.2597,estressado
202305,2023,5,Cascavel_PR,Sul,PR,0.2781,estressado
202306,2023,6,Cascavel_PR,Sul,PR,0.2637,estressado
202307,2023,7,Cascavel_PR,Sul,PR,0.2831,estressado
202308,2023,8,Cascavel_PR,Sul,PR,0.2816,estressado
202309,2023,9,Cascavel_PR,Sul,PR,0.3884,moderado
202310,2023,10,Cascavel_PR,Sul,PR,0.3724,moderado
202311,2023,11,Cascavel_PR,Sul,PR,0.3925,moderado
202312,2023,12,Cascavel_PR,Sul,PR,0.3337,moderado
202401,2024,1,Cascavel_PR,Sul,PR,0.262,estressado
202402,2024,2,Cascavel_PR,Sul,PR,0.2959,estressado
202403,2024,3,Cascavel_PR,Sul,PR,0.3585,moderado
202404,2024,4,Cascavel_PR,Sul,PR,0.342,moderado
202405,2024,5,Cascavel_PR,Sul,PR,0.3218,moderado
202406,2024,6,Cascavel_PR,Sul,PR,0.3075,moderado
202407,2024,7,Cascavel_PR,Sul,PR,0.3304,moderado
202408,2024,8,Cascavel_PR,Sul,PR,0.2583,estressado
202409,2024,9,Cascavel_PR,Sul,PR,0.2691,estressado
202410,2024,10,Cascavel_PR,Sul,PR,0.3954,moderado
202411,2024,11,Cascavel_PR,Sul,PR,0.3022,moderado
202412,2024,12,Cascavel_PR,Sul,PR,0.3257,moderado
202501,2025,1,Cascavel_PR,Sul,PR,0.3756,moderado
202502,2025,2,Cascavel_PR,Sul,PR,0.2836,estressado
202503,2025,3,Cascavel_PR,Sul,PR,0.3169,moderado
202504,2025,4,Cascavel_PR,Sul,PR,0.3076,moderado
202505,2025,5,Cascavel_PR,Sul,PR,0.3552,moderado
202506,2025,6,Cascavel_PR,Sul,PR,0.4227,moderado
202507,2025,7,Cascavel_PR,Sul,PR,0.2521,estressado
202508,2025,8,Cascavel_PR,Sul,PR,0.237,estressado
202509,2025,9,Cascavel_PR,Sul,PR,0.2838,estressado
202510,2025,10,Cascavel_PR,Sul,PR,0.2683,estressado
202511,2025,11,Cascavel_PR,Sul,PR,0.3226,moderado
202512,2025,12,Cascavel_PR,Sul,PR,0.3009,moderado
201501,2015,1,Chapeco_SC,Sul,SC,0.3824,moderado
201502,2015,2,Chapeco_SC,Sul,SC,0.3937,moderado
201503,2015,3,Chapeco_SC,Sul,SC,0.4016,moderado
201504,2015,4,Chapeco_SC,Sul,SC,0.4085,moderado
201505,2015,5,Chapeco_SC,Sul,SC,0.4154,moderado
201506,2015,6,Chapeco_SC,Sul,SC,0.412,moderado
201507,2015,7,Chapeco_SC,Sul,SC,0.4281,moderado
201508,2015,8,Chapeco_SC,Sul,SC,0.397,moderado
201509,2015,9,Chapeco_SC,Sul,SC,0.3893,moderado
201510,2015,10,Chapeco_SC,Sul,SC,0.4058,moderado
201511,2015,11,Chapeco_SC,Sul,SC,0.3594,moderado
201512,2015,12,Chapeco_SC,Sul,SC,0.3948,moderado
201601,2016,1,Chapeco_SC,Sul,SC,0.4693,moderado
201602,2016,2,Chapeco_SC,Sul,SC,0.4952,moderado
201603,2016,3,Chapeco_SC,Sul,SC,0.4104,moderado
201604,2016,4,Chapeco_SC,Sul,SC,0.4074,moderado
201605,2016,5,Chapeco_SC,Sul,SC,0.4327,moderado
201606,2016,6,Chapeco_SC,Sul,SC,0.4456,moderado
201607,2016,7,Chapeco_SC,Sul,SC,0.3579,moderado
201608,2016,8,Chapeco_SC,Sul,SC,0.3411,moderado
201609,2016,9,Chapeco_SC,Sul,SC,0.3823,moderado
201610,2016,10,Chapeco_SC,Sul,SC,0.3574,moderado
201611,2016,11,Chapeco_SC,Sul,SC,0.3737,moderado
201612,2016,12,Chapeco_SC,Sul,SC,0.4351,moderado
201701,2017,1,Chapeco_SC,Sul,SC,0.3712,moderado
201702,2017,2,Chapeco_SC,Sul,SC,0.4007,moderado
201703,2017,3,Chapeco_SC,Sul,SC,0.4521,moderado
201704,2017,4,Chapeco_SC,Sul,SC,0.4116,moderado
201705,2017,5,Chapeco_SC,Sul,SC,0.4471,moderado
201706,2017,6,Chapeco_SC,Sul,SC,0.4255,moderado
201707,2017,7,Chapeco_SC,Sul,SC,0.3565,moderado
201708,2017,8,Chapeco_SC,Sul,SC,0.3507,moderado
201709,2017,9,Chapeco_SC,Sul,SC,0.3738,moderado
201710,2017,10,Chapeco_SC,Sul,SC,0.4018,moderado
201711,2017,11,Chapeco_SC,Sul,SC,0.386,moderado
201712,2017,12,Chapeco_SC,Sul,SC,0.4076,moderado
201801,2018,1,Chapeco_SC,Sul,SC,0.4237,moderado
201802,2018,2,Chapeco_SC,Sul,SC,0.3827,moderado
201803,2018,3,Chapeco_SC,Sul,SC,0.3557,moderado
201804,2018,4,Chapeco_SC,Sul,SC,0.4052,moderado
201805,2018,5,Chapeco_SC,Sul,SC,0.4275,moderado
201806,2018,6,Chapeco_SC,Sul,SC,0.4422,moderado
201807,2018,7,Chapeco_SC,Sul,SC,0.4243,moderado
201808,2018,8,Chapeco_SC,Sul,SC,0.3857,moderado
201809,2018,9,Chapeco_SC,Sul,SC,0.3907,moderado
201810,2018,10,Chapeco_SC,Sul,SC,0.4294,moderado
201811,2018,11,Chapeco_SC,Sul,SC,0.3653,moderado
201812,2018,12,Chapeco_SC,Sul,SC,0.3782,moderado
201901,2019,1,Chapeco_SC,Sul,SC,0.4655,moderado
201902,2019,2,Chapeco_SC,Sul,SC,0.4172,moderado
201903,2019,3,Chapeco_SC,Sul,SC,0.449,moderado
201904,2019,4,Chapeco_SC,Sul,SC,0.4219,moderado
201905,2019,5,Chapeco_SC,Sul,SC,0.4657,moderado
201906,2019,6,Chapeco_SC,Sul,SC,0.4078,moderado
201907,2019,7,Chapeco_SC,Sul,SC,0.3724,moderado
201908,2019,8,Chapeco_SC,Sul,SC,0.3508,moderado
201909,2019,9,Chapeco_SC,Sul,SC,0.3899,moderado
201910,2019,10,Chapeco_SC,Sul,SC,0.3844,moderado
201911,2019,11,Chapeco_SC,Sul,SC,0.4464,moderado
201912,2019,12,Chapeco_SC,Sul,SC,0.4529,moderado
202001,2020,1,Chapeco_SC,Sul,SC,0.3699,moderado
202002,2020,2,Chapeco_SC,Sul,SC,0.3987,moderado
202003,2020,3,Chapeco_SC,Sul,SC,0.356,moderado
202004,2020,4,Chapeco_SC,Sul,SC,0.3692,moderado
202005,2020,5,Chapeco_SC,Sul,SC,0.3806,moderado
202006,2020,6,Chapeco_SC,Sul,SC,0.3863,moderado
202007,2020,7,Chapeco_SC,Sul,SC,0.375,moderado
202008,2020,8,Chapeco_SC,Sul,SC,0.3564,moderado
202009,2020,9,Chapeco_SC,Sul,SC,0.3562,moderado
202010,2020,10,Chapeco_SC,Sul,SC,0.3406,moderado
202011,2020,11,Chapeco_SC,Sul,SC,0.3353,moderado
202012,2020,12,Chapeco_SC,Sul,SC,0.3427,moderado
202101,2021,1,Chapeco_SC,Sul,SC,0.4625,moderado
202102,2021,2,Chapeco_SC,Sul,SC,0.4077,moderado
202103,2021,3,Chapeco_SC,Sul,SC,0.4334,moderado
202104,2021,4,Chapeco_SC,Sul,SC,0.4148,moderado
202105,2021,5,Chapeco_SC,Sul,SC,0.3896,moderado
202106,2021,6,Chapeco_SC,Sul,SC,0.3943,moderado
202107,2021,7,Chapeco_SC,Sul,SC,0.3787,moderado
202108,2021,8,Chapeco_SC,Sul,SC,0.3396,moderado
202109,2021,9,Chapeco_SC,Sul,SC,0.3776,moderado
202110,2021,10,Chapeco_SC,Sul,SC,0.4605,moderado
202111,2021,11,Chapeco_SC,Sul,SC,0.4032,moderado
202112,2021,12,Chapeco_SC,Sul,SC,0.3211,moderado
202201,2022,1,Chapeco_SC,Sul,SC,0.3434,moderado
202202,2022,2,Chapeco_SC,Sul,SC,0.3821,moderado
202203,2022,3,Chapeco_SC,Sul,SC,0.3597,moderado
202204,2022,4,Chapeco_SC,Sul,SC,0.4207,moderado
202205,2022,5,Chapeco_SC,Sul,SC,0.4189,moderado
202206,2022,6,Chapeco_SC,Sul,SC,0.3951,moderado
202207,2022,7,Chapeco_SC,Sul,SC,0.3637,moderado
202208,2022,8,Chapeco_SC,Sul,SC,0.3658,moderado
202209,2022,9,Chapeco_SC,Sul,SC,0.3636,moderado
202210,2022,10,Chapeco_SC,Sul,SC,0.3888,moderado
202211,2022,11,Chapeco_SC,Sul,SC,0.3929,moderado
202212,2022,12,Chapeco_SC,Sul,SC,0.3547,moderado
202301,2023,1,Chapeco_SC,Sul,SC,0.3984,moderado
202302,2023,2,Chapeco_SC,Sul,SC,0.3882,moderado
202303,2023,3,Chapeco_SC,Sul,SC,0.3696,moderado
202304,2023,4,Chapeco_SC,Sul,SC,0.3959,moderado
202305,2023,5,Chapeco_SC,Sul,SC,0.4178,moderado
202306,2023,6,Chapeco_SC,Sul,SC,0.3967,moderado
202307,2023,7,Chapeco_SC,Sul,SC,0.4117,moderado
202308,2023,8,Chapeco_SC,Sul,SC,0.4386,moderado
202309,2023,9,Chapeco_SC,Sul,SC,0.4027,moderado
202310,2023,10,Chapeco_SC,Sul,SC,0.3826,moderado
202311,2023,11,Chapeco_SC,Sul,SC,0.3591,moderado
202312,2023,12,Chapeco_SC,Sul,SC,0.3678,moderado
202401,2024,1,Chapeco_SC,Sul,SC,0.3986,moderado
202402,2024,2,Chapeco_SC,Sul,SC,0.4178,moderado
202403,2024,3,Chapeco_SC,Sul,SC,0.4114,moderado
202404,2024,4,Chapeco_SC,Sul,SC,0.3964,moderado
202405,2024,5,Chapeco_SC,Sul,SC,0.4025,moderado
202406,2024,6,Chapeco_SC,Sul,SC,0.3731,moderado
202407,2024,7,Chapeco_SC,Sul,SC,0.4536,moderado
202408,2024,8,Chapeco_SC,Sul,SC,0.379,moderado
202409,2024,9,Chapeco_SC,Sul,SC,0.3761,moderado
202410,2024,10,Chapeco_SC,Sul,SC,0.3934,moderado
202411,2024,11,Chapeco_SC,Sul,SC,0.4045,moderado
202412,2024,12,Chapeco_SC,Sul,SC,0.4211,moderado
202501,2025,1,Chapeco_SC,Sul,SC,0.3844,moderado
202502,2025,2,Chapeco_SC,Sul,SC,0.3846,moderado
202503,2025,3,Chapeco_SC,Sul,SC,0.3594,moderado
202504,2025,4,Chapeco_SC,Sul,SC,0.3702,moderado
202505,2025,5,Chapeco_SC,Sul,SC,0.4,moderado
202506,2025,6,Chapeco_SC,Sul,SC,0.3839,moderado
202507,2025,7,Chapeco_SC,Sul,SC,0.3564,moderado
202508,2025,8,Chapeco_SC,Sul,SC,0.3587,moderado
202509,2025,9,Chapeco_SC,Sul,SC,0.3918,moderado
202510,2025,10,Chapeco_SC,Sul,SC,0.3765,moderado
202511,2025,11,Chapeco_SC,Sul,SC,0.3981,moderado
202512,2025,12,Chapeco_SC,Sul,SC,0.4191,moderado
201501,2015,1,Juazeiro_BA,Nordeste,BA,0.1816,estressado
201502,2015,2,Juazeiro_BA,Nordeste,BA,0.1385,estressado
201503,2015,3,Juazeiro_BA,Nordeste,BA,0.1721,estressado
201504,2015,4,Juazeiro_BA,Nordeste,BA,0.177,estressado
201505,2015,5,Juazeiro_BA,Nordeste,BA,0.149,estressado
201506,2015,6,Juazeiro_BA,Nordeste,BA,0.1237,estressado
201507,2015,7,Juazeiro_BA,Nordeste,BA,0.1719,estressado
201508,2015,8,Juazeiro_BA,Nordeste,BA,0.1569,estressado
201509,2015,9,Juazeiro_BA,Nordeste,BA,0.154,estressado
201510,2015,10,Juazeiro_BA,Nordeste,BA,0.159,estressado
201511,2015,11,Juazeiro_BA,Nordeste,BA,0.1475,estressado
201512,2015,12,Juazeiro_BA,Nordeste,BA,0.1509,estressado
201601,2016,1,Juazeiro_BA,Nordeste,BA,0.1664,estressado
201602,2016,2,Juazeiro_BA,Nordeste,BA,0.1972,estressado
201603,2016,3,Juazeiro_BA,Nordeste,BA,0.1061,estressado
201604,2016,4,Juazeiro_BA,Nordeste,BA,0.1939,estressado
201605,2016,5,Juazeiro_BA,Nordeste,BA,0.1684,estressado
201606,2016,6,Juazeiro_BA,Nordeste,BA,0.089,seco_critico
201607,2016,7,Juazeiro_BA,Nordeste,BA,0.1183,estressado
201608,2016,8,Juazeiro_BA,Nordeste,BA,0.1494,estressado
201609,2016,9,Juazeiro_BA,Nordeste,BA,0.1582,estressado
201610,2016,10,Juazeiro_BA,Nordeste,BA,0.165,estressado
201611,2016,11,Juazeiro_BA,Nordeste,BA,0.1827,estressado
201612,2016,12,Juazeiro_BA,Nordeste,BA,0.144,estressado
201701,2017,1,Juazeiro_BA,Nordeste,BA,0.1792,estressado
201702,2017,2,Juazeiro_BA,Nordeste,BA,0.1664,estressado
201703,2017,3,Juazeiro_BA,Nordeste,BA,0.1065,estressado
201704,2017,4,Juazeiro_BA,Nordeste,BA,0.1487,estressado
201705,2017,5,Juazeiro_BA,Nordeste,BA,0.1582,estressado
201706,2017,6,Juazeiro_BA,Nordeste,BA,0.1346,estressado
201707,2017,7,Juazeiro_BA,Nordeste,BA,0.154,estressado
201708,2017,8,Juazeiro_BA,Nordeste,BA,0.1615,estressado
201709,2017,9,Juazeiro_BA,Nordeste,BA,0.1436,estressado
201710,2017,10,Juazeiro_BA,Nordeste,BA,0.1467,estressado
201711,2017,11,Juazeiro_BA,Nordeste,BA,0.1044,estressado
201712,2017,12,Juazeiro_BA,Nordeste,BA,0.1111,estressado
201801,2018,1,Juazeiro_BA,Nordeste,BA,0.1256,estressado
201802,2018,2,Juazeiro_BA,Nordeste,BA,0.1256,estressado
201803,2018,3,Juazeiro_BA,Nordeste,BA,0.0954,seco_critico
201804,2018,4,Juazeiro_BA,Nordeste,BA,0.172,estressado
201805,2018,5,Juazeiro_BA,Nordeste,BA,0.1446,estressado
201806,2018,6,Juazeiro_BA,Nordeste,BA,0.1446,estressado
201807,2018,7,Juazeiro_BA,Nordeste,BA,0.1372,estressado
201808,2018,8,Juazeiro_BA,Nordeste,BA,0.1287,estressado
201809,2018,9,Juazeiro_BA,Nordeste,BA,0.1453,estressado
201810,2018,10,Juazeiro_BA,Nordeste,BA,0.1613,estressado
201811,2018,11,Juazeiro_BA,Nordeste,BA,0.1453,estressado
201812,2018,12,Juazeiro_BA,Nordeste,BA,0.179,estressado
201901,2019,1,Juazeiro_BA,Nordeste,BA,0.1658,estressado
201902,2019,2,Juazeiro_BA,Nordeste,BA,0.1651,estressado
201903,2019,3,Juazeiro_BA,Nordeste,BA,0.2066,estressado
201904,2019,4,Juazeiro_BA,Nordeste,BA,0.2108,estressado
201905,2019,5,Juazeiro_BA,Nordeste,BA,0.1661,estressado
201906,2019,6,Juazeiro_BA,Nordeste,BA,0.1547,estressado
201907,2019,7,Juazeiro_BA,Nordeste,BA,0.153,estressado
201908,2019,8,Juazeiro_BA,Nordeste,BA,0.1575,estressado
201909,2019,9,Juazeiro_BA,Nordeste,BA,0.1491,estressado
201910,2019,10,Juazeiro_BA,Nordeste,BA,0.1849,estressado
201911,2019,11,Juazeiro_BA,Nordeste,BA,0.264,estressado
201912,2019,12,Juazeiro_BA,Nordeste,BA,0.1542,estressado
202001,2020,1,Juazeiro_BA,Nordeste,BA,0.2542,estressado
202002,2020,2,Juazeiro_BA,Nordeste,BA,0.2227,estressado
202003,2020,3,Juazeiro_BA,Nordeste,BA,0.1973,estressado
202004,2020,4,Juazeiro_BA,Nordeste,BA,0.2919,estressado
202005,2020,5,Juazeiro_BA,Nordeste,BA,0.2919,estressado
202006,2020,6,Juazeiro_BA,Nordeste,BA,0.1936,estressado
202007,2020,7,Juazeiro_BA,Nordeste,BA,0.1704,estressado
202008,2020,8,Juazeiro_BA,Nordeste,BA,0.1865,estressado
202009,2020,9,Juazeiro_BA,Nordeste,BA,0.1724,estressado
202010,2020,10,Juazeiro_BA,Nordeste,BA,0.1477,estressado
202011,2020,11,Juazeiro_BA,Nordeste,BA,0.1914,estressado
202012,2020,12,Juazeiro_BA,Nordeste,BA,0.236,estressado
202101,2021,1,Juazeiro_BA,Nordeste,BA,0.1617,estressado
202102,2021,2,Juazeiro_BA,Nordeste,BA,0.1717,estressado
202103,2021,3,Juazeiro_BA,Nordeste,BA,0.2046,estressado
202104,2021,4,Juazeiro_BA,Nordeste,BA,0.2275,estressado
202105,2021,5,Juazeiro_BA,Nordeste,BA,0.1905,estressado
202106,2021,6,Juazeiro_BA,Nordeste,BA,0.1826,estressado
202107,2021,7,Juazeiro_BA,Nordeste,BA,0.1903,estressado
202108,2021,8,Juazeiro_BA,Nordeste,BA,0.1508,estressado
202109,2021,9,Juazeiro_BA,Nordeste,BA,0.1616,estressado
202110,2021,10,Juazeiro_BA,Nordeste,BA,0.1593,estressado
202111,2021,11,Juazeiro_BA,Nordeste,BA,0.162,estressado
202112,2021,12,Juazeiro_BA,Nordeste,BA,0.1809,estressado
202201,2022,1,Juazeiro_BA,Nordeste,BA,0.155,estressado
202202,2022,2,Juazeiro_BA,Nordeste,BA,0.1466,estressado
202203,2022,3,Juazeiro_BA,Nordeste,BA,0.1495,estressado
202204,2022,4,Juazeiro_BA,Nordeste,BA,0.1829,estressado
202205,2022,5,Juazeiro_BA,Nordeste,BA,0.246,estressado
202206,2022,6,Juazeiro_BA,Nordeste,BA,0.2416,estressado
202207,2022,7,Juazeiro_BA,Nordeste,BA,0.1556,estressado
202208,2022,8,Juazeiro_BA,Nordeste,BA,0.1625,estressado
202209,2022,9,Juazeiro_BA,Nordeste,BA,0.1697,estressado
202210,2022,10,Juazeiro_BA,Nordeste,BA,0.1749,estressado
202211,2022,11,Juazeiro_BA,Nordeste,BA,0.2016,estressado
202212,2022,12,Juazeiro_BA,Nordeste,BA,0.2024,estressado
202301,2023,1,Juazeiro_BA,Nordeste,BA,0.193,estressado
202302,2023,2,Juazeiro_BA,Nordeste,BA,0.1813,estressado
202303,2023,3,Juazeiro_BA,Nordeste,BA,0.2228,estressado
202304,2023,4,Juazeiro_BA,Nordeste,BA,0.1847,estressado
202305,2023,5,Juazeiro_BA,Nordeste,BA,0.2297,estressado
202306,2023,6,Juazeiro_BA,Nordeste,BA,0.1865,estressado
202307,2023,7,Juazeiro_BA,Nordeste,BA,0.1686,estressado
202308,2023,8,Juazeiro_BA,Nordeste,BA,0.1676,estressado
202309,2023,9,Juazeiro_BA,Nordeste,BA,0.1662,estressado
202310,2023,10,Juazeiro_BA,Nordeste,BA,0.1814,estressado
202311,2023,11,Juazeiro_BA,Nordeste,BA,0.1577,estressado
202312,2023,12,Juazeiro_BA,Nordeste,BA,0.1976,estressado
202401,2024,1,Juazeiro_BA,Nordeste,BA,0.1682,estressado
202402,2024,2,Juazeiro_BA,Nordeste,BA,0.179,estressado
202403,2024,3,Juazeiro_BA,Nordeste,BA,0.25,estressado
202404,2024,4,Juazeiro_BA,Nordeste,BA,0.2226,estressado
202405,2024,5,Juazeiro_BA,Nordeste,BA,0.1899,estressado
202406,2024,6,Juazeiro_BA,Nordeste,BA,0.1836,estressado
202407,2024,7,Juazeiro_BA,Nordeste,BA,0.1904,estressado
202408,2024,8,Juazeiro_BA,Nordeste,BA,0.1609,estressado
202409,2024,9,Juazeiro_BA,Nordeste,BA,0.1838,estressado
202410,2024,10,Juazeiro_BA,Nordeste,BA,0.1711,estressado
202411,2024,11,Juazeiro_BA,Nordeste,BA,0.1671,estressado
202412,2024,12,Juazeiro_BA,Nordeste,BA,0.1954,estressado
202501,2025,1,Juazeiro_BA,Nordeste,BA,0.224,estressado
202502,2025,2,Juazeiro_BA,Nordeste,BA,0.185,estressado
202503,2025,3,Juazeiro_BA,Nordeste,BA,0.2069,estressado
202504,2025,4,Juazeiro_BA,Nordeste,BA,0.3187,moderado
202505,2025,5,Juazeiro_BA,Nordeste,BA,0.3187,moderado
202506,2025,6,Juazeiro_BA,Nordeste,BA,0.2461,estressado
202507,2025,7,Juazeiro_BA,Nordeste,BA,0.1531,estressado
202508,2025,8,Juazeiro_BA,Nordeste,BA,0.1934,estressado
202509,2025,9,Juazeiro_BA,Nordeste,BA,0.1673,estressado
202510,2025,10,Juazeiro_BA,Nordeste,BA,0.1712,estressado
202511,2025,11,Juazeiro_BA,Nordeste,BA,0.1599,estressado
202512,2025,12,Juazeiro_BA,Nordeste,BA,0.1912,estressado
201501,2015,1,Lajeado_RS,Sul,RS,0.4701,moderado
201502,2015,2,Lajeado_RS,Sul,RS,0.4939,moderado
201503,2015,3,Lajeado_RS,Sul,RS,0.5124,saudavel
201504,2015,4,Lajeado_RS,Sul,RS,0.4805,moderado
201505,2015,5,Lajeado_RS,Sul,RS,0.4973,moderado
201506,2015,6,Lajeado_RS,Sul,RS,0.4621,moderado
201507,2015,7,Lajeado_RS,Sul,RS,0.4628,moderado
201508,2015,8,Lajeado_RS,Sul,RS,0.5164,saudavel
201509,2015,9,Lajeado_RS,Sul,RS,0.5643,saudavel
201510,2015,10,Lajeado_RS,Sul,RS,0.4978,moderado
201511,2015,11,Lajeado_RS,Sul,RS,0.516,saudavel
201512,2015,12,Lajeado_RS,Sul,RS,0.5369,saudavel
201601,2016,1,Lajeado_RS,Sul,RS,0.4969,moderado
201602,2016,2,Lajeado_RS,Sul,RS,0.4956,moderado
201603,2016,3,Lajeado_RS,Sul,RS,0.5185,saudavel
201604,2016,4,Lajeado_RS,Sul,RS,0.42,moderado
201605,2016,5,Lajeado_RS,Sul,RS,0.4732,moderado
201606,2016,6,Lajeado_RS,Sul,RS,0.493,moderado
201607,2016,7,Lajeado_RS,Sul,RS,0.4309,moderado
201608,2016,8,Lajeado_RS,Sul,RS,0.4331,moderado
201609,2016,9,Lajeado_RS,Sul,RS,0.4735,moderado
201610,2016,10,Lajeado_RS,Sul,RS,0.4349,moderado
201611,2016,11,Lajeado_RS,Sul,RS,0.427,moderado
201612,2016,12,Lajeado_RS,Sul,RS,0.5936,saudavel
201701,2017,1,Lajeado_RS,Sul,RS,0.5308,saudavel
201702,2017,2,Lajeado_RS,Sul,RS,0.4428,moderado
201703,2017,3,Lajeado_RS,Sul,RS,0.5087,saudavel
201704,2017,4,Lajeado_RS,Sul,RS,0.5072,saudavel
201705,2017,5,Lajeado_RS,Sul,RS,0.4928,moderado
201706,2017,6,Lajeado_RS,Sul,RS,0.4435,moderado
201707,2017,7,Lajeado_RS,Sul,RS,0.4889,moderado
201708,2017,8,Lajeado_RS,Sul,RS,0.4853,moderado
201709,2017,9,Lajeado_RS,Sul,RS,0.465,moderado
201710,2017,10,Lajeado_RS,Sul,RS,0.5164,saudavel
201711,2017,11,Lajeado_RS,Sul,RS,0.4868,moderado
201712,2017,12,Lajeado_RS,Sul,RS,0.5266,saudavel
201801,2018,1,Lajeado_RS,Sul,RS,0.537,saudavel
201802,2018,2,Lajeado_RS,Sul,RS,0.4944,moderado
201803,2018,3,Lajeado_RS,Sul,RS,0.5079,saudavel
201804,2018,4,Lajeado_RS,Sul,RS,0.5092,saudavel
201805,2018,5,Lajeado_RS,Sul,RS,0.5683,saudavel
201806,2018,6,Lajeado_RS,Sul,RS,0.427,moderado
201807,2018,7,Lajeado_RS,Sul,RS,0.4026,moderado
201808,2018,8,Lajeado_RS,Sul,RS,0.4433,moderado
201809,2018,9,Lajeado_RS,Sul,RS,0.4389,moderado
201810,2018,10,Lajeado_RS,Sul,RS,0.4779,moderado
201811,2018,11,Lajeado_RS,Sul,RS,0.5192,saudavel
201812,2018,12,Lajeado_RS,Sul,RS,0.4811,moderado
201901,2019,1,Lajeado_RS,Sul,RS,0.4856,moderado
201902,2019,2,Lajeado_RS,Sul,RS,0.5298,saudavel
201903,2019,3,Lajeado_RS,Sul,RS,0.4941,moderado
201904,2019,4,Lajeado_RS,Sul,RS,0.4797,moderado
201905,2019,5,Lajeado_RS,Sul,RS,0.457,moderado
201906,2019,6,Lajeado_RS,Sul,RS,0.4835,moderado
201907,2019,7,Lajeado_RS,Sul,RS,0.4568,moderado
201908,2019,8,Lajeado_RS,Sul,RS,0.4196,moderado
201909,2019,9,Lajeado_RS,Sul,RS,0.4345,moderado
201910,2019,10,Lajeado_RS,Sul,RS,0.4665,moderado
201911,2019,11,Lajeado_RS,Sul,RS,0.4733,moderado
201912,2019,12,Lajeado_RS,Sul,RS,0.4372,moderado
202001,2020,1,Lajeado_RS,Sul,RS,0.4306,moderado
202002,2020,2,Lajeado_RS,Sul,RS,0.478,moderado
202003,2020,3,Lajeado_RS,Sul,RS,0.4954,moderado
202004,2020,4,Lajeado_RS,Sul,RS,0.5061,saudavel
202005,2020,5,Lajeado_RS,Sul,RS,0.4917,moderado
202006,2020,6,Lajeado_RS,Sul,RS,0.4761,moderado
202007,2020,7,Lajeado_RS,Sul,RS,0.3948,moderado
202008,2020,8,Lajeado_RS,Sul,RS,0.4116,moderado
202009,2020,9,Lajeado_RS,Sul,RS,0.4364,moderado
202010,2020,10,Lajeado_RS,Sul,RS,0.4672,moderado
202011,2020,11,Lajeado_RS,Sul,RS,0.5102,saudavel
202012,2020,12,Lajeado_RS,Sul,RS,0.4816,moderado
202101,2021,1,Lajeado_RS,Sul,RS,0.5524,saudavel
202102,2021,2,Lajeado_RS,Sul,RS,0.4837,moderado
202103,2021,3,Lajeado_RS,Sul,RS,0.5023,saudavel
202104,2021,4,Lajeado_RS,Sul,RS,0.5104,saudavel
202105,2021,5,Lajeado_RS,Sul,RS,0.4817,moderado
202106,2021,6,Lajeado_RS,Sul,RS,0.3645,moderado
202107,2021,7,Lajeado_RS,Sul,RS,0.3837,moderado
202108,2021,8,Lajeado_RS,Sul,RS,0.4001,moderado
202109,2021,9,Lajeado_RS,Sul,RS,0.4171,moderado
202110,2021,10,Lajeado_RS,Sul,RS,0.4227,moderado
202111,2021,11,Lajeado_RS,Sul,RS,0.4632,moderado
202112,2021,12,Lajeado_RS,Sul,RS,0.4134,moderado
202201,2022,1,Lajeado_RS,Sul,RS,0.442,moderado
202202,2022,2,Lajeado_RS,Sul,RS,0.4587,moderado
202203,2022,3,Lajeado_RS,Sul,RS,0.5517,saudavel
202204,2022,4,Lajeado_RS,Sul,RS,0.479,moderado
202205,2022,5,Lajeado_RS,Sul,RS,0.4583,moderado
202206,2022,6,Lajeado_RS,Sul,RS,0.402,moderado
202207,2022,7,Lajeado_RS,Sul,RS,0.4338,moderado
202208,2022,8,Lajeado_RS,Sul,RS,0.4185,moderado
202209,2022,9,Lajeado_RS,Sul,RS,0.4425,moderado
202210,2022,10,Lajeado_RS,Sul,RS,0.4285,moderado
202211,2022,11,Lajeado_RS,Sul,RS,0.461,moderado
202212,2022,12,Lajeado_RS,Sul,RS,0.4586,moderado
202301,2023,1,Lajeado_RS,Sul,RS,0.4059,moderado
202302,2023,2,Lajeado_RS,Sul,RS,0.4037,moderado
202303,2023,3,Lajeado_RS,Sul,RS,0.4585,moderado
202304,2023,4,Lajeado_RS,Sul,RS,0.4811,moderado
202305,2023,5,Lajeado_RS,Sul,RS,0.4298,moderado
202306,2023,6,Lajeado_RS,Sul,RS,0.3782,moderado
202307,2023,7,Lajeado_RS,Sul,RS,0.393,moderado
202308,2023,8,Lajeado_RS,Sul,RS,0.4196,moderado
202309,2023,9,Lajeado_RS,Sul,RS,0.3705,moderado
202310,2023,10,Lajeado_RS,Sul,RS,0.3663,moderado
202311,2023,11,Lajeado_RS,Sul,RS,0.3463,moderado
202312,2023,12,Lajeado_RS,Sul,RS,0.3776,moderado
202401,2024,1,Lajeado_RS,Sul,RS,0.4401,moderado
202402,2024,2,Lajeado_RS,Sul,RS,0.3526,moderado
202403,2024,3,Lajeado_RS,Sul,RS,0.3895,moderado
202404,2024,4,Lajeado_RS,Sul,RS,0.3562,moderado
202405,2024,5,Lajeado_RS,Sul,RS,0.2452,estressado
202406,2024,6,Lajeado_RS,Sul,RS,0.2851,estressado
202407,2024,7,Lajeado_RS,Sul,RS,0.2136,estressado
202408,2024,8,Lajeado_RS,Sul,RS,0.295,estressado
202409,2024,9,Lajeado_RS,Sul,RS,0.2906,estressado
202410,2024,10,Lajeado_RS,Sul,RS,0.2815,estressado
202411,2024,11,Lajeado_RS,Sul,RS,0.3235,moderado
202412,2024,12,Lajeado_RS,Sul,RS,0.3713,moderado
202501,2025,1,Lajeado_RS,Sul,RS,0.3662,moderado
202502,2025,2,Lajeado_RS,Sul,RS,0.3778,moderado
202503,2025,3,Lajeado_RS,Sul,RS,0.3936,moderado
202504,2025,4,Lajeado_RS,Sul,RS,0.3662,moderado
202505,2025,5,Lajeado_RS,Sul,RS,0.3746,moderado
202506,2025,6,Lajeado_RS,Sul,RS,0.3591,moderado
202507,2025,7,Lajeado_RS,Sul,RS,0.3442,moderado
202508,2025,8,Lajeado_RS,Sul,RS,0.3196,moderado
202509,2025,9,Lajeado_RS,Sul,RS,0.3432,moderado
202510,2025,10,Lajeado_RS,Sul,RS,0.3978,moderado
202511,2025,11,Lajeado_RS,Sul,RS,0.4022,moderado
202512,2025,12,Lajeado_RS,Sul,RS,0.4452,moderado
201501,2015,1,Maringa_PR,Sul,PR,0.5298,saudavel
201502,2015,2,Maringa_PR,Sul,PR,0.3347,moderado
201503,2015,3,Maringa_PR,Sul,PR,0.3742,moderado
201504,2015,4,Maringa_PR,Sul,PR,0.3261,moderado
201505,2015,5,Maringa_PR,Sul,PR,0.2949,estressado
201506,2015,6,Maringa_PR,Sul,PR,0.3096,moderado
201507,2015,7,Maringa_PR,Sul,PR,0.3249,moderado
201508,2015,8,Maringa_PR,Sul,PR,0.3282,moderado
201509,2015,9,Maringa_PR,Sul,PR,0.3381,moderado
201510,2015,10,Maringa_PR,Sul,PR,0.33,moderado
201511,2015,11,Maringa_PR,Sul,PR,0.342,moderado
201512,2015,12,Maringa_PR,Sul,PR,0.3373,moderado
201601,2016,1,Maringa_PR,Sul,PR,0.4838,moderado
201602,2016,2,Maringa_PR,Sul,PR,0.3773,moderado
201603,2016,3,Maringa_PR,Sul,PR,0.3138,moderado
201604,2016,4,Maringa_PR,Sul,PR,0.4979,moderado
201605,2016,5,Maringa_PR,Sul,PR,0.3419,moderado
201606,2016,6,Maringa_PR,Sul,PR,0.3004,moderado
201607,2016,7,Maringa_PR,Sul,PR,0.339,moderado
201608,2016,8,Maringa_PR,Sul,PR,0.3216,moderado
201609,2016,9,Maringa_PR,Sul,PR,0.3049,moderado
201610,2016,10,Maringa_PR,Sul,PR,0.3288,moderado
201611,2016,11,Maringa_PR,Sul,PR,0.499,moderado
201612,2016,12,Maringa_PR,Sul,PR,0.2746,estressado
201701,2017,1,Maringa_PR,Sul,PR,0.5642,saudavel
201702,2017,2,Maringa_PR,Sul,PR,0.5642,saudavel
201703,2017,3,Maringa_PR,Sul,PR,0.3236,moderado
201704,2017,4,Maringa_PR,Sul,PR,0.3585,moderado
201705,2017,5,Maringa_PR,Sul,PR,0.3669,moderado
201706,2017,6,Maringa_PR,Sul,PR,0.3498,moderado
201707,2017,7,Maringa_PR,Sul,PR,0.3594,moderado
201708,2017,8,Maringa_PR,Sul,PR,0.4707,moderado
201709,2017,9,Maringa_PR,Sul,PR,0.2878,estressado
201710,2017,10,Maringa_PR,Sul,PR,0.3237,moderado
201711,2017,11,Maringa_PR,Sul,PR,0.423,moderado
201712,2017,12,Maringa_PR,Sul,PR,0.363,moderado
201801,2018,1,Maringa_PR,Sul,PR,0.4367,moderado
201802,2018,2,Maringa_PR,Sul,PR,0.3315,moderado
201803,2018,3,Maringa_PR,Sul,PR,0.3659,moderado
201804,2018,4,Maringa_PR,Sul,PR,0.3381,moderado
201805,2018,5,Maringa_PR,Sul,PR,0.3289,moderado
201806,2018,6,Maringa_PR,Sul,PR,0.3442,moderado
201807,2018,7,Maringa_PR,Sul,PR,0.2822,estressado
201808,2018,8,Maringa_PR,Sul,PR,0.2524,estressado
201809,2018,9,Maringa_PR,Sul,PR,0.2917,estressado
201810,2018,10,Maringa_PR,Sul,PR,0.311,moderado
201811,2018,11,Maringa_PR,Sul,PR,0.3155,moderado
201812,2018,12,Maringa_PR,Sul,PR,0.344,moderado
201901,2019,1,Maringa_PR,Sul,PR,0.488,moderado
201902,2019,2,Maringa_PR,Sul,PR,0.3738,moderado
201903,2019,3,Maringa_PR,Sul,PR,0.4841,moderado
201904,2019,4,Maringa_PR,Sul,PR,0.5208,saudavel
201905,2019,5,Maringa_PR,Sul,PR,0.2825,estressado
201906,2019,6,Maringa_PR,Sul,PR,0.2853,estressado
201907,2019,7,Maringa_PR,Sul,PR,0.2982,estressado
201908,2019,8,Maringa_PR,Sul,PR,0.2888,estressado
201909,2019,9,Maringa_PR,Sul,PR,0.5319,saudavel
201910,2019,10,Maringa_PR,Sul,PR,0.5319,saudavel
201911,2019,11,Maringa_PR,Sul,PR,0.3036,moderado
201912,2019,12,Maringa_PR,Sul,PR,0.3726,moderado
202001,2020,1,Maringa_PR,Sul,PR,0.3463,moderado
202002,2020,2,Maringa_PR,Sul,PR,0.3069,moderado
202003,2020,3,Maringa_PR,Sul,PR,0.4548,moderado
202004,2020,4,Maringa_PR,Sul,PR,0.3001,moderado
202005,2020,5,Maringa_PR,Sul,PR,0.3402,moderado
202006,2020,6,Maringa_PR,Sul,PR,0.2969,estressado
202007,2020,7,Maringa_PR,Sul,PR,0.3026,moderado
202008,2020,8,Maringa_PR,Sul,PR,0.267,estressado
202009,2020,9,Maringa_PR,Sul,PR,0.3022,moderado
202010,2020,10,Maringa_PR,Sul,PR,0.2904,estressado
202011,2020,11,Maringa_PR,Sul,PR,0.2677,estressado
202012,2020,12,Maringa_PR,Sul,PR,0.3305,moderado
202101,2021,1,Maringa_PR,Sul,PR,0.485,moderado
202102,2021,2,Maringa_PR,Sul,PR,0.4207,moderado
202103,2021,3,Maringa_PR,Sul,PR,0.3607,moderado
202104,2021,4,Maringa_PR,Sul,PR,0.3991,moderado
202105,2021,5,Maringa_PR,Sul,PR,0.3349,moderado
202106,2021,6,Maringa_PR,Sul,PR,0.3203,moderado
202107,2021,7,Maringa_PR,Sul,PR,0.3745,moderado
202108,2021,8,Maringa_PR,Sul,PR,0.2818,estressado
202109,2021,9,Maringa_PR,Sul,PR,0.3528,moderado
202110,2021,10,Maringa_PR,Sul,PR,0.3542,moderado
202111,2021,11,Maringa_PR,Sul,PR,0.3594,moderado
202112,2021,12,Maringa_PR,Sul,PR,0.3494,moderado
202201,2022,1,Maringa_PR,Sul,PR,0.3335,moderado
202202,2022,2,Maringa_PR,Sul,PR,0.3405,moderado
202203,2022,3,Maringa_PR,Sul,PR,0.3273,moderado
202204,2022,4,Maringa_PR,Sul,PR,0.3183,moderado
202205,2022,5,Maringa_PR,Sul,PR,0.3351,moderado
202206,2022,6,Maringa_PR,Sul,PR,0.384,moderado
202207,2022,7,Maringa_PR,Sul,PR,0.3313,moderado
202208,2022,8,Maringa_PR,Sul,PR,0.2607,estressado
202209,2022,9,Maringa_PR,Sul,PR,0.2601,estressado
202210,2022,10,Maringa_PR,Sul,PR,0.5788,saudavel
202211,2022,11,Maringa_PR,Sul,PR,0.3073,moderado
202212,2022,12,Maringa_PR,Sul,PR,0.3219,moderado
202301,2023,1,Maringa_PR,Sul,PR,0.3643,moderado
202302,2023,2,Maringa_PR,Sul,PR,0.4718,moderado
202303,2023,3,Maringa_PR,Sul,PR,0.4417,moderado
202304,2023,4,Maringa_PR,Sul,PR,0.4238,moderado
202305,2023,5,Maringa_PR,Sul,PR,0.5028,saudavel
202306,2023,6,Maringa_PR,Sul,PR,0.6475,saudavel
202307,2023,7,Maringa_PR,Sul,PR,0.6475,saudavel
202308,2023,8,Maringa_PR,Sul,PR,0.2586,estressado
202309,2023,9,Maringa_PR,Sul,PR,0.2754,estressado
202310,2023,10,Maringa_PR,Sul,PR,0.2654,estressado
202311,2023,11,Maringa_PR,Sul,PR,0.5959,saudavel
202312,2023,12,Maringa_PR,Sul,PR,0.3317,moderado
202401,2024,1,Maringa_PR,Sul,PR,0.3209,moderado
202402,2024,2,Maringa_PR,Sul,PR,0.382,moderado
202403,2024,3,Maringa_PR,Sul,PR,0.3268,moderado
202404,2024,4,Maringa_PR,Sul,PR,0.3467,moderado
202405,2024,5,Maringa_PR,Sul,PR,0.3425,moderado
202406,2024,6,Maringa_PR,Sul,PR,0.3037,moderado
202407,2024,7,Maringa_PR,Sul,PR,0.2941,estressado
202408,2024,8,Maringa_PR,Sul,PR,0.2788,estressado
202409,2024,9,Maringa_PR,Sul,PR,0.5202,saudavel
202410,2024,10,Maringa_PR,Sul,PR,0.2615,estressado
202411,2024,11,Maringa_PR,Sul,PR,0.2879,estressado
202412,2024,12,Maringa_PR,Sul,PR,0.3264,moderado
202501,2025,1,Maringa_PR,Sul,PR,0.3853,moderado
202502,2025,2,Maringa_PR,Sul,PR,0.3055,moderado
202503,2025,3,Maringa_PR,Sul,PR,0.3134,moderado
202504,2025,4,Maringa_PR,Sul,PR,0.3921,moderado
202505,2025,5,Maringa_PR,Sul,PR,0.4033,moderado
202506,2025,6,Maringa_PR,Sul,PR,0.4185,moderado
202507,2025,7,Maringa_PR,Sul,PR,0.3605,moderado
202508,2025,8,Maringa_PR,Sul,PR,0.3067,moderado
202509,2025,9,Maringa_PR,Sul,PR,0.2516,estressado
202510,2025,10,Maringa_PR,Sul,PR,0.2967,estressado
202511,2025,11,Maringa_PR,Sul,PR,0.3069,moderado
202512,2025,12,Maringa_PR,Sul,PR,0.3418,moderado
201501,2015,1,Mossoro_RN,Nordeste,RN,0.221,estressado
201502,2015,2,Mossoro_RN,Nordeste,RN,0.2214,estressado
201503,2015,3,Mossoro_RN,Nordeste,RN,0.2514,estressado
201504,2015,4,Mossoro_RN,Nordeste,RN,0.262,estressado
201505,2015,5,Mossoro_RN,Nordeste,RN,0.2596,estressado
201506,2015,6,Mossoro_RN,Nordeste,RN,0.2539,estressado
201507,2015,7,Mossoro_RN,Nordeste,RN,0.2607,estressado
201508,2015,8,Mossoro_RN,Nordeste,RN,0.2303,estressado
201509,2015,9,Mossoro_RN,Nordeste,RN,0.2298,estressado
201510,2015,10,Mossoro_RN,Nordeste,RN,0.185,estressado
201511,2015,11,Mossoro_RN,Nordeste,RN,0.1935,estressado
201512,2015,12,Mossoro_RN,Nordeste,RN,0.2268,estressado
201601,2016,1,Mossoro_RN,Nordeste,RN,0.2281,estressado
201602,2016,2,Mossoro_RN,Nordeste,RN,0.2676,estressado
201603,2016,3,Mossoro_RN,Nordeste,RN,0.2387,estressado
201604,2016,4,Mossoro_RN,Nordeste,RN,0.2461,estressado
201605,2016,5,Mossoro_RN,Nordeste,RN,0.2414,estressado
201606,2016,6,Mossoro_RN,Nordeste,RN,0.2322,estressado
201607,2016,7,Mossoro_RN,Nordeste,RN,0.2192,estressado
201608,2016,8,Mossoro_RN,Nordeste,RN,0.2156,estressado
201609,2016,9,Mossoro_RN,Nordeste,RN,0.2031,estressado
201610,2016,10,Mossoro_RN,Nordeste,RN,0.2317,estressado
201611,2016,11,Mossoro_RN,Nordeste,RN,0.1972,estressado
201612,2016,12,Mossoro_RN,Nordeste,RN,0.197,estressado
201701,2017,1,Mossoro_RN,Nordeste,RN,0.2149,estressado
201702,2017,2,Mossoro_RN,Nordeste,RN,0.2495,estressado
201703,2017,3,Mossoro_RN,Nordeste,RN,0.2907,estressado
201704,2017,4,Mossoro_RN,Nordeste,RN,0.2811,estressado
201705,2017,5,Mossoro_RN,Nordeste,RN,0.2623,estressado
201706,2017,6,Mossoro_RN,Nordeste,RN,0.2572,estressado
201707,2017,7,Mossoro_RN,Nordeste,RN,0.2237,estressado
201708,2017,8,Mossoro_RN,Nordeste,RN,0.2351,estressado
201709,2017,9,Mossoro_RN,Nordeste,RN,0.2267,estressado
201710,2017,10,Mossoro_RN,Nordeste,RN,0.2423,estressado
201711,2017,11,Mossoro_RN,Nordeste,RN,0.1792,estressado
201712,2017,12,Mossoro_RN,Nordeste,RN,0.2361,estressado
201801,2018,1,Mossoro_RN,Nordeste,RN,0.2111,estressado
201802,2018,2,Mossoro_RN,Nordeste,RN,0.2775,estressado
201803,2018,3,Mossoro_RN,Nordeste,RN,0.2758,estressado
201804,2018,4,Mossoro_RN,Nordeste,RN,0.2818,estressado
201805,2018,5,Mossoro_RN,Nordeste,RN,0.2793,estressado
201806,2018,6,Mossoro_RN,Nordeste,RN,0.2665,estressado
201807,2018,7,Mossoro_RN,Nordeste,RN,0.2431,estressado
201808,2018,8,Mossoro_RN,Nordeste,RN,0.2321,estressado
201809,2018,9,Mossoro_RN,Nordeste,RN,0.2068,estressado
201810,2018,10,Mossoro_RN,Nordeste,RN,0.2124,estressado
201811,2018,11,Mossoro_RN,Nordeste,RN,0.2029,estressado
201812,2018,12,Mossoro_RN,Nordeste,RN,0.1977,estressado
201901,2019,1,Mossoro_RN,Nordeste,RN,0.2232,estressado
201902,2019,2,Mossoro_RN,Nordeste,RN,0.222,estressado
201903,2019,3,Mossoro_RN,Nordeste,RN,0.252,estressado
201904,2019,4,Mossoro_RN,Nordeste,RN,0.2992,estressado
201905,2019,5,Mossoro_RN,Nordeste,RN,0.2909,estressado
201906,2019,6,Mossoro_RN,Nordeste,RN,0.2782,estressado
201907,2019,7,Mossoro_RN,Nordeste,RN,0.2511,estressado
201908,2019,8,Mossoro_RN,Nordeste,RN,0.222,estressado
201909,2019,9,Mossoro_RN,Nordeste,RN,0.2238,estressado
201910,2019,10,Mossoro_RN,Nordeste,RN,0.2137,estressado
201911,2019,11,Mossoro_RN,Nordeste,RN,0.2168,estressado
201912,2019,12,Mossoro_RN,Nordeste,RN,0.2054,estressado
202001,2020,1,Mossoro_RN,Nordeste,RN,0.2923,estressado
202002,2020,2,Mossoro_RN,Nordeste,RN,0.2742,estressado
202003,2020,3,Mossoro_RN,Nordeste,RN,0.2913,estressado
202004,2020,4,Mossoro_RN,Nordeste,RN,0.2847,estressado
202005,2020,5,Mossoro_RN,Nordeste,RN,0.3068,moderado
202006,2020,6,Mossoro_RN,Nordeste,RN,0.2966,estressado
202007,2020,7,Mossoro_RN,Nordeste,RN,0.2633,estressado
202008,2020,8,Mossoro_RN,Nordeste,RN,0.2546,estressado
202009,2020,9,Mossoro_RN,Nordeste,RN,0.2651,estressado
202010,2020,10,Mossoro_RN,Nordeste,RN,0.2308,estressado
202011,2020,11,Mossoro_RN,Nordeste,RN,0.2453,estressado
202012,2020,12,Mossoro_RN,Nordeste,RN,0.2105,estressado
202101,2021,1,Mossoro_RN,Nordeste,RN,0.2461,estressado
202102,2021,2,Mossoro_RN,Nordeste,RN,0.2364,estressado
202103,2021,3,Mossoro_RN,Nordeste,RN,0.295,estressado
202104,2021,4,Mossoro_RN,Nordeste,RN,0.2829,estressado
202105,2021,5,Mossoro_RN,Nordeste,RN,0.2969,estressado
202106,2021,6,Mossoro_RN,Nordeste,RN,0.2677,estressado
202107,2021,7,Mossoro_RN,Nordeste,RN,0.2539,estressado
202108,2021,8,Mossoro_RN,Nordeste,RN,0.2122,estressado
202109,2021,9,Mossoro_RN,Nordeste,RN,0.2084,estressado
202110,2021,10,Mossoro_RN,Nordeste,RN,0.2212,estressado
202111,2021,11,Mossoro_RN,Nordeste,RN,0.1939,estressado
202112,2021,12,Mossoro_RN,Nordeste,RN,0.2242,estressado
202201,2022,1,Mossoro_RN,Nordeste,RN,0.2608,estressado
202202,2022,2,Mossoro_RN,Nordeste,RN,0.2739,estressado
202203,2022,3,Mossoro_RN,Nordeste,RN,0.2556,estressado
202204,2022,4,Mossoro_RN,Nordeste,RN,0.2813,estressado
202205,2022,5,Mossoro_RN,Nordeste,RN,0.2941,estressado
202206,2022,6,Mossoro_RN,Nordeste,RN,0.3429,moderado
202207,2022,7,Mossoro_RN,Nordeste,RN,0.2547,estressado
202208,2022,8,Mossoro_RN,Nordeste,RN,0.2371,estressado
202209,2022,9,Mossoro_RN,Nordeste,RN,0.2323,estressado
202210,2022,10,Mossoro_RN,Nordeste,RN,0.2262,estressado
202211,2022,11,Mossoro_RN,Nordeste,RN,0.2143,estressado
202212,2022,12,Mossoro_RN,Nordeste,RN,0.1914,estressado
202301,2023,1,Mossoro_RN,Nordeste,RN,0.2669,estressado
202302,2023,2,Mossoro_RN,Nordeste,RN,0.3059,moderado
202303,2023,3,Mossoro_RN,Nordeste,RN,0.2619,estressado
202304,2023,4,Mossoro_RN,Nordeste,RN,0.2744,estressado
202305,2023,5,Mossoro_RN,Nordeste,RN,0.2788,estressado
202306,2023,6,Mossoro_RN,Nordeste,RN,0.2888,estressado
202307,2023,7,Mossoro_RN,Nordeste,RN,0.2618,estressado
202308,2023,8,Mossoro_RN,Nordeste,RN,0.2429,estressado
202309,2023,9,Mossoro_RN,Nordeste,RN,0.232,estressado
202310,2023,10,Mossoro_RN,Nordeste,RN,0.2004,estressado
202311,2023,11,Mossoro_RN,Nordeste,RN,0.213,estressado
202312,2023,12,Mossoro_RN,Nordeste,RN,0.2215,estressado
202401,2024,1,Mossoro_RN,Nordeste,RN,0.3081,moderado
202402,2024,2,Mossoro_RN,Nordeste,RN,0.2455,estressado
202403,2024,3,Mossoro_RN,Nordeste,RN,0.2667,estressado
202404,2024,4,Mossoro_RN,Nordeste,RN,0.2667,estressado
202405,2024,5,Mossoro_RN,Nordeste,RN,0.3034,moderado
202406,2024,6,Mossoro_RN,Nordeste,RN,0.2747,estressado
202407,2024,7,Mossoro_RN,Nordeste,RN,0.2746,estressado
202408,2024,8,Mossoro_RN,Nordeste,RN,0.2425,estressado
202409,2024,9,Mossoro_RN,Nordeste,RN,0.2295,estressado
202410,2024,10,Mossoro_RN,Nordeste,RN,0.2108,estressado
202411,2024,11,Mossoro_RN,Nordeste,RN,0.2044,estressado
202412,2024,12,Mossoro_RN,Nordeste,RN,0.2151,estressado
202501,2025,1,Mossoro_RN,Nordeste,RN,0.245,estressado
202502,2025,2,Mossoro_RN,Nordeste,RN,0.2818,estressado
202503,2025,3,Mossoro_RN,Nordeste,RN,0.2641,estressado
202504,2025,4,Mossoro_RN,Nordeste,RN,0.2765,estressado
202505,2025,5,Mossoro_RN,Nordeste,RN,0.2638,estressado
202506,2025,6,Mossoro_RN,Nordeste,RN,0.256,estressado
202507,2025,7,Mossoro_RN,Nordeste,RN,0.2348,estressado
202508,2025,8,Mossoro_RN,Nordeste,RN,0.2413,estressado
202509,2025,9,Mossoro_RN,Nordeste,RN,0.219,estressado
202510,2025,10,Mossoro_RN,Nordeste,RN,0.1996,estressado
202511,2025,11,Mossoro_RN,Nordeste,RN,0.1948,estressado
202512,2025,12,Mossoro_RN,Nordeste,RN,0.2097,estressado
201501,2015,1,PassoFundo_RS,Sul,RS,0.287,estressado
201502,2015,2,PassoFundo_RS,Sul,RS,0.2955,estressado
201503,2015,3,PassoFundo_RS,Sul,RS,0.2864,estressado
201504,2015,4,PassoFundo_RS,Sul,RS,0.2785,estressado
201505,2015,5,PassoFundo_RS,Sul,RS,0.2866,estressado
201506,2015,6,PassoFundo_RS,Sul,RS,0.2786,estressado
201507,2015,7,PassoFundo_RS,Sul,RS,0.3002,moderado
201508,2015,8,PassoFundo_RS,Sul,RS,0.2811,estressado
201509,2015,9,PassoFundo_RS,Sul,RS,0.2858,estressado
201510,2015,10,PassoFundo_RS,Sul,RS,0.2758,estressado
201511,2015,11,PassoFundo_RS,Sul,RS,0.2635,estressado
201512,2015,12,PassoFundo_RS,Sul,RS,0.2936,estressado
201601,2016,1,PassoFundo_RS,Sul,RS,0.2935,estressado
201602,2016,2,PassoFundo_RS,Sul,RS,0.2997,estressado
201603,2016,3,PassoFundo_RS,Sul,RS,0.2934,estressado
201604,2016,4,PassoFundo_RS,Sul,RS,0.3121,moderado
201605,2016,5,PassoFundo_RS,Sul,RS,0.3235,moderado
201606,2016,6,PassoFundo_RS,Sul,RS,0.295,estressado
201607,2016,7,PassoFundo_RS,Sul,RS,0.2586,estressado
201608,2016,8,PassoFundo_RS,Sul,RS,0.25,estressado
201609,2016,9,PassoFundo_RS,Sul,RS,0.3149,moderado
201610,2016,10,PassoFundo_RS,Sul,RS,0.2635,estressado
201611,2016,11,PassoFundo_RS,Sul,RS,0.2488,estressado
201612,2016,12,PassoFundo_RS,Sul,RS,0.2771,estressado
201701,2017,1,PassoFundo_RS,Sul,RS,0.3109,moderado
201702,2017,2,PassoFundo_RS,Sul,RS,0.2854,estressado
201703,2017,3,PassoFundo_RS,Sul,RS,0.3267,moderado
201704,2017,4,PassoFundo_RS,Sul,RS,0.287,estressado
201705,2017,5,PassoFundo_RS,Sul,RS,0.2992,estressado
201706,2017,6,PassoFundo_RS,Sul,RS,0.3195,moderado
201707,2017,7,PassoFundo_RS,Sul,RS,0.284,estressado
201708,2017,8,PassoFundo_RS,Sul,RS,0.2568,estressado
201709,2017,9,PassoFundo_RS,Sul,RS,0.2668,estressado
201710,2017,10,PassoFundo_RS,Sul,RS,0.2872,estressado
201711,2017,11,PassoFundo_RS,Sul,RS,0.2746,estressado
201712,2017,12,PassoFundo_RS,Sul,RS,0.2838,estressado
201801,2018,1,PassoFundo_RS,Sul,RS,0.3079,moderado
201802,2018,2,PassoFundo_RS,Sul,RS,0.3064,moderado
201803,2018,3,PassoFundo_RS,Sul,RS,0.2817,estressado
201804,2018,4,PassoFundo_RS,Sul,RS,0.2935,estressado
201805,2018,5,PassoFundo_RS,Sul,RS,0.3085,moderado
201806,2018,6,PassoFundo_RS,Sul,RS,0.2857,estressado
201807,2018,7,PassoFundo_RS,Sul,RS,0.2766,estressado
201808,2018,8,PassoFundo_RS,Sul,RS,0.2575,estressado
201809,2018,9,PassoFundo_RS,Sul,RS,0.2837,estressado
201810,2018,10,PassoFundo_RS,Sul,RS,0.2586,estressado
201811,2018,11,PassoFundo_RS,Sul,RS,0.2862,estressado
201812,2018,12,PassoFundo_RS,Sul,RS,0.2866,estressado
201901,2019,1,PassoFundo_RS,Sul,RS,0.3372,moderado
201902,2019,2,PassoFundo_RS,Sul,RS,0.2974,estressado
201903,2019,3,PassoFundo_RS,Sul,RS,0.2831,estressado
201904,2019,4,PassoFundo_RS,Sul,RS,0.2787,estressado
201905,2019,5,PassoFundo_RS,Sul,RS,0.3201,moderado
201906,2019,6,PassoFundo_RS,Sul,RS,0.3165,moderado
201907,2019,7,PassoFundo_RS,Sul,RS,0.2629,estressado
201908,2019,8,PassoFundo_RS,Sul,RS,0.2501,estressado
201909,2019,9,PassoFundo_RS,Sul,RS,0.273,estressado
201910,2019,10,PassoFundo_RS,Sul,RS,0.3063,moderado
201911,2019,11,PassoFundo_RS,Sul,RS,0.2995,estressado
201912,2019,12,PassoFundo_RS,Sul,RS,0.2742,estressado
202001,2020,1,PassoFundo_RS,Sul,RS,0.2827,estressado
202002,2020,2,PassoFundo_RS,Sul,RS,0.3185,moderado
202003,2020,3,PassoFundo_RS,Sul,RS,0.28,estressado
202004,2020,4,PassoFundo_RS,Sul,RS,0.2802,estressado
202005,2020,5,PassoFundo_RS,Sul,RS,0.2676,estressado
202006,2020,6,PassoFundo_RS,Sul,RS,0.2575,estressado
202007,2020,7,PassoFundo_RS,Sul,RS,0.2861,estressado
202008,2020,8,PassoFundo_RS,Sul,RS,0.2768,estressado
202009,2020,9,PassoFundo_RS,Sul,RS,0.249,estressado
202010,2020,10,PassoFundo_RS,Sul,RS,0.2422,estressado
202011,2020,11,PassoFundo_RS,Sul,RS,0.2611,estressado
202012,2020,12,PassoFundo_RS,Sul,RS,0.2655,estressado
202101,2021,1,PassoFundo_RS,Sul,RS,0.303,moderado
202102,2021,2,PassoFundo_RS,Sul,RS,0.3292,moderado
202103,2021,3,PassoFundo_RS,Sul,RS,0.2751,estressado
202104,2021,4,PassoFundo_RS,Sul,RS,0.2655,estressado
202105,2021,5,PassoFundo_RS,Sul,RS,0.2791,estressado
202106,2021,6,PassoFundo_RS,Sul,RS,0.3134,moderado
202107,2021,7,PassoFundo_RS,Sul,RS,0.3053,moderado
202108,2021,8,PassoFundo_RS,Sul,RS,0.2649,estressado
202109,2021,9,PassoFundo_RS,Sul,RS,0.2804,estressado
202110,2021,10,PassoFundo_RS,Sul,RS,0.2773,estressado
202111,2021,11,PassoFundo_RS,Sul,RS,0.2641,estressado
202112,2021,12,PassoFundo_RS,Sul,RS,0.247,estressado
202201,2022,1,PassoFundo_RS,Sul,RS,0.2404,estressado
202202,2022,2,PassoFundo_RS,Sul,RS,0.2861,estressado
202203,2022,3,PassoFundo_RS,Sul,RS,0.2771,estressado
202204,2022,4,PassoFundo_RS,Sul,RS,0.3055,moderado
202205,2022,5,PassoFundo_RS,Sul,RS,0.3129,moderado
202206,2022,6,PassoFundo_RS,Sul,RS,0.2913,estressado
202207,2022,7,PassoFundo_RS,Sul,RS,0.2824,estressado
202208,2022,8,PassoFundo_RS,Sul,RS,0.296,estressado
202209,2022,9,PassoFundo_RS,Sul,RS,0.2953,estressado
202210,2022,10,PassoFundo_RS,Sul,RS,0.2562,estressado
202211,2022,11,PassoFundo_RS,Sul,RS,0.2838,estressado
202212,2022,12,PassoFundo_RS,Sul,RS,0.271,estressado
202301,2023,1,PassoFundo_RS,Sul,RS,0.2731,estressado
202302,2023,2,PassoFundo_RS,Sul,RS,0.2873,estressado
202303,2023,3,PassoFundo_RS,Sul,RS,0.2961,estressado
202304,2023,4,PassoFundo_RS,Sul,RS,0.2656,estressado
202305,2023,5,PassoFundo_RS,Sul,RS,0.2757,estressado
202306,2023,6,PassoFundo_RS,Sul,RS,0.302,moderado
202307,2023,7,PassoFundo_RS,Sul,RS,0.3315,moderado
202308,2023,8,PassoFundo_RS,Sul,RS,0.2591,estressado
202309,2023,9,PassoFundo_RS,Sul,RS,0.2657,estressado
202310,2023,10,PassoFundo_RS,Sul,RS,0.2468,estressado
202311,2023,11,PassoFundo_RS,Sul,RS,0.2946,estressado
202312,2023,12,PassoFundo_RS,Sul,RS,0.2471,estressado
202401,2024,1,PassoFundo_RS,Sul,RS,0.3136,moderado
202402,2024,2,PassoFundo_RS,Sul,RS,0.3122,moderado
202403,2024,3,PassoFundo_RS,Sul,RS,0.3524,moderado
202404,2024,4,PassoFundo_RS,Sul,RS,0.2666,estressado
202405,2024,5,PassoFundo_RS,Sul,RS,0.2722,estressado
202406,2024,6,PassoFundo_RS,Sul,RS,0.2538,estressado
202407,2024,7,PassoFundo_RS,Sul,RS,0.2552,estressado
202408,2024,8,PassoFundo_RS,Sul,RS,0.2537,estressado
202409,2024,9,PassoFundo_RS,Sul,RS,0.2712,estressado
202410,2024,10,PassoFundo_RS,Sul,RS,0.2455,estressado
202411,2024,11,PassoFundo_RS,Sul,RS,0.2613,estressado
202412,2024,12,PassoFundo_RS,Sul,RS,0.2827,estressado
202501,2025,1,PassoFundo_RS,Sul,RS,0.3427,moderado
202502,2025,2,PassoFundo_RS,Sul,RS,0.2962,estressado
202503,2025,3,PassoFundo_RS,Sul,RS,0.2554,estressado
202504,2025,4,PassoFundo_RS,Sul,RS,0.299,estressado
202505,2025,5,PassoFundo_RS,Sul,RS,0.287,estressado
202506,2025,6,PassoFundo_RS,Sul,RS,0.2766,estressado
202507,2025,7,PassoFundo_RS,Sul,RS,0.2659,estressado
202508,2025,8,PassoFundo_RS,Sul,RS,0.2661,estressado
202509,2025,9,PassoFundo_RS,Sul,RS,0.2727,estressado
202510,2025,10,PassoFundo_RS,Sul,RS,0.2714,estressado
202511,2025,11,PassoFundo_RS,Sul,RS,0.2668,estressado
202512,2025,12,PassoFundo_RS,Sul,RS,0.2766,estressado
201501,2015,1,Petrolina_PE,Nordeste,PE,0.2009,estressado
201502,2015,2,Petrolina_PE,Nordeste,PE,0.2055,estressado
201503,2015,3,Petrolina_PE,Nordeste,PE,0.1948,estressado
201504,2015,4,Petrolina_PE,Nordeste,PE,0.1989,estressado
201505,2015,5,Petrolina_PE,Nordeste,PE,0.1865,estressado
201506,2015,6,Petrolina_PE,Nordeste,PE,0.2027,estressado
201507,2015,7,Petrolina_PE,Nordeste,PE,0.1813,estressado
201508,2015,8,Petrolina_PE,Nordeste,PE,0.1682,estressado
201509,2015,9,Petrolina_PE,Nordeste,PE,0.1674,estressado
201510,2015,10,Petrolina_PE,Nordeste,PE,0.1518,estressado
201511,2015,11,Petrolina_PE,Nordeste,PE,0.1528,estressado
201512,2015,12,Petrolina_PE,Nordeste,PE,0.1722,estressado
201601,2016,1,Petrolina_PE,Nordeste,PE,0.1691,estressado
201602,2016,2,Petrolina_PE,Nordeste,PE,0.2167,estressado
201603,2016,3,Petrolina_PE,Nordeste,PE,0.1869,estressado
201604,2016,4,Petrolina_PE,Nordeste,PE,0.1817,estressado
201605,2016,5,Petrolina_PE,Nordeste,PE,0.1709,estressado
201606,2016,6,Petrolina_PE,Nordeste,PE,0.1638,estressado
201607,2016,7,Petrolina_PE,Nordeste,PE,0.1668,estressado
201608,2016,8,Petrolina_PE,Nordeste,PE,0.1593,estressado
201609,2016,9,Petrolina_PE,Nordeste,PE,0.165,estressado
201610,2016,10,Petrolina_PE,Nordeste,PE,0.1587,estressado
201611,2016,11,Petrolina_PE,Nordeste,PE,0.1551,estressado
201612,2016,12,Petrolina_PE,Nordeste,PE,0.1735,estressado
201701,2017,1,Petrolina_PE,Nordeste,PE,0.1693,estressado
201702,2017,2,Petrolina_PE,Nordeste,PE,0.1502,estressado
201703,2017,3,Petrolina_PE,Nordeste,PE,0.1932,estressado
201704,2017,4,Petrolina_PE,Nordeste,PE,0.1766,estressado
201705,2017,5,Petrolina_PE,Nordeste,PE,0.1614,estressado
201706,2017,6,Petrolina_PE,Nordeste,PE,0.1666,estressado
201707,2017,7,Petrolina_PE,Nordeste,PE,0.1462,estressado
201708,2017,8,Petrolina_PE,Nordeste,PE,0.1461,estressado
201709,2017,9,Petrolina_PE,Nordeste,PE,0.1399,estressado
201710,2017,10,Petrolina_PE,Nordeste,PE,0.1537,estressado
201711,2017,11,Petrolina_PE,Nordeste,PE,0.1548,estressado
201712,2017,12,Petrolina_PE,Nordeste,PE,0.1681,estressado
201801,2018,1,Petrolina_PE,Nordeste,PE,0.1235,estressado
201802,2018,2,Petrolina_PE,Nordeste,PE,0.1235,estressado
201803,2018,3,Petrolina_PE,Nordeste,PE,0.1869,estressado
201804,2018,4,Petrolina_PE,Nordeste,PE,0.2145,estressado
201805,2018,5,Petrolina_PE,Nordeste,PE,0.1778,estressado
201806,2018,6,Petrolina_PE,Nordeste,PE,0.1622,estressado
201807,2018,7,Petrolina_PE,Nordeste,PE,0.1688,estressado
201808,2018,8,Petrolina_PE,Nordeste,PE,0.1566,estressado
201809,2018,9,Petrolina_PE,Nordeste,PE,0.1605,estressado
201810,2018,10,Petrolina_PE,Nordeste,PE,0.1519,estressado
201811,2018,11,Petrolina_PE,Nordeste,PE,0.1482,estressado
201812,2018,12,Petrolina_PE,Nordeste,PE,0.1909,estressado
201901,2019,1,Petrolina_PE,Nordeste,PE,0.1705,estressado
201902,2019,2,Petrolina_PE,Nordeste,PE,0.182,estressado
201903,2019,3,Petrolina_PE,Nordeste,PE,0.1928,estressado
201904,2019,4,Petrolina_PE,Nordeste,PE,0.1931,estressado
201905,2019,5,Petrolina_PE,Nordeste,PE,0.1735,estressado
201906,2019,6,Petrolina_PE,Nordeste,PE,0.17,estressado
201907,2019,7,Petrolina_PE,Nordeste,PE,0.1571,estressado
201908,2019,8,Petrolina_PE,Nordeste,PE,0.1601,estressado
201909,2019,9,Petrolina_PE,Nordeste,PE,0.1616,estressado
201910,2019,10,Petrolina_PE,Nordeste,PE,0.1509,estressado
201911,2019,11,Petrolina_PE,Nordeste,PE,0.161,estressado
201912,2019,12,Petrolina_PE,Nordeste,PE,0.1502,estressado
202001,2020,1,Petrolina_PE,Nordeste,PE,0.1852,estressado
202002,2020,2,Petrolina_PE,Nordeste,PE,0.2006,estressado
202003,2020,3,Petrolina_PE,Nordeste,PE,0.1786,estressado
202004,2020,4,Petrolina_PE,Nordeste,PE,0.2068,estressado
202005,2020,5,Petrolina_PE,Nordeste,PE,0.1979,estressado
202006,2020,6,Petrolina_PE,Nordeste,PE,0.1845,estressado
202007,2020,7,Petrolina_PE,Nordeste,PE,0.1911,estressado
202008,2020,8,Petrolina_PE,Nordeste,PE,0.1693,estressado
202009,2020,9,Petrolina_PE,Nordeste,PE,0.1684,estressado
202010,2020,10,Petrolina_PE,Nordeste,PE,0.1715,estressado
202011,2020,11,Petrolina_PE,Nordeste,PE,0.2087,estressado
202012,2020,12,Petrolina_PE,Nordeste,PE,0.2019,estressado
202101,2021,1,Petrolina_PE,Nordeste,PE,0.2105,estressado
202102,2021,2,Petrolina_PE,Nordeste,PE,0.2016,estressado
202103,2021,3,Petrolina_PE,Nordeste,PE,0.2334,estressado
202104,2021,4,Petrolina_PE,Nordeste,PE,0.2072,estressado
202105,2021,5,Petrolina_PE,Nordeste,PE,0.2032,estressado
202106,2021,6,Petrolina_PE,Nordeste,PE,0.1843,estressado
202107,2021,7,Petrolina_PE,Nordeste,PE,0.1842,estressado
202108,2021,8,Petrolina_PE,Nordeste,PE,0.1712,estressado
202109,2021,9,Petrolina_PE,Nordeste,PE,0.1719,estressado
202110,2021,10,Petrolina_PE,Nordeste,PE,0.1498,estressado
202111,2021,11,Petrolina_PE,Nordeste,PE,0.1936,estressado
202112,2021,12,Petrolina_PE,Nordeste,PE,0.181,estressado
202201,2022,1,Petrolina_PE,Nordeste,PE,0.1842,estressado
202202,2022,2,Petrolina_PE,Nordeste,PE,0.2701,estressado
202203,2022,3,Petrolina_PE,Nordeste,PE,0.2471,estressado
202204,2022,4,Petrolina_PE,Nordeste,PE,0.2563,estressado
202205,2022,5,Petrolina_PE,Nordeste,PE,0.2365,estressado
202206,2022,6,Petrolina_PE,Nordeste,PE,0.1955,estressado
202207,2022,7,Petrolina_PE,Nordeste,PE,0.1954,estressado
202208,2022,8,Petrolina_PE,Nordeste,PE,0.1869,estressado
202209,2022,9,Petrolina_PE,Nordeste,PE,0.1657,estressado
202210,2022,10,Petrolina_PE,Nordeste,PE,0.1663,estressado
202211,2022,11,Petrolina_PE,Nordeste,PE,0.1795,estressado
202212,2022,12,Petrolina_PE,Nordeste,PE,0.2274,estressado
202301,2023,1,Petrolina_PE,Nordeste,PE,0.2516,estressado
202302,2023,2,Petrolina_PE,Nordeste,PE,0.2007,estressado
202303,2023,3,Petrolina_PE,Nordeste,PE,0.2553,estressado
202304,2023,4,Petrolina_PE,Nordeste,PE,0.193,estressado
202305,2023,5,Petrolina_PE,Nordeste,PE,0.2008,estressado
202306,2023,6,Petrolina_PE,Nordeste,PE,0.202,estressado
202307,2023,7,Petrolina_PE,Nordeste,PE,0.1786,estressado
202308,2023,8,Petrolina_PE,Nordeste,PE,0.1865,estressado
202309,2023,9,Petrolina_PE,Nordeste,PE,0.1952,estressado
202310,2023,10,Petrolina_PE,Nordeste,PE,0.17,estressado
202311,2023,11,Petrolina_PE,Nordeste,PE,0.1838,estressado
202312,2023,12,Petrolina_PE,Nordeste,PE,0.2133,estressado
202401,2024,1,Petrolina_PE,Nordeste,PE,0.1929,estressado
202402,2024,2,Petrolina_PE,Nordeste,PE,0.1929,estressado
202403,2024,3,Petrolina_PE,Nordeste,PE,0.2208,estressado
202404,2024,4,Petrolina_PE,Nordeste,PE,0.2094,estressado
202405,2024,5,Petrolina_PE,Nordeste,PE,0.2446,estressado
202406,2024,6,Petrolina_PE,Nordeste,PE,0.1943,estressado
202407,2024,7,Petrolina_PE,Nordeste,PE,0.21,estressado
202408,2024,8,Petrolina_PE,Nordeste,PE,0.2075,estressado
202409,2024,9,Petrolina_PE,Nordeste,PE,0.1694,estressado
202410,2024,10,Petrolina_PE,Nordeste,PE,0.1927,estressado
202411,2024,11,Petrolina_PE,Nordeste,PE,0.1806,estressado
202412,2024,12,Petrolina_PE,Nordeste,PE,0.222,estressado
202501,2025,1,Petrolina_PE,Nordeste,PE,0.2176,estressado
202502,2025,2,Petrolina_PE,Nordeste,PE,0.2458,estressado
202503,2025,3,Petrolina_PE,Nordeste,PE,0.2209,estressado
202504,2025,4,Petrolina_PE,Nordeste,PE,0.19,estressado
202505,2025,5,Petrolina_PE,Nordeste,PE,0.2087,estressado
202506,2025,6,Petrolina_PE,Nordeste,PE,0.2087,estressado
202507,2025,7,Petrolina_PE,Nordeste,PE,0.1706,estressado
202508,2025,8,Petrolina_PE,Nordeste,PE,0.172,estressado
202509,2025,9,Petrolina_PE,Nordeste,PE,0.1571,estressado
202510,2025,10,Petrolina_PE,Nordeste,PE,0.1679,estressado
202511,2025,11,Petrolina_PE,Nordeste,PE,0.1808,estressado
202512,2025,12,Petrolina_PE,Nordeste,PE,0.169,estressado
201501,2015,1,Quixada_CE,Nordeste,CE,0.2579,estressado
201502,2015,2,Quixada_CE,Nordeste,CE,0.3156,moderado
201503,2015,3,Quixada_CE,Nordeste,CE,0.2984,estressado
201504,2015,4,Quixada_CE,Nordeste,CE,0.446,moderado
201505,2015,5,Quixada_CE,Nordeste,CE,0.3291,moderado
201506,2015,6,Quixada_CE,Nordeste,CE,0.3005,moderado
201507,2015,7,Quixada_CE,Nordeste,CE,0.3106,moderado
201508,2015,8,Quixada_CE,Nordeste,CE,0.2702,estressado
201509,2015,9,Quixada_CE,Nordeste,CE,0.2431,estressado
201510,2015,10,Quixada_CE,Nordeste,CE,0.235,estressado
201511,2015,11,Quixada_CE,Nordeste,CE,0.2306,estressado
201512,2015,12,Quixada_CE,Nordeste,CE,0.23,estressado
201601,2016,1,Quixada_CE,Nordeste,CE,0.2785,estressado
201602,2016,2,Quixada_CE,Nordeste,CE,0.4961,moderado
201603,2016,3,Quixada_CE,Nordeste,CE,0.3044,moderado
201604,2016,4,Quixada_CE,Nordeste,CE,0.3657,moderado
201605,2016,5,Quixada_CE,Nordeste,CE,0.2943,estressado
201606,2016,6,Quixada_CE,Nordeste,CE,0.2834,estressado
201607,2016,7,Quixada_CE,Nordeste,CE,0.2555,estressado
201608,2016,8,Quixada_CE,Nordeste,CE,0.2417,estressado
201609,2016,9,Quixada_CE,Nordeste,CE,0.2423,estressado
201610,2016,10,Quixada_CE,Nordeste,CE,0.2228,estressado
201611,2016,11,Quixada_CE,Nordeste,CE,0.2577,estressado
201612,2016,12,Quixada_CE,Nordeste,CE,0.2512,estressado
201701,2017,1,Quixada_CE,Nordeste,CE,0.2014,estressado
201702,2017,2,Quixada_CE,Nordeste,CE,0.3128,moderado
201703,2017,3,Quixada_CE,Nordeste,CE,0.3128,moderado
201704,2017,4,Quixada_CE,Nordeste,CE,0.3334,moderado
201705,2017,5,Quixada_CE,Nordeste,CE,0.3691,moderado
201706,2017,6,Quixada_CE,Nordeste,CE,0.3086,moderado
201707,2017,7,Quixada_CE,Nordeste,CE,0.2958,estressado
201708,2017,8,Quixada_CE,Nordeste,CE,0.3185,moderado
201709,2017,9,Quixada_CE,Nordeste,CE,0.2395,estressado
201710,2017,10,Quixada_CE,Nordeste,CE,0.2313,estressado
201711,2017,11,Quixada_CE,Nordeste,CE,0.299,estressado
201712,2017,12,Quixada_CE,Nordeste,CE,0.2681,estressado
201801,2018,1,Quixada_CE,Nordeste,CE,0.2469,estressado
201802,2018,2,Quixada_CE,Nordeste,CE,0.2554,estressado
201803,2018,3,Quixada_CE,Nordeste,CE,0.3237,moderado
201804,2018,4,Quixada_CE,Nordeste,CE,0.4299,moderado
201805,2018,5,Quixada_CE,Nordeste,CE,0.3994,moderado
201806,2018,6,Quixada_CE,Nordeste,CE,0.308,moderado
201807,2018,7,Quixada_CE,Nordeste,CE,0.2731,estressado
201808,2018,8,Quixada_CE,Nordeste,CE,0.2545,estressado
201809,2018,9,Quixada_CE,Nordeste,CE,0.2694,estressado
201810,2018,10,Quixada_CE,Nordeste,CE,0.2232,estressado
201811,2018,11,Quixada_CE,Nordeste,CE,0.2447,estressado
201812,2018,12,Quixada_CE,Nordeste,CE,0.3046,moderado
201901,2019,1,Quixada_CE,Nordeste,CE,0.3088,moderado
201902,2019,2,Quixada_CE,Nordeste,CE,0.3968,moderado
201903,2019,3,Quixada_CE,Nordeste,CE,0.385,moderado
201904,2019,4,Quixada_CE,Nordeste,CE,0.4706,moderado
201905,2019,5,Quixada_CE,Nordeste,CE,0.4439,moderado
201906,2019,6,Quixada_CE,Nordeste,CE,0.3476,moderado
201907,2019,7,Quixada_CE,Nordeste,CE,0.2683,estressado
201908,2019,8,Quixada_CE,Nordeste,CE,0.2611,estressado
201909,2019,9,Quixada_CE,Nordeste,CE,0.2495,estressado
201910,2019,10,Quixada_CE,Nordeste,CE,0.2606,estressado
201911,2019,11,Quixada_CE,Nordeste,CE,0.2165,estressado
201912,2019,12,Quixada_CE,Nordeste,CE,0.2376,estressado
202001,2020,1,Quixada_CE,Nordeste,CE,0.3294,moderado
202002,2020,2,Quixada_CE,Nordeste,CE,0.3629,moderado
202003,2020,3,Quixada_CE,Nordeste,CE,0.4211,moderado
202004,2020,4,Quixada_CE,Nordeste,CE,0.3322,moderado
202005,2020,5,Quixada_CE,Nordeste,CE,0.3871,moderado
202006,2020,6,Quixada_CE,Nordeste,CE,0.377,moderado
202007,2020,7,Quixada_CE,Nordeste,CE,0.33,moderado
202008,2020,8,Quixada_CE,Nordeste,CE,0.2759,estressado
202009,2020,9,Quixada_CE,Nordeste,CE,0.2701,estressado
202010,2020,10,Quixada_CE,Nordeste,CE,0.2386,estressado
202011,2020,11,Quixada_CE,Nordeste,CE,0.2712,estressado
202012,2020,12,Quixada_CE,Nordeste,CE,0.251,estressado
202101,2021,1,Quixada_CE,Nordeste,CE,0.306,moderado
202102,2021,2,Quixada_CE,Nordeste,CE,0.2392,estressado
202103,2021,3,Quixada_CE,Nordeste,CE,0.46,moderado
202104,2021,4,Quixada_CE,Nordeste,CE,0.51,saudavel
202105,2021,5,Quixada_CE,Nordeste,CE,0.3411,moderado
202106,2021,6,Quixada_CE,Nordeste,CE,0.3007,moderado
202107,2021,7,Quixada_CE,Nordeste,CE,0.2582,estressado
202108,2021,8,Quixada_CE,Nordeste,CE,0.2556,estressado
202109,2021,9,Quixada_CE,Nordeste,CE,0.2564,estressado
202110,2021,10,Quixada_CE,Nordeste,CE,0.2316,estressado
202111,2021,11,Quixada_CE,Nordeste,CE,0.2015,estressado
202112,2021,12,Quixada_CE,Nordeste,CE,0.2356,estressado
202201,2022,1,Quixada_CE,Nordeste,CE,0.3039,moderado
202202,2022,2,Quixada_CE,Nordeste,CE,0.5468,saudavel
202203,2022,3,Quixada_CE,Nordeste,CE,0.3116,moderado
202204,2022,4,Quixada_CE,Nordeste,CE,0.3607,moderado
202205,2022,5,Quixada_CE,Nordeste,CE,0.3374,moderado
202206,2022,6,Quixada_CE,Nordeste,CE,0.3297,moderado
202207,2022,7,Quixada_CE,Nordeste,CE,0.3219,moderado
202208,2022,8,Quixada_CE,Nordeste,CE,0.2607,estressado
202209,2022,9,Quixada_CE,Nordeste,CE,0.2358,estressado
202210,2022,10,Quixada_CE,Nordeste,CE,0.255,estressado
202211,2022,11,Quixada_CE,Nordeste,CE,0.2803,estressado
202212,2022,12,Quixada_CE,Nordeste,CE,0.293,estressado
202301,2023,1,Quixada_CE,Nordeste,CE,0.3787,moderado
202302,2023,2,Quixada_CE,Nordeste,CE,0.314,moderado
202303,2023,3,Quixada_CE,Nordeste,CE,0.6538,saudavel
202304,2023,4,Quixada_CE,Nordeste,CE,0.6538,saudavel
202305,2023,5,Quixada_CE,Nordeste,CE,0.4041,moderado
202306,2023,6,Quixada_CE,Nordeste,CE,0.2967,estressado
202307,2023,7,Quixada_CE,Nordeste,CE,0.2818,estressado
202308,2023,8,Quixada_CE,Nordeste,CE,0.2576,estressado
202309,2023,9,Quixada_CE,Nordeste,CE,0.2387,estressado
202310,2023,10,Quixada_CE,Nordeste,CE,0.2385,estressado
202311,2023,11,Quixada_CE,Nordeste,CE,0.205,estressado
202312,2023,12,Quixada_CE,Nordeste,CE,0.2536,estressado
202401,2024,1,Quixada_CE,Nordeste,CE,0.3067,moderado
202402,2024,2,Quixada_CE,Nordeste,CE,0.3132,moderado
202403,2024,3,Quixada_CE,Nordeste,CE,0.282,estressado
202404,2024,4,Quixada_CE,Nordeste,CE,0.3929,moderado
202405,2024,5,Quixada_CE,Nordeste,CE,0.4556,moderado
202406,2024,6,Quixada_CE,Nordeste,CE,0.3757,moderado
202407,2024,7,Quixada_CE,Nordeste,CE,0.3693,moderado
202408,2024,8,Quixada_CE,Nordeste,CE,0.3044,moderado
202409,2024,9,Quixada_CE,Nordeste,CE,0.248,estressado
202410,2024,10,Quixada_CE,Nordeste,CE,0.2415,estressado
202411,2024,11,Quixada_CE,Nordeste,CE,0.2862,estressado
202412,2024,12,Quixada_CE,Nordeste,CE,0.2566,estressado
202501,2025,1,Quixada_CE,Nordeste,CE,0.2773,estressado
202502,2025,2,Quixada_CE,Nordeste,CE,0.3711,moderado
202503,2025,3,Quixada_CE,Nordeste,CE,0.3283,moderado
202504,2025,4,Quixada_CE,Nordeste,CE,0.3835,moderado
202505,2025,5,Quixada_CE,Nordeste,CE,0.3398,moderado
202506,2025,6,Quixada_CE,Nordeste,CE,0.353,moderado
202507,2025,7,Quixada_CE,Nordeste,CE,0.2848,estressado
202508,2025,8,Quixada_CE,Nordeste,CE,0.245,estressado
202509,2025,9,Quixada_CE,Nordeste,CE,0.2489,estressado
202510,2025,10,Quixada_CE,Nordeste,CE,0.2527,estressado
202511,2025,11,Quixada_CE,Nordeste,CE,0.226,estressado
202512,2025,12,Quixada_CE,Nordeste,CE,0.2384,estressado
201501,2015,1,Vitoria_BA,Nordeste,BA,0.3583,moderado
201502,2015,2,Vitoria_BA,Nordeste,BA,0.3639,moderado
201503,2015,3,Vitoria_BA,Nordeste,BA,0.399,moderado
201504,2015,4,Vitoria_BA,Nordeste,BA,0.3094,moderado
201505,2015,5,Vitoria_BA,Nordeste,BA,0.3228,moderado
201506,2015,6,Vitoria_BA,Nordeste,BA,0.4012,moderado
201507,2015,7,Vitoria_BA,Nordeste,BA,0.2818,estressado
201508,2015,8,Vitoria_BA,Nordeste,BA,0.2832,estressado
201509,2015,9,Vitoria_BA,Nordeste,BA,0.2964,estressado
201510,2015,10,Vitoria_BA,Nordeste,BA,0.269,estressado
201511,2015,11,Vitoria_BA,Nordeste,BA,0.2258,estressado
201512,2015,12,Vitoria_BA,Nordeste,BA,0.2549,estressado
201601,2016,1,Vitoria_BA,Nordeste,BA,0.2571,estressado
201602,2016,2,Vitoria_BA,Nordeste,BA,0.4436,moderado
201603,2016,3,Vitoria_BA,Nordeste,BA,0.3483,moderado
201604,2016,4,Vitoria_BA,Nordeste,BA,0.3344,moderado
201605,2016,5,Vitoria_BA,Nordeste,BA,0.2733,estressado
201606,2016,6,Vitoria_BA,Nordeste,BA,0.2604,estressado
201607,2016,7,Vitoria_BA,Nordeste,BA,0.2367,estressado
201608,2016,8,Vitoria_BA,Nordeste,BA,0.237,estressado
201609,2016,9,Vitoria_BA,Nordeste,BA,0.3015,moderado
201610,2016,10,Vitoria_BA,Nordeste,BA,0.4238,moderado
201611,2016,11,Vitoria_BA,Nordeste,BA,0.3821,moderado
201612,2016,12,Vitoria_BA,Nordeste,BA,0.3576,moderado
201701,2017,1,Vitoria_BA,Nordeste,BA,0.3597,moderado
201702,2017,2,Vitoria_BA,Nordeste,BA,0.4061,moderado
201703,2017,3,Vitoria_BA,Nordeste,BA,0.362,moderado
201704,2017,4,Vitoria_BA,Nordeste,BA,0.3266,moderado
201705,2017,5,Vitoria_BA,Nordeste,BA,0.3301,moderado
201706,2017,6,Vitoria_BA,Nordeste,BA,0.5094,saudavel
201707,2017,7,Vitoria_BA,Nordeste,BA,0.3271,moderado
201708,2017,8,Vitoria_BA,Nordeste,BA,0.3583,moderado
201709,2017,9,Vitoria_BA,Nordeste,BA,0.3066,moderado
201710,2017,10,Vitoria_BA,Nordeste,BA,0.2569,estressado
201711,2017,11,Vitoria_BA,Nordeste,BA,0.3498,moderado
201712,2017,12,Vitoria_BA,Nordeste,BA,0.3443,moderado
201801,2018,1,Vitoria_BA,Nordeste,BA,0.2954,estressado
201802,2018,2,Vitoria_BA,Nordeste,BA,0.3083,moderado
201803,2018,3,Vitoria_BA,Nordeste,BA,0.4094,moderado
201804,2018,4,Vitoria_BA,Nordeste,BA,0.5233,saudavel
201805,2018,5,Vitoria_BA,Nordeste,BA,0.337,moderado
201806,2018,6,Vitoria_BA,Nordeste,BA,0.2811,estressado
201807,2018,7,Vitoria_BA,Nordeste,BA,0.3128,moderado
201808,2018,8,Vitoria_BA,Nordeste,BA,0.2761,estressado
201809,2018,9,Vitoria_BA,Nordeste,BA,0.3206,moderado
201810,2018,10,Vitoria_BA,Nordeste,BA,0.3125,moderado
201811,2018,11,Vitoria_BA,Nordeste,BA,0.3664,moderado
201812,2018,12,Vitoria_BA,Nordeste,BA,0.5288,saudavel
201901,2019,1,Vitoria_BA,Nordeste,BA,0.3839,moderado
201902,2019,2,Vitoria_BA,Nordeste,BA,0.336,moderado
201903,2019,3,Vitoria_BA,Nordeste,BA,0.3584,moderado
201904,2019,4,Vitoria_BA,Nordeste,BA,0.328,moderado
201905,2019,5,Vitoria_BA,Nordeste,BA,0.4205,moderado
201906,2019,6,Vitoria_BA,Nordeste,BA,0.3163,moderado
201907,2019,7,Vitoria_BA,Nordeste,BA,0.3227,moderado
201908,2019,8,Vitoria_BA,Nordeste,BA,0.3199,moderado
201909,2019,9,Vitoria_BA,Nordeste,BA,0.3667,moderado
201910,2019,10,Vitoria_BA,Nordeste,BA,0.3267,moderado
201911,2019,11,Vitoria_BA,Nordeste,BA,0.2657,estressado
201912,2019,12,Vitoria_BA,Nordeste,BA,0.414,moderado
202001,2020,1,Vitoria_BA,Nordeste,BA,0.3637,moderado
202002,2020,2,Vitoria_BA,Nordeste,BA,0.3873,moderado
202003,2020,3,Vitoria_BA,Nordeste,BA,0.3374,moderado
202004,2020,4,Vitoria_BA,Nordeste,BA,0.3631,moderado
202005,2020,5,Vitoria_BA,Nordeste,BA,0.3775,moderado
202006,2020,6,Vitoria_BA,Nordeste,BA,0.3673,moderado
202007,2020,7,Vitoria_BA,Nordeste,BA,0.399,moderado
202008,2020,8,Vitoria_BA,Nordeste,BA,0.2662,estressado
202009,2020,9,Vitoria_BA,Nordeste,BA,0.3462,moderado
202010,2020,10,Vitoria_BA,Nordeste,BA,0.3337,moderado
202011,2020,11,Vitoria_BA,Nordeste,BA,0.3015,moderado
202012,2020,12,Vitoria_BA,Nordeste,BA,0.3004,moderado
202101,2021,1,Vitoria_BA,Nordeste,BA,0.2307,estressado
202102,2021,2,Vitoria_BA,Nordeste,BA,0.457,moderado
202103,2021,3,Vitoria_BA,Nordeste,BA,0.3805,moderado
202104,2021,4,Vitoria_BA,Nordeste,BA,0.4009,moderado
202105,2021,5,Vitoria_BA,Nordeste,BA,0.505,saudavel
202106,2021,6,Vitoria_BA,Nordeste,BA,0.3201,moderado
202107,2021,7,Vitoria_BA,Nordeste,BA,0.3013,moderado
202108,2021,8,Vitoria_BA,Nordeste,BA,0.3598,moderado
202109,2021,9,Vitoria_BA,Nordeste,BA,0.3299,moderado
202110,2021,10,Vitoria_BA,Nordeste,BA,0.2265,estressado
202111,2021,11,Vitoria_BA,Nordeste,BA,0.4646,moderado
202112,2021,12,Vitoria_BA,Nordeste,BA,0.4646,moderado
202201,2022,1,Vitoria_BA,Nordeste,BA,0.3963,moderado
202202,2022,2,Vitoria_BA,Nordeste,BA,0.4263,moderado
202203,2022,3,Vitoria_BA,Nordeste,BA,0.415,moderado
202204,2022,4,Vitoria_BA,Nordeste,BA,0.4008,moderado
202205,2022,5,Vitoria_BA,Nordeste,BA,0.3794,moderado
202206,2022,6,Vitoria_BA,Nordeste,BA,0.3062,moderado
202207,2022,7,Vitoria_BA,Nordeste,BA,0.3129,moderado
202208,2022,8,Vitoria_BA,Nordeste,BA,0.2922,estressado
202209,2022,9,Vitoria_BA,Nordeste,BA,0.3221,moderado
202210,2022,10,Vitoria_BA,Nordeste,BA,0.3538,moderado
202211,2022,11,Vitoria_BA,Nordeste,BA,0.3348,moderado
202212,2022,12,Vitoria_BA,Nordeste,BA,0.4069,moderado
202301,2023,1,Vitoria_BA,Nordeste,BA,0.2615,estressado
202302,2023,2,Vitoria_BA,Nordeste,BA,0.587,saudavel
202303,2023,3,Vitoria_BA,Nordeste,BA,0.3576,moderado
202304,2023,4,Vitoria_BA,Nordeste,BA,0.2907,estressado
202305,2023,5,Vitoria_BA,Nordeste,BA,0.4002,moderado
202306,2023,6,Vitoria_BA,Nordeste,BA,0.3568,moderado
202307,2023,7,Vitoria_BA,Nordeste,BA,0.2817,estressado
202308,2023,8,Vitoria_BA,Nordeste,BA,0.2905,estressado
202309,2023,9,Vitoria_BA,Nordeste,BA,0.321,moderado
202310,2023,10,Vitoria_BA,Nordeste,BA,0.3676,moderado
202311,2023,11,Vitoria_BA,Nordeste,BA,0.3274,moderado
202312,2023,12,Vitoria_BA,Nordeste,BA,0.3009,moderado
202401,2024,1,Vitoria_BA,Nordeste,BA,0.354,moderado
202402,2024,2,Vitoria_BA,Nordeste,BA,0.3373,moderado
202403,2024,3,Vitoria_BA,Nordeste,BA,0.3542,moderado
202404,2024,4,Vitoria_BA,Nordeste,BA,0.4911,moderado
202405,2024,5,Vitoria_BA,Nordeste,BA,0.4122,moderado
202406,2024,6,Vitoria_BA,Nordeste,BA,0.3459,moderado
202407,2024,7,Vitoria_BA,Nordeste,BA,0.3559,moderado
202408,2024,8,Vitoria_BA,Nordeste,BA,0.2955,estressado
202409,2024,9,Vitoria_BA,Nordeste,BA,0.3039,moderado
202410,2024,10,Vitoria_BA,Nordeste,BA,0.4528,moderado
202411,2024,11,Vitoria_BA,Nordeste,BA,0.3777,moderado
202412,2024,12,Vitoria_BA,Nordeste,BA,0.2519,estressado
202501,2025,1,Vitoria_BA,Nordeste,BA,0.3481,moderado
202502,2025,2,Vitoria_BA,Nordeste,BA,0.5555,saudavel
202503,2025,3,Vitoria_BA,Nordeste,BA,0.4102,moderado
202504,2025,4,Vitoria_BA,Nordeste,BA,0.3305,moderado
202505,2025,5,Vitoria_BA,Nordeste,BA,0.3317,moderado
202506,2025,6,Vitoria_BA,Nordeste,BA,0.3336,moderado
202507,2025,7,Vitoria_BA,Nordeste,BA,0.3692,moderado
202508,2025,8,Vitoria_BA,Nordeste,BA,0.2928,estressado
202509,2025,9,Vitoria_BA,Nordeste,BA,0.2642,estressado
202510,2025,10,Vitoria_BA,Nordeste,BA,0.2727,estressado
202511,2025,11,Vitoria_BA,Nordeste,BA,0.3635,moderado
202512,2025,12,Vitoria_BA,Nordeste,BA,0.4692,moderado
