periodo,ano,mes,regiao,ndvi_medio_regiao,saude_vegetacao
201501,2015,1,Nordeste,0.2439,estressado
201501,2015,1,Sul,0.4043,moderado
201502,2015,2,Nordeste,0.249,estressado
201502,2015,2,Sul,0.3713,moderado
201503,2015,3,Nordeste,0.2631,estressado
201503,2015,3,Sul,0.3806,moderado
201504,2015,4,Nordeste,0.2787,estressado
201504,2015,4,Sul,0.3552,moderado
201505,2015,5,Nordeste,0.2494,estressado
201505,2015,5,Sul,0.3605,moderado
201506,2015,6,Nordeste,0.2564,estressado
201506,2015,6,Sul,0.3714,moderado
201507,2015,7,Nordeste,0.2413,estressado
201507,2015,7,Sul,0.3697,moderado
201508,2015,8,Nordeste,0.2218,estressado
201508,2015,8,Sul,0.3694,moderado
201509,2015,9,Nordeste,0.2181,estressado
201509,2015,9,Sul,0.3802,moderado
201510,2015,10,Nordeste,0.2,estressado
201510,2015,10,Sul,0.36,moderado
201511,2015,11,Nordeste,0.19,estressado
201511,2015,11,Sul,0.3636,moderado
201512,2015,12,Nordeste,0.207,estressado
201512,2015,12,Sul,0.3866,moderado
201601,2016,1,Nordeste,0.2198,estressado
201601,2016,1,Sul,0.4095,moderado
201602,2016,2,Nordeste,0.3242,moderado
201602,2016,2,Sul,0.4003,moderado
201603,2016,3,Nordeste,0.2369,estressado
201603,2016,3,Sul,0.3706,moderado
201604,2016,4,Nordeste,0.2644,estressado
201604,2016,4,Sul,0.392,moderado
201605,2016,5,Nordeste,0.2297,estressado
201605,2016,5,Sul,0.38,moderado
201606,2016,6,Nordeste,0.2058,estressado
201606,2016,6,Sul,0.3734,moderado
201607,2016,7,Nordeste,0.1993,estressado
201607,2016,7,Sul,0.3415,moderado
201608,2016,8,Nordeste,0.2006,estressado
201608,2016,8,Sul,0.3223,moderado
201609,2016,9,Nordeste,0.214,estressado
201609,2016,9,Sul,0.3501,moderado
201610,2016,10,Nordeste,0.2404,estressado
201610,2016,10,Sul,0.324,moderado
201611,2016,11,Nordeste,0.235,estressado
201611,2016,11,Sul,0.3802,moderado
201612,2016,12,Nordeste,0.2247,estressado
201612,2016,12,Sul,0.4352,moderado
201701,2017,1,Nordeste,0.2249,estressado
201701,2017,1,Sul,0.446,moderado
201702,2017,2,Nordeste,0.257,estressado
201702,2017,2,Sul,0.4147,moderado
201703,2017,3,Nordeste,0.253,estressado
201703,2017,3,Sul,0.3797,moderado
201704,2017,4,Nordeste,0.2533,estressado
201704,2017,4,Sul,0.3771,moderado
201705,2017,5,Nordeste,0.2562,estressado
201705,2017,5,Sul,0.3917,moderado
201706,2017,6,Nordeste,0.2753,estressado
201706,2017,6,Sul,0.3717,moderado
201707,2017,7,Nordeste,0.2294,estressado
201707,2017,7,Sul,0.3464,moderado
201708,2017,8,Nordeste,0.2439,estressado
201708,2017,8,Sul,0.3625,moderado
201709,2017,9,Nordeste,0.2113,estressado
201709,2017,9,Sul,0.328,moderado
201710,2017,10,Nordeste,0.2062,estressado
201710,2017,10,Sul,0.3737,moderado
201711,2017,11,Nordeste,0.2174,estressado
201711,2017,11,Sul,0.3677,moderado
201712,2017,12,Nordeste,0.2255,estressado
201712,2017,12,Sul,0.3676,moderado
201801,2018,1,Nordeste,0.2005,estressado
201801,2018,1,Sul,0.4032,moderado
201802,2018,2,Nordeste,0.2181,estressado
201802,2018,2,Sul,0.3917,moderado
201803,2018,3,Nordeste,0.2582,estressado
201803,2018,3,Sul,0.3765,moderado
201804,2018,4,Nordeste,0.3243,moderado
201804,2018,4,Sul,0.3713,moderado
201805,2018,5,Nordeste,0.2676,estressado
201805,2018,5,Sul,0.3892,moderado
201806,2018,6,Nordeste,0.2325,estressado
201806,2018,6,Sul,0.3659,moderado
201807,2018,7,Nordeste,0.227,estressado
201807,2018,7,Sul,0.3669,moderado
201808,2018,8,Nordeste,0.2096,estressado
201808,2018,8,Sul,0.3217,moderado
201809,2018,9,Nordeste,0.2205,estressado
201809,2018,9,Sul,0.3322,moderado
201810,2018,10,Nordeste,0.2123,estressado
201810,2018,10,Sul,0.3542,moderado
201811,2018,11,Nordeste,0.2215,estressado
201811,2018,11,Sul,0.3508,moderado
201812,2018,12,Nordeste,0.2802,estressado
201812,2018,12,Sul,0.3523,moderado
201901,2019,1,Nordeste,0.2504,estressado
201901,2019,1,Sul,0.4285,moderado
201902,2019,2,Nordeste,0.2604,estressado
201902,2019,2,Sul,0.4,moderado
201903,2019,3,Nordeste,0.279,estressado
201903,2019,3,Sul,0.4128,moderado
201904,2019,4,Nordeste,0.3003,moderado
201904,2019,4,Sul,0.4072,moderado
201905,2019,5,Nordeste,0.299,estressado
201905,2019,5,Sul,0.3724,moderado
201906,2019,6,Nordeste,0.2534,estressado
201906,2019,6,Sul,0.3579,moderado
201907,2019,7,Nordeste,0.2304,estressado
201907,2019,7,Sul,0.3318,moderado
201908,2019,8,Nordeste,0.2241,estressado
201908,2019,8,Sul,0.3206,moderado
201909,2019,9,Nordeste,0.2301,estressado
201909,2019,9,Sul,0.3842,moderado
201910,2019,10,Nordeste,0.2274,estressado
201910,2019,10,Sul,0.3915,moderado
201911,2019,11,Nordeste,0.2248,estressado
201911,2019,11,Sul,0.3693,moderado
201912,2019,12,Nordeste,0.2323,estressado
201912,2019,12,Sul,0.3737,moderado
202001,2020,1,Nordeste,0.285,estressado
202001,2020,1,Sul,0.3697,moderado
202002,2020,2,Nordeste,0.2895,estressado
202002,2020,2,Sul,0.367,moderado
202003,2020,3,Nordeste,0.2851,estressado
202003,2020,3,Sul,0.3804,moderado
202004,2020,4,Nordeste,0.2957,estressado
202004,2020,4,Sul,0.3745,moderado
202005,2020,5,Nordeste,0.3122,moderado
202005,2020,5,Sul,0.3559,moderado
202006,2020,6,Nordeste,0.2838,estressado
202006,2020,6,Sul,0.3349,moderado
202007,2020,7,Nordeste,0.2708,estressado
202007,2020,7,Sul,0.3289,moderado
202008,2020,8,Nordeste,0.2305,estressado
202008,2020,8,Sul,0.3117,moderado
202009,2020,9,Nordeste,0.2444,estressado
202009,2020,9,Sul,0.331,moderado
202010,2020,10,Nordeste,0.2245,estressado
202010,2020,10,Sul,0.3165,moderado
202011,2020,11,Nordeste,0.2436,estressado
202011,2020,11,Sul,0.3271,moderado
202012,2020,12,Nordeste,0.24,estressado
202012,2020,12,Sul,0.3552,moderado
202101,2021,1,Nordeste,0.231,estressado
202101,2021,1,Sul,0.417,moderado
202102,2021,2,Nordeste,0.2612,estressado
202102,2021,2,Sul,0.3871,moderado
202103,2021,3,Nordeste,0.3147,moderado
202103,2021,3,Sul,0.3729,moderado
202104,2021,4,Nordeste,0.3257,moderado
202104,2021,4,Sul,0.3671,moderado
202105,2021,5,Nordeste,0.3073,moderado
202105,2021,5,Sul,0.3508,moderado
202106,2021,6,Nordeste,0.2511,estressado
202106,2021,6,Sul,0.3384,moderado
202107,2021,7,Nordeste,0.2376,estressado
202107,2021,7,Sul,0.3379,moderado
202108,2021,8,Nordeste,0.2299,estressado
202108,2021,8,Sul,0.3083,moderado
202109,2021,9,Nordeste,0.2256,estressado
202109,2021,9,Sul,0.3362,moderado
202110,2021,10,Nordeste,0.1977,estressado
202110,2021,10,Sul,0.3624,moderado
202111,2021,11,Nordeste,0.2431,estressado
202111,2021,11,Sul,0.3594,moderado
202112,2021,12,Nordeste,0.2573,estressado
202112,2021,12,Sul,0.3213,moderado
202201,2022,1,Nordeste,0.26,estressado
202201,2022,1,Sul,0.3356,moderado
202202,2022,2,Nordeste,0.3327,moderado
202202,2022,2,Sul,0.3461,moderado
202203,2022,3,Nordeste,0.2758,estressado
202203,2022,3,Sul,0.3657,moderado
202204,2022,4,Nordeste,0.2964,estressado
202204,2022,4,Sul,0.3605,moderado
202205,2022,5,Nordeste,0.2987,estressado
202205,2022,5,Sul,0.3614,moderado
202206,2022,6,Nordeste,0.2832,estressado
202206,2022,6,Sul,0.367,moderado
202207,2022,7,Nordeste,0.2481,estressado
202207,2022,7,Sul,0.3645,moderado
202208,2022,8,Nordeste,0.2279,estressado
202208,2022,8,Sul,0.3187,moderado
202209,2022,9,Nordeste,0.2251,estressado
202209,2022,9,Sul,0.3309,moderado
202210,2022,10,Nordeste,0.2352,estressado
202210,2022,10,Sul,0.3762,moderado
202211,2022,11,Nordeste,0.2421,estressado
202211,2022,11,Sul,0.3411,moderado
202212,2022,12,Nordeste,0.2642,estressado
202212,2022,12,Sul,0.3318,moderado
202301,2023,1,Nordeste,0.2703,estressado
202301,2023,1,Sul,0.3579,moderado
202302,2023,2,Nordeste,0.3178,moderado
202302,2023,2,Sul,0.3783,moderado
202303,2023,3,Nordeste,0.3503,moderado
202303,2023,3,Sul,0.3678,moderado
202304,2023,4,Nordeste,0.3193,moderado
202304,2023,4,Sul,0.3652,moderado
202305,2023,5,Nordeste,0.3027,moderado
202305,2023,5,Sul,0.3808,moderado
202306,2023,6,Nordeste,0.2662,estressado
202306,2023,6,Sul,0.3976,moderado
202307,2023,7,Nordeste,0.2345,estressado
202307,2023,7,Sul,0.4134,moderado
202308,2023,8,Nordeste,0.229,estressado
202308,2023,8,Sul,0.3315,moderado
202309,2023,9,Nordeste,0.2306,estressado
202309,2023,9,Sul,0.3405,moderado
202310,2023,10,Nordeste,0.2316,estressado
202310,2023,10,Sul,0.3267,moderado
202311,2023,11,Nordeste,0.2174,estressado
202311,2023,11,Sul,0.3977,moderado
202312,2023,12,Nordeste,0.2374,estressado
202312,2023,12,Sul,0.3316,moderado
202401,2024,1,Nordeste,0.266,estressado
202401,2024,1,Sul,0.347,moderado
202402,2024,2,Nordeste,0.2536,estressado
202402,2024,2,Sul,0.3521,moderado
202403,2024,3,Nordeste,0.2747,estressado
202403,2024,3,Sul,0.3677,moderado
202404,2024,4,Nordeste,0.3165,moderado
202404,2024,4,Sul,0.3416,moderado
202405,2024,5,Nordeste,0.3211,moderado
202405,2024,5,Sul,0.3168,moderado
202406,2024,6,Nordeste,0.2748,estressado
202406,2024,6,Sul,0.3046,moderado
202407,2024,7,Nordeste,0.28,estressado
202407,2024,7,Sul,0.3094,moderado
202408,2024,8,Nordeste,0.2422,estressado
202408,2024,8,Sul,0.293,estressado
202409,2024,9,Nordeste,0.2269,estressado
202409,2024,9,Sul,0.3454,moderado
202410,2024,10,Nordeste,0.2538,estressado
202410,2024,10,Sul,0.3155,moderado
202411,2024,11,Nordeste,0.2432,estressado
202411,2024,11,Sul,0.3159,moderado
202412,2024,12,Nordeste,0.2282,estressado
202412,2024,12,Sul,0.3454,moderado
202501,2025,1,Nordeste,0.2624,estressado
202501,2025,1,Sul,0.3708,moderado
202502,2025,2,Nordeste,0.3278,moderado
202502,2025,2,Sul,0.3295,moderado
202503,2025,3,Nordeste,0.2861,estressado
202503,2025,3,Sul,0.3277,moderado
202504,2025,4,Nordeste,0.2998,estressado
202504,2025,4,Sul,0.347,moderado
202505,2025,5,Nordeste,0.2925,estressado
202505,2025,5,Sul,0.364,moderado
202506,2025,6,Nordeste,0.2795,estressado
202506,2025,6,Sul,0.3722,moderado
202507,2025,7,Nordeste,0.2425,estressado
202507,2025,7,Sul,0.3158,moderado
202508,2025,8,Nordeste,0.2289,estressado
202508,2025,8,Sul,0.2976,estressado
202509,2025,9,Nordeste,0.2113,estressado
202509,2025,9,Sul,0.3086,moderado
202510,2025,10,Nordeste,0.2128,estressado
202510,2025,10,Sul,0.3221,moderado
202511,2025,11,Nordeste,0.225,estressado
202511,2025,11,Sul,0.3393,moderado
202512,2025,12,Nordeste,0.2555,estressado
202512,2025,12,Sul,0.3567,moderado
