periodo,ano,mes,estado,cidade,precipitacao_total_mm,precip_max_dia_mm,dias_com_chuva,dias_extremo_leve,dias_extremo_moderado,dias_extremo_severo,dias_consecutivos_max,indice_enchente,risco_enchente
201501,2015,1,PR,Curitiba,239.8,22.9,29,0,0,0,22,55.0,CRITICO
201501,2015,1,PR,Londrina,176.5,39.0,15,2,0,0,6,25.0,CRITICO
201502,2015,2,PR,Curitiba,230.4,35.2,23,2,0,0,12,40.0,CRITICO
201502,2015,2,PR,Londrina,219.5,37.7,21,2,0,0,12,40.0,CRITICO
201503,2015,3,PR,Curitiba,164.2,34.9,21,1,0,0,8,25.0,CRITICO
201503,2015,3,PR,Londrina,259.1,47.5,21,2,0,0,7,27.5,CRITICO
201504,2015,4,PR,Curitiba,60.0,21.9,7,0,0,0,3,7.5,MODERADO
201504,2015,4,PR,Londrina,64.1,22.5,7,0,0,0,4,10.0,ALTO
201505,2015,5,PR,Curitiba,101.5,41.0,10,1,0,0,3,12.5,ALTO
201505,2015,5,PR,Londrina,88.4,21.1,12,0,0,0,4,10.0,ALTO
201506,2015,6,PR,Curitiba,107.2,42.1,5,2,0,0,2,15.0,ALTO
201506,2015,6,PR,Londrina,35.5,20.9,3,0,0,0,1,2.5,BAIXO
201507,2015,7,PR,Curitiba,203.0,75.5,10,1,1,0,3,22.5,CRITICO
201507,2015,7,PR,Londrina,118.9,21.0,13,0,0,0,4,10.0,ALTO
201508,2015,8,PR,Curitiba,43.8,25.9,4,0,0,0,3,7.5,MODERADO
201508,2015,8,PR,Londrina,39.5,22.2,3,0,0,0,2,5.0,MODERADO
201509,2015,9,PR,Curitiba,155.8,51.8,14,1,1,0,4,25.0,CRITICO
201509,2015,9,PR,Londrina,234.8,68.0,12,2,2,0,6,45.0,CRITICO
201510,2015,10,PR,Curitiba,162.4,21.9,19,0,0,0,7,17.5,ALTO
201510,2015,10,PR,Londrina,208.7,35.4,16,2,0,0,5,22.5,CRITICO
201511,2015,11,PR,Curitiba,221.8,37.1,24,2,0,0,8,30.0,CRITICO
201511,2015,11,PR,Londrina,399.3,60.2,25,3,1,0,8,45.0,CRITICO
201512,2015,12,PR,Curitiba,213.8,38.7,26,1,0,0,14,40.0,CRITICO
201512,2015,12,PR,Londrina,297.7,23.1,26,0,0,0,10,25.0,CRITICO
201601,2016,1,PR,Curitiba,128.9,46.5,14,1,0,0,4,15.0,ALTO
201601,2016,1,PR,Londrina,293.1,69.3,16,5,1,0,7,52.5,CRITICO
201602,2016,2,PR,Curitiba,252.2,39.9,20,1,0,0,9,27.5,CRITICO
201602,2016,2,PR,Londrina,318.9,47.3,26,2,0,0,16,50.0,CRITICO
201603,2016,3,PR,Curitiba,82.3,13.8,16,0,0,0,4,10.0,ALTO
201603,2016,3,PR,Londrina,103.0,25.0,11,0,0,0,3,7.5,MODERADO
201604,2016,4,PR,Curitiba,106.8,67.8,7,1,1,0,3,22.5,CRITICO
201604,2016,4,PR,Londrina,31.4,28.8,2,0,0,0,2,5.0,MODERADO
201605,2016,5,PR,Curitiba,166.6,31.8,15,1,0,0,7,22.5,CRITICO
201605,2016,5,PR,Londrina,178.8,36.0,17,2,0,0,7,27.5,CRITICO
201606,2016,6,PR,Curitiba,142.9,42.0,9,1,0,0,6,20.0,CRITICO
201606,2016,6,PR,Londrina,84.7,21.1,8,0,0,0,6,15.0,ALTO
201607,2016,7,PR,Curitiba,70.2,43.5,4,1,0,0,2,10.0,ALTO
201607,2016,7,PR,Londrina,22.0,21.6,1,0,0,0,1,2.5,BAIXO
201608,2016,8,PR,Curitiba,161.8,35.7,11,1,0,0,4,15.0,ALTO
201608,2016,8,PR,Londrina,79.7,22.6,8,0,0,0,3,7.5,MODERADO
201609,2016,9,PR,Curitiba,74.0,24.5,8,0,0,0,4,10.0,ALTO
201609,2016,9,PR,Londrina,57.7,18.6,7,0,0,0,4,10.0,ALTO
201610,2016,10,PR,Curitiba,103.7,27.9,17,0,0,0,6,15.0,ALTO
201610,2016,10,PR,Londrina,128.2,45.6,11,1,0,0,4,15.0,ALTO
201611,2016,11,PR,Curitiba,71.6,19.8,14,0,0,0,4,10.0,ALTO
201611,2016,11,PR,Londrina,58.9,15.8,13,0,0,0,5,12.5,ALTO
201612,2016,12,PR,Curitiba,155.9,21.0,21,0,0,0,6,15.0,ALTO
201612,2016,12,PR,Londrina,178.7,29.9,19,0,0,0,7,17.5,ALTO
201701,2017,1,PR,Curitiba,252.6,23.3,28,0,0,0,16,40.0,CRITICO
201701,2017,1,PR,Londrina,183.8,15.4,26,0,0,0,16,40.0,CRITICO
201702,2017,2,PR,Curitiba,84.9,19.0,16,0,0,0,4,10.0,ALTO
201702,2017,2,PR,Londrina,144.7,31.4,15,1,0,0,3,12.5,ALTO
201703,2017,3,PR,Curitiba,93.6,15.4,20,0,0,0,7,17.5,ALTO
201703,2017,3,PR,Londrina,68.4,10.7,12,0,0,0,6,15.0,ALTO
201704,2017,4,PR,Curitiba,103.9,50.1,11,1,1,0,3,22.5,CRITICO
201704,2017,4,PR,Londrina,102.1,32.7,10,1,0,0,3,12.5,ALTO
201705,2017,5,PR,Curitiba,130.0,32.3,9,1,0,0,2,10.0,ALTO
201705,2017,5,PR,Londrina,169.0,55.6,8,2,1,0,4,30.0,CRITICO
201706,2017,6,PR,Curitiba,131.2,55.0,8,1,1,0,5,27.5,CRITICO
201706,2017,6,PR,Londrina,94.2,41.3,6,2,0,0,2,15.0,ALTO
201707,2017,7,PR,Curitiba,12.3,7.2,2,0,0,0,2,5.0,MODERADO
201707,2017,7,PR,Londrina,0.9,0.7,0,0,0,0,0,0.0,NORMAL
201708,2017,8,PR,Curitiba,64.4,22.2,7,0,0,0,3,7.5,MODERADO
201708,2017,8,PR,Londrina,96.4,28.2,8,0,0,0,3,7.5,MODERADO
201709,2017,9,PR,Curitiba,47.2,29.3,3,0,0,0,2,5.0,MODERADO
201709,2017,9,PR,Londrina,15.9,11.4,3,0,0,0,2,5.0,MODERADO
201710,2017,10,PR,Curitiba,179.4,42.4,20,1,0,0,5,17.5,ALTO
201710,2017,10,PR,Londrina,220.4,61.7,16,2,1,0,7,37.5,CRITICO
201711,2017,11,PR,Curitiba,129.4,43.1,15,1,0,0,3,12.5,ALTO
201711,2017,11,PR,Londrina,150.7,28.5,16,0,0,0,6,15.0,ALTO
201712,2017,12,PR,Curitiba,169.9,26.9,20,0,0,0,6,15.0,ALTO
201712,2017,12,PR,Londrina,191.4,34.8,15,1,0,0,12,35.0,CRITICO
201801,2018,1,PR,Curitiba,229.3,32.3,25,1,0,0,19,52.5,CRITICO
201801,2018,1,PR,Londrina,187.8,25.7,20,0,0,0,12,30.0,CRITICO
201802,2018,2,PR,Curitiba,93.6,34.9,15,1,0,0,8,25.0,CRITICO
201802,2018,2,PR,Londrina,104.8,23.8,10,0,0,0,5,12.5,ALTO
201803,2018,3,PR,Curitiba,144.4,17.0,24,0,0,0,8,20.0,CRITICO
201803,2018,3,PR,Londrina,128.7,16.8,25,0,0,0,10,25.0,CRITICO
201804,2018,4,PR,Curitiba,15.0,3.4,6,0,0,0,3,7.5,MODERADO
201804,2018,4,PR,Londrina,9.9,3.1,3,0,0,0,3,7.5,MODERADO
201805,2018,5,PR,Curitiba,27.3,14.7,5,0,0,0,1,2.5,BAIXO
201805,2018,5,PR,Londrina,24.1,15.8,3,0,0,0,2,5.0,MODERADO
201806,2018,6,PR,Curitiba,89.7,14.6,13,0,0,0,5,12.5,ALTO
201806,2018,6,PR,Londrina,59.7,35.8,9,1,0,0,4,15.0,ALTO
201807,2018,7,PR,Curitiba,15.7,4.7,5,0,0,0,3,7.5,MODERADO
201807,2018,7,PR,Londrina,10.4,9.3,1,0,0,0,1,2.5,BAIXO
201808,2018,8,PR,Curitiba,39.3,16.4,9,0,0,0,3,7.5,MODERADO
201808,2018,8,PR,Londrina,162.9,96.6,11,1,1,1,6,50.0,CRITICO
201809,2018,9,PR,Curitiba,85.6,22.6,11,0,0,0,3,7.5,MODERADO
201809,2018,9,PR,Londrina,110.4,45.8,10,1,0,0,5,17.5,ALTO
201810,2018,10,PR,Curitiba,197.3,20.3,20,0,0,0,7,17.5,ALTO
201810,2018,10,PR,Londrina,148.2,28.6,19,0,0,0,7,17.5,ALTO
201811,2018,11,PR,Curitiba,77.3,14.4,14,0,0,0,4,10.0,ALTO
201811,2018,11,PR,Londrina,67.2,27.3,7,0,0,0,2,5.0,MODERADO
201812,2018,12,PR,Curitiba,116.1,20.1,19,0,0,0,8,20.0,CRITICO
201812,2018,12,PR,Londrina,72.6,16.3,12,0,0,0,5,12.5,ALTO
201901,2019,1,PR,Curitiba,158.3,36.5,24,1,0,0,17,47.5,CRITICO
201901,2019,1,PR,Londrina,111.8,15.3,22,0,0,0,14,35.0,CRITICO
201902,2019,2,PR,Curitiba,205.9,37.6,24,2,0,0,12,40.0,CRITICO
201902,2019,2,PR,Londrina,166.3,34.1,17,1,0,0,5,17.5,ALTO
201903,2019,3,PR,Curitiba,93.5,15.8,21,0,0,0,14,35.0,CRITICO
201903,2019,3,PR,Londrina,101.3,12.9,18,0,0,0,18,45.0,CRITICO
201904,2019,4,PR,Curitiba,83.9,20.0,12,0,0,0,5,12.5,ALTO
201904,2019,4,PR,Londrina,64.8,11.4,10,0,0,0,3,7.5,MODERADO
201905,2019,5,PR,Curitiba,228.9,49.5,18,3,0,0,4,25.0,CRITICO
201905,2019,5,PR,Londrina,68.7,27.1,10,0,0,0,4,10.0,ALTO
201906,2019,6,PR,Curitiba,96.1,33.1,5,1,0,0,3,12.5,ALTO
201906,2019,6,PR,Londrina,61.9,30.9,5,1,0,0,3,12.5,ALTO
201907,2019,7,PR,Curitiba,28.1,9.4,6,0,0,0,3,7.5,MODERADO
201907,2019,7,PR,Londrina,75.7,52.5,3,1,1,0,3,22.5,CRITICO
201908,2019,8,PR,Curitiba,38.5,16.6,5,0,0,0,2,5.0,MODERADO
201908,2019,8,PR,Londrina,4.6,1.5,2,0,0,0,1,2.5,BAIXO
201909,2019,9,PR,Curitiba,171.6,53.4,10,2,1,0,6,35.0,CRITICO
201909,2019,9,PR,Londrina,55.3,18.7,7,0,0,0,4,10.0,ALTO
201910,2019,10,PR,Curitiba,63.8,14.6,11,0,0,0,3,7.5,MODERADO
201910,2019,10,PR,Londrina,26.6,7.1,6,0,0,0,3,7.5,MODERADO
201911,2019,11,PR,Curitiba,123.4,22.8,13,0,0,0,6,15.0,ALTO
201911,2019,11,PR,Londrina,114.6,27.7,13,0,0,0,4,10.0,ALTO
201912,2019,12,PR,Curitiba,111.1,12.9,16,0,0,0,4,10.0,ALTO
201912,2019,12,PR,Londrina,183.3,33.7,16,3,0,0,9,37.5,CRITICO
202001,2020,1,PR,Curitiba,169.0,31.3,22,1,0,0,6,20.0,CRITICO
202001,2020,1,PR,Londrina,145.0,23.5,17,0,0,0,12,30.0,CRITICO
202002,2020,2,PR,Curitiba,128.6,25.9,19,0,0,0,13,32.5,CRITICO
202002,2020,2,PR,Londrina,173.2,31.3,17,2,0,0,6,25.0,CRITICO
202003,2020,3,PR,Curitiba,56.0,12.7,10,0,0,0,6,15.0,ALTO
202003,2020,3,PR,Londrina,44.4,18.6,6,0,0,0,3,7.5,MODERADO
202004,2020,4,PR,Curitiba,28.3,14.7,4,0,0,0,2,5.0,MODERADO
202004,2020,4,PR,Londrina,51.6,45.0,2,1,0,0,1,7.5,MODERADO
202005,2020,5,PR,Curitiba,57.8,21.9,6,0,0,0,2,5.0,MODERADO
202005,2020,5,PR,Londrina,24.7,7.3,4,0,0,0,2,5.0,MODERADO
202006,2020,6,PR,Curitiba,136.0,55.4,12,1,1,0,6,30.0,CRITICO
202006,2020,6,PR,Londrina,165.0,65.6,11,1,1,0,5,27.5,CRITICO
202007,2020,7,PR,Curitiba,34.3,14.9,7,0,0,0,2,5.0,MODERADO
202007,2020,7,PR,Londrina,14.0,7.9,4,0,0,0,1,2.5,BAIXO
202008,2020,8,PR,Curitiba,134.9,27.7,8,0,0,0,8,20.0,CRITICO
202008,2020,8,PR,Londrina,145.7,49.9,9,2,0,0,9,32.5,CRITICO
202009,2020,9,PR,Curitiba,14.6,5.1,5,0,0,0,2,5.0,MODERADO
202009,2020,9,PR,Londrina,24.2,17.7,4,0,0,0,3,7.5,MODERADO
202010,2020,10,PR,Curitiba,94.3,21.5,12,0,0,0,3,7.5,MODERADO
202010,2020,10,PR,Londrina,33.0,6.1,10,0,0,0,2,5.0,MODERADO
202011,2020,11,PR,Curitiba,142.3,29.3,21,0,0,0,14,35.0,CRITICO
202011,2020,11,PR,Londrina,78.3,37.3,7,1,0,0,3,12.5,ALTO
202012,2020,12,PR,Curitiba,206.9,22.2,25,0,0,0,11,27.5,CRITICO
202012,2020,12,PR,Londrina,193.8,18.2,24,0,0,0,12,30.0,CRITICO
202101,2021,1,PR,Curitiba,228.3,42.0,31,2,0,0,31,87.5,CRITICO
202101,2021,1,PR,Londrina,260.9,26.0,27,0,0,0,11,27.5,CRITICO
202102,2021,2,PR,Curitiba,152.3,25.5,20,0,0,0,9,22.5,CRITICO
202102,2021,2,PR,Londrina,103.6,19.7,14,0,0,0,6,15.0,ALTO
202103,2021,3,PR,Curitiba,139.3,16.2,24,0,0,0,12,30.0,CRITICO
202103,2021,3,PR,Londrina,166.9,30.8,17,1,0,0,9,27.5,CRITICO
202104,2021,4,PR,Curitiba,43.8,15.2,10,0,0,0,3,7.5,MODERADO
202104,2021,4,PR,Londrina,6.0,2.0,2,0,0,0,1,2.5,BAIXO
202105,2021,5,PR,Curitiba,60.6,26.8,4,0,0,0,2,5.0,MODERADO
202105,2021,5,PR,Londrina,65.5,17.8,5,0,0,0,2,5.0,MODERADO
202106,2021,6,PR,Curitiba,115.2,53.6,9,1,1,0,3,22.5,CRITICO
202106,2021,6,PR,Londrina,74.3,30.0,11,0,0,0,5,12.5,ALTO
202107,2021,7,PR,Curitiba,28.0,21.2,2,0,0,0,1,2.5,BAIXO
202107,2021,7,PR,Londrina,13.4,6.3,3,0,0,0,2,5.0,MODERADO
202108,2021,8,PR,Curitiba,90.9,35.6,10,1,0,0,4,15.0,ALTO
202108,2021,8,PR,Londrina,19.1,9.1,4,0,0,0,3,7.5,MODERADO
202109,2021,9,PR,Curitiba,51.6,9.5,9,0,0,0,4,10.0,ALTO
202109,2021,9,PR,Londrina,18.1,9.3,3,0,0,0,2,5.0,MODERADO
202110,2021,10,PR,Curitiba,237.1,47.6,20,1,0,0,5,17.5,ALTO
202110,2021,10,PR,Londrina,246.0,54.9,17,1,1,0,6,30.0,CRITICO
202111,2021,11,PR,Curitiba,82.1,21.7,15,0,0,0,4,10.0,ALTO
202111,2021,11,PR,Londrina,109.2,43.7,9,1,0,0,3,12.5,ALTO
202112,2021,12,PR,Curitiba,100.4,13.4,21,0,0,0,6,15.0,ALTO
202112,2021,12,PR,Londrina,55.4,21.6,8,0,0,0,4,10.0,ALTO
202201,2022,1,PR,Curitiba,212.3,32.0,23,1,0,0,17,47.5,CRITICO
202201,2022,1,PR,Londrina,200.8,25.6,25,0,0,0,13,32.5,CRITICO
202202,2022,2,PR,Curitiba,86.7,30.1,18,1,0,0,6,20.0,CRITICO
202202,2022,2,PR,Londrina,98.1,14.8,15,0,0,0,6,15.0,ALTO
202203,2022,3,PR,Curitiba,193.4,30.0,25,0,0,0,13,32.5,CRITICO
202203,2022,3,PR,Londrina,279.8,31.6,22,1,0,0,13,37.5,CRITICO
202204,2022,4,PR,Curitiba,92.7,24.7,15,0,0,0,5,12.5,ALTO
202204,2022,4,PR,Londrina,67.7,13.8,8,0,0,0,3,7.5,MODERADO
202205,2022,5,PR,Curitiba,109.6,44.5,10,1,0,0,4,15.0,ALTO
202205,2022,5,PR,Londrina,66.5,23.7,7,0,0,0,2,5.0,MODERADO
202206,2022,6,PR,Curitiba,83.6,30.4,6,1,0,0,2,10.0,ALTO
202206,2022,6,PR,Londrina,128.3,49.1,10,1,0,0,4,15.0,ALTO
202207,2022,7,PR,Curitiba,26.1,8.6,4,0,0,0,3,7.5,MODERADO
202207,2022,7,PR,Londrina,20.4,8.0,4,0,0,0,2,5.0,MODERADO
202208,2022,8,PR,Curitiba,157.5,43.3,10,1,0,0,5,17.5,ALTO
202208,2022,8,PR,Londrina,133.1,51.3,7,1,1,0,3,22.5,CRITICO
202209,2022,9,PR,Curitiba,260.4,45.4,19,3,0,0,7,32.5,CRITICO
202209,2022,9,PR,Londrina,256.0,58.1,15,2,2,0,4,40.0,CRITICO
202210,2022,10,PR,Curitiba,115.0,16.5,18,0,0,0,11,27.5,CRITICO
202210,2022,10,PR,Londrina,159.7,27.4,17,0,0,0,6,15.0,ALTO
202211,2022,11,PR,Curitiba,126.3,21.8,18,0,0,0,11,27.5,CRITICO
202211,2022,11,PR,Londrina,58.6,21.7,8,0,0,0,2,5.0,MODERADO
202212,2022,12,PR,Curitiba,184.7,20.2,24,0,0,0,14,35.0,CRITICO
202212,2022,12,PR,Londrina,220.0,34.4,21,1,0,0,7,22.5,CRITICO
202301,2023,1,PR,Curitiba,179.7,28.8,24,0,0,0,14,35.0,CRITICO
202301,2023,1,PR,Londrina,268.4,55.1,21,2,1,0,12,50.0,CRITICO
202302,2023,2,PR,Curitiba,185.6,22.4,24,0,0,0,16,40.0,CRITICO
202302,2023,2,PR,Londrina,312.5,29.6,25,0,0,0,10,25.0,CRITICO
202303,2023,3,PR,Curitiba,129.0,21.2,19,0,0,0,7,17.5,ALTO
202303,2023,3,PR,Londrina,135.0,25.4,17,0,0,0,8,20.0,CRITICO
202304,2023,4,PR,Curitiba,86.5,25.6,10,0,0,0,5,12.5,ALTO
202304,2023,4,PR,Londrina,151.9,53.6,13,1,1,0,7,32.5,CRITICO
202305,2023,5,PR,Curitiba,31.4,14.1,7,0,0,0,3,7.5,MODERADO
202305,2023,5,PR,Londrina,37.3,10.5,5,0,0,0,2,5.0,MODERADO
202306,2023,6,PR,Curitiba,108.1,42.0,5,2,0,0,4,20.0,CRITICO
202306,2023,6,PR,Londrina,122.9,65.5,4,2,1,0,4,30.0,CRITICO
202307,2023,7,PR,Curitiba,77.0,25.6,9,0,0,0,4,10.0,ALTO
202307,2023,7,PR,Londrina,17.3,9.7,2,0,0,0,1,2.5,BAIXO
202308,2023,8,PR,Curitiba,105.1,29.9,11,0,0,0,6,15.0,ALTO
202308,2023,8,PR,Londrina,41.1,14.0,7,0,0,0,3,7.5,MODERADO
202309,2023,9,PR,Curitiba,121.5,22.3,13,0,0,0,7,17.5,ALTO
202309,2023,9,PR,Londrina,46.4,14.3,7,0,0,0,2,5.0,MODERADO
202310,2023,10,PR,Curitiba,321.1,75.8,22,3,1,0,8,45.0,CRITICO
202310,2023,10,PR,Londrina,267.5,51.3,19,3,1,0,7,42.5,CRITICO
202311,2023,11,PR,Curitiba,112.5,20.2,16,0,0,0,5,12.5,ALTO
202311,2023,11,PR,Londrina,181.7,22.3,19,0,0,0,9,22.5,CRITICO
202312,2023,12,PR,Curitiba,65.9,15.6,10,0,0,0,5,12.5,ALTO
202312,2023,12,PR,Londrina,78.7,14.5,10,0,0,0,6,15.0,ALTO
202401,2024,1,PR,Curitiba,156.6,17.2,25,0,0,0,14,35.0,CRITICO
202401,2024,1,PR,Londrina,123.3,27.0,14,0,0,0,7,17.5,ALTO
202402,2024,2,PR,Curitiba,124.7,19.3,23,0,0,0,17,42.5,CRITICO
202402,2024,2,PR,Londrina,125.3,30.4,17,1,0,0,13,37.5,CRITICO
202403,2024,3,PR,Curitiba,105.2,21.9,17,0,0,0,7,17.5,ALTO
202403,2024,3,PR,Londrina,70.2,20.3,13,0,0,0,5,12.5,ALTO
202404,2024,4,PR,Curitiba,87.8,22.1,12,0,0,0,4,10.0,ALTO
202404,2024,4,PR,Londrina,128.9,51.9,8,2,1,0,5,32.5,CRITICO
202405,2024,5,PR,Curitiba,169.3,63.7,7,1,1,0,2,20.0,CRITICO
202405,2024,5,PR,Londrina,77.0,37.6,6,1,0,0,2,10.0,ALTO
202406,2024,6,PR,Curitiba,41.5,28.6,3,0,0,0,2,5.0,MODERADO
202406,2024,6,PR,Londrina,6.3,5.9,1,0,0,0,1,2.5,BAIXO
202407,2024,7,PR,Curitiba,135.4,26.3,11,0,0,0,10,25.0,CRITICO
202407,2024,7,PR,Londrina,83.1,27.1,6,0,0,0,4,10.0,ALTO
202408,2024,8,PR,Curitiba,61.2,30.3,4,1,0,0,2,10.0,ALTO
202408,2024,8,PR,Londrina,54.7,27.0,5,0,0,0,3,7.5,MODERADO
202409,2024,9,PR,Curitiba,111.2,29.4,9,0,0,0,4,10.0,ALTO
202409,2024,9,PR,Londrina,72.2,20.2,7,0,0,0,2,5.0,MODERADO
202410,2024,10,PR,Curitiba,121.9,25.6,14,0,0,0,5,12.5,ALTO
202410,2024,10,PR,Londrina,121.7,42.7,12,1,0,0,5,17.5,ALTO
202411,2024,11,PR,Curitiba,138.2,21.2,21,0,0,0,9,22.5,CRITICO
202411,2024,11,PR,Londrina,221.2,38.2,17,1,0,0,8,25.0,CRITICO
202412,2024,12,PR,Curitiba,292.7,56.6,23,4,2,0,8,60.0,CRITICO
202412,2024,12,PR,Londrina,259.2,46.1,19,2,0,0,5,22.5,CRITICO
201501,2015,1,RS,Caxias do Sul,328.4,52.3,21,4,1,0,15,67.5,CRITICO
201501,2015,1,RS,Lajeado,337.0,57.1,23,4,2,0,13,72.5,CRITICO
201501,2015,1,RS,Porto Alegre,215.7,47.6,17,2,0,0,5,22.5,CRITICO
201501,2015,1,RS,Santa Maria,320.8,55.1,21,3,1,0,12,55.0,CRITICO
201502,2015,2,RS,Caxias do Sul,156.8,19.7,22,0,0,0,11,27.5,CRITICO
201502,2015,2,RS,Lajeado,126.7,17.2,19,0,0,0,10,25.0,CRITICO
201502,2015,2,RS,Porto Alegre,96.1,23.5,12,0,0,0,6,15.0,ALTO
201502,2015,2,RS,Santa Maria,104.3,26.8,14,0,0,0,6,15.0,ALTO
201503,2015,3,RS,Caxias do Sul,123.0,23.3,12,0,0,0,3,7.5,MODERADO
201503,2015,3,RS,Lajeado,96.1,18.6,12,0,0,0,3,7.5,MODERADO
201503,2015,3,RS,Porto Alegre,83.8,32.4,10,1,0,0,3,12.5,ALTO
201503,2015,3,RS,Santa Maria,126.2,50.5,9,1,1,0,3,22.5,CRITICO
201504,2015,4,RS,Caxias do Sul,109.0,52.5,14,1,1,0,11,42.5,CRITICO
201504,2015,4,RS,Lajeado,88.2,31.7,10,1,0,0,5,17.5,ALTO
201504,2015,4,RS,Porto Alegre,39.0,11.3,7,0,0,0,2,5.0,MODERADO
201504,2015,4,RS,Santa Maria,76.6,31.7,6,1,0,0,2,10.0,ALTO
201505,2015,5,RS,Caxias do Sul,171.9,47.0,10,2,0,0,4,20.0,CRITICO
201505,2015,5,RS,Lajeado,157.0,49.0,12,1,0,0,6,20.0,CRITICO
201505,2015,5,RS,Porto Alegre,147.5,79.8,7,1,1,0,3,22.5,CRITICO
201505,2015,5,RS,Santa Maria,175.7,76.7,11,2,1,0,3,27.5,CRITICO
201506,2015,6,RS,Caxias do Sul,195.4,46.7,11,2,0,0,4,20.0,CRITICO
201506,2015,6,RS,Lajeado,207.7,60.1,12,1,1,0,4,25.0,CRITICO
201506,2015,6,RS,Porto Alegre,179.4,51.9,9,1,1,0,3,22.5,CRITICO
201506,2015,6,RS,Santa Maria,176.3,32.9,12,1,0,0,3,12.5,ALTO
201507,2015,7,RS,Caxias do Sul,250.5,44.3,13,3,0,0,4,25.0,CRITICO
201507,2015,7,RS,Lajeado,236.5,65.7,12,3,1,0,6,40.0,CRITICO
201507,2015,7,RS,Porto Alegre,192.3,59.8,12,1,1,0,4,25.0,CRITICO
201507,2015,7,RS,Santa Maria,158.5,71.0,9,1,1,0,4,25.0,CRITICO
201508,2015,8,RS,Caxias do Sul,88.8,15.1,12,0,0,0,3,7.5,MODERADO
201508,2015,8,RS,Lajeado,80.4,21.6,11,0,0,0,3,7.5,MODERADO
201508,2015,8,RS,Porto Alegre,81.2,18.8,10,0,0,0,3,7.5,MODERADO
201508,2015,8,RS,Santa Maria,92.7,18.5,10,0,0,0,4,10.0,ALTO
201509,2015,9,RS,Caxias do Sul,280.9,56.9,14,4,2,0,5,52.5,CRITICO
201509,2015,9,RS,Lajeado,220.9,56.2,13,3,1,0,6,40.0,CRITICO
201509,2015,9,RS,Porto Alegre,169.0,33.0,16,1,0,0,7,22.5,CRITICO
201509,2015,9,RS,Santa Maria,157.9,35.7,11,1,0,0,9,27.5,CRITICO
201510,2015,10,RS,Caxias do Sul,276.0,68.2,18,2,2,0,5,42.5,CRITICO
201510,2015,10,RS,Lajeado,234.2,68.7,17,2,2,0,7,47.5,CRITICO
201510,2015,10,RS,Porto Alegre,218.5,62.7,14,2,1,0,5,32.5,CRITICO
201510,2015,10,RS,Santa Maria,219.7,58.0,16,1,1,0,7,32.5,CRITICO
201511,2015,11,RS,Caxias do Sul,159.6,22.1,18,0,0,0,8,20.0,CRITICO
201511,2015,11,RS,Lajeado,164.6,28.4,18,0,0,0,5,12.5,ALTO
201511,2015,11,RS,Porto Alegre,137.7,29.2,12,0,0,0,4,10.0,ALTO
201511,2015,11,RS,Santa Maria,248.9,66.7,13,3,2,0,4,45.0,CRITICO
201512,2015,12,RS,Caxias do Sul,333.9,60.4,22,3,2,0,5,47.5,CRITICO
201512,2015,12,RS,Lajeado,312.5,52.9,20,4,1,0,5,42.5,CRITICO
201512,2015,12,RS,Porto Alegre,295.5,46.3,16,3,0,0,4,25.0,CRITICO
201512,2015,12,RS,Santa Maria,259.7,44.5,18,3,0,0,4,25.0,CRITICO
201601,2016,1,RS,Caxias do Sul,150.8,76.7,11,1,1,0,4,25.0,CRITICO
201601,2016,1,RS,Lajeado,91.6,26.2,9,0,0,0,3,7.5,MODERADO
201601,2016,1,RS,Porto Alegre,70.4,31.6,7,1,0,0,2,10.0,ALTO
201601,2016,1,RS,Santa Maria,64.1,22.8,8,0,0,0,3,7.5,MODERADO
201602,2016,2,RS,Caxias do Sul,114.8,27.7,18,0,0,0,7,17.5,ALTO
201602,2016,2,RS,Lajeado,101.5,15.3,15,0,0,0,5,12.5,ALTO
201602,2016,2,RS,Porto Alegre,73.3,19.4,11,0,0,0,2,5.0,MODERADO
201602,2016,2,RS,Santa Maria,116.8,36.5,11,1,0,0,3,12.5,ALTO
201603,2016,3,RS,Caxias do Sul,323.7,74.0,14,4,3,0,4,60.0,CRITICO
201603,2016,3,RS,Lajeado,318.6,97.4,12,5,1,1,4,65.0,CRITICO
201603,2016,3,RS,Porto Alegre,274.3,60.8,13,5,1,0,4,45.0,CRITICO
201603,2016,3,RS,Santa Maria,270.1,73.1,10,4,2,0,3,47.5,CRITICO
201604,2016,4,RS,Caxias do Sul,173.6,36.4,11,2,0,0,7,27.5,CRITICO
201604,2016,4,RS,Lajeado,158.3,36.9,12,1,0,0,6,20.0,CRITICO
201604,2016,4,RS,Porto Alegre,124.2,30.3,11,1,0,0,6,20.0,CRITICO
201604,2016,4,RS,Santa Maria,198.9,51.2,13,1,1,0,6,30.0,CRITICO
201605,2016,5,RS,Caxias do Sul,68.5,19.4,11,0,0,0,4,10.0,ALTO
201605,2016,5,RS,Lajeado,59.8,21.1,10,0,0,0,4,10.0,ALTO
201605,2016,5,RS,Porto Alegre,66.6,24.2,8,0,0,0,4,10.0,ALTO
201605,2016,5,RS,Santa Maria,66.3,32.2,7,1,0,0,2,10.0,ALTO
201606,2016,6,RS,Caxias do Sul,12.8,6.9,2,0,0,0,1,2.5,BAIXO
201606,2016,6,RS,Lajeado,3.2,1.9,2,0,0,0,1,2.5,BAIXO
201606,2016,6,RS,Porto Alegre,2.0,1.2,1,0,0,0,1,2.5,BAIXO
201606,2016,6,RS,Santa Maria,9.9,5.0,3,0,0,0,2,5.0,MODERADO
201607,2016,7,RS,Caxias do Sul,86.0,40.8,7,1,0,0,3,12.5,ALTO
201607,2016,7,RS,Lajeado,86.1,45.9,8,1,0,0,3,12.5,ALTO
201607,2016,7,RS,Porto Alegre,62.1,32.0,6,1,0,0,2,10.0,ALTO
201607,2016,7,RS,Santa Maria,86.0,29.5,8,0,0,0,3,7.5,MODERADO
201608,2016,8,RS,Caxias do Sul,133.9,27.6,11,0,0,0,3,7.5,MODERADO
201608,2016,8,RS,Lajeado,122.6,34.8,12,1,0,0,4,15.0,ALTO
201608,2016,8,RS,Porto Alegre,125.7,27.6,13,0,0,0,4,10.0,ALTO
201608,2016,8,RS,Santa Maria,128.5,46.2,8,1,0,0,4,15.0,ALTO
201609,2016,9,RS,Caxias do Sul,88.9,23.2,8,0,0,0,4,10.0,ALTO
201609,2016,9,RS,Lajeado,88.9,31.6,6,1,0,0,5,17.5,ALTO
201609,2016,9,RS,Porto Alegre,67.5,15.8,5,0,0,0,4,10.0,ALTO
201609,2016,9,RS,Santa Maria,56.2,21.0,5,0,0,0,4,10.0,ALTO
201610,2016,10,RS,Caxias do Sul,198.3,31.7,17,1,0,0,6,20.0,CRITICO
201610,2016,10,RS,Lajeado,203.2,32.7,15,2,0,0,5,22.5,CRITICO
201610,2016,10,RS,Porto Alegre,164.1,34.1,11,3,0,0,3,22.5,CRITICO
201610,2016,10,RS,Santa Maria,254.4,53.2,14,4,1,0,5,42.5,CRITICO
201611,2016,11,RS,Caxias do Sul,87.7,26.7,10,0,0,0,4,10.0,ALTO
201611,2016,11,RS,Lajeado,88.0,21.7,10,0,0,0,2,5.0,MODERADO
201611,2016,11,RS,Porto Alegre,98.0,24.8,10,0,0,0,3,7.5,MODERADO
201611,2016,11,RS,Santa Maria,161.0,46.7,10,2,0,0,3,17.5,ALTO
201612,2016,12,RS,Caxias do Sul,207.7,23.0,19,0,0,0,5,12.5,ALTO
201612,2016,12,RS,Lajeado,172.8,24.3,20,0,0,0,9,22.5,CRITICO
201612,2016,12,RS,Porto Alegre,116.6,26.1,16,0,0,0,5,12.5,ALTO
201612,2016,12,RS,Santa Maria,163.4,37.2,14,1,0,0,9,27.5,CRITICO
201701,2017,1,RS,Caxias do Sul,149.4,20.7,20,0,0,0,6,15.0,ALTO
201701,2017,1,RS,Lajeado,160.2,33.0,17,1,0,0,6,20.0,CRITICO
201701,2017,1,RS,Porto Alegre,108.5,27.6,11,0,0,0,5,12.5,ALTO
201701,2017,1,RS,Santa Maria,188.9,29.5,20,0,0,0,5,12.5,ALTO
201702,2017,2,RS,Caxias do Sul,187.0,51.1,18,1,1,0,7,32.5,CRITICO
201702,2017,2,RS,Lajeado,135.7,24.3,17,0,0,0,5,12.5,ALTO
201702,2017,2,RS,Porto Alegre,166.3,59.2,14,2,1,0,9,42.5,CRITICO
201702,2017,2,RS,Santa Maria,79.4,10.9,15,0,0,0,4,10.0,ALTO
201703,2017,3,RS,Caxias do Sul,160.8,26.5,17,0,0,0,8,20.0,CRITICO
201703,2017,3,RS,Lajeado,105.2,22.8,10,0,0,0,5,12.5,ALTO
201703,2017,3,RS,Porto Alegre,107.1,22.4,10,0,0,0,4,10.0,ALTO
201703,2017,3,RS,Santa Maria,164.1,43.0,11,2,0,0,5,22.5,CRITICO
201704,2017,4,RS,Caxias do Sul,183.5,61.4,13,1,1,0,4,25.0,CRITICO
201704,2017,4,RS,Lajeado,176.1,70.3,12,2,1,0,4,30.0,CRITICO
201704,2017,4,RS,Porto Alegre,114.5,49.8,11,1,0,0,3,12.5,ALTO
201704,2017,4,RS,Santa Maria,150.2,50.4,11,2,1,0,3,27.5,CRITICO
201705,2017,5,RS,Caxias do Sul,308.3,55.4,18,3,2,0,9,57.5,CRITICO
201705,2017,5,RS,Lajeado,348.2,66.5,18,3,2,0,9,57.5,CRITICO
201705,2017,5,RS,Porto Alegre,231.8,51.9,16,3,1,0,9,47.5,CRITICO
201705,2017,5,RS,Santa Maria,319.1,90.0,16,2,1,1,6,55.0,CRITICO
201706,2017,6,RS,Caxias do Sul,143.9,45.9,10,2,0,0,6,25.0,CRITICO
201706,2017,6,RS,Lajeado,179.6,71.0,9,2,1,0,6,35.0,CRITICO
201706,2017,6,RS,Porto Alegre,202.8,78.5,9,3,2,0,6,50.0,CRITICO
201706,2017,6,RS,Santa Maria,76.9,24.2,8,0,0,0,2,5.0,MODERADO
201707,2017,7,RS,Caxias do Sul,20.4,14.0,2,0,0,0,2,5.0,MODERADO
201707,2017,7,RS,Lajeado,18.9,10.2,2,0,0,0,2,5.0,MODERADO
201707,2017,7,RS,Porto Alegre,29.6,11.3,4,0,0,0,2,5.0,MODERADO
201707,2017,7,RS,Santa Maria,21.9,9.9,3,0,0,0,1,2.5,BAIXO
201708,2017,8,RS,Caxias do Sul,99.1,22.9,11,0,0,0,3,7.5,MODERADO
201708,2017,8,RS,Lajeado,114.0,24.2,11,0,0,0,4,10.0,ALTO
201708,2017,8,RS,Porto Alegre,96.5,36.3,11,1,0,0,4,15.0,ALTO
201708,2017,8,RS,Santa Maria,203.6,78.1,12,2,1,0,4,30.0,CRITICO
201709,2017,9,RS,Caxias do Sul,148.0,40.6,12,2,0,0,4,20.0,CRITICO
201709,2017,9,RS,Lajeado,207.8,48.0,13,2,0,0,4,20.0,CRITICO
201709,2017,9,RS,Porto Alegre,176.6,45.5,13,2,0,0,4,20.0,CRITICO
201709,2017,9,RS,Santa Maria,106.1,29.5,12,0,0,0,3,7.5,MODERADO
201710,2017,10,RS,Caxias do Sul,200.4,32.5,15,1,0,0,7,22.5,CRITICO
201710,2017,10,RS,Lajeado,225.3,35.1,15,1,0,0,7,22.5,CRITICO
201710,2017,10,RS,Porto Alegre,241.7,55.8,15,3,2,0,5,47.5,CRITICO
201710,2017,10,RS,Santa Maria,226.8,50.2,15,2,1,0,6,35.0,CRITICO
201711,2017,11,RS,Caxias do Sul,176.0,57.4,14,1,1,0,3,22.5,CRITICO
201711,2017,11,RS,Lajeado,126.9,57.9,11,1,1,0,3,22.5,CRITICO
201711,2017,11,RS,Porto Alegre,129.7,45.4,10,1,0,0,3,12.5,ALTO
201711,2017,11,RS,Santa Maria,71.9,26.3,7,0,0,0,2,5.0,MODERADO
201712,2017,12,RS,Caxias do Sul,121.9,25.8,16,0,0,0,6,15.0,ALTO
201712,2017,12,RS,Lajeado,146.7,38.3,15,1,0,0,3,12.5,ALTO
201712,2017,12,RS,Porto Alegre,77.6,30.4,7,1,0,0,2,10.0,ALTO
201712,2017,12,RS,Santa Maria,96.0,42.1,8,1,0,0,3,12.5,ALTO
201801,2018,1,RS,Caxias do Sul,131.9,15.1,18,0,0,0,9,22.5,CRITICO
201801,2018,1,RS,Lajeado,136.1,24.9,17,0,0,0,6,15.0,ALTO
201801,2018,1,RS,Porto Alegre,116.7,20.1,17,0,0,0,4,10.0,ALTO
201801,2018,1,RS,Santa Maria,156.4,40.2,14,1,0,0,5,17.5,ALTO
201802,2018,2,RS,Caxias do Sul,103.5,30.5,11,1,0,0,4,15.0,ALTO
201802,2018,2,RS,Lajeado,91.5,36.0,9,1,0,0,4,15.0,ALTO
201802,2018,2,RS,Porto Alegre,67.1,25.2,9,0,0,0,5,12.5,ALTO
201802,2018,2,RS,Santa Maria,67.1,15.9,8,0,0,0,3,7.5,MODERADO
201803,2018,3,RS,Caxias do Sul,145.0,20.9,22,0,0,0,9,22.5,CRITICO
201803,2018,3,RS,Lajeado,153.1,41.1,15,1,0,0,3,12.5,ALTO
201803,2018,3,RS,Porto Alegre,164.8,40.2,14,1,0,0,4,15.0,ALTO
201803,2018,3,RS,Santa Maria,143.1,26.4,13,0,0,0,4,10.0,ALTO
201804,2018,4,RS,Caxias do Sul,59.8,11.0,12,0,0,0,5,12.5,ALTO
201804,2018,4,RS,Lajeado,81.1,14.7,11,0,0,0,4,10.0,ALTO
201804,2018,4,RS,Porto Alegre,58.0,15.0,9,0,0,0,4,10.0,ALTO
201804,2018,4,RS,Santa Maria,78.0,19.4,13,0,0,0,4,10.0,ALTO
201805,2018,5,RS,Caxias do Sul,87.9,29.3,9,0,0,0,3,7.5,MODERADO
201805,2018,5,RS,Lajeado,86.7,35.3,9,1,0,0,2,10.0,ALTO
201805,2018,5,RS,Porto Alegre,76.2,33.2,7,1,0,0,2,10.0,ALTO
201805,2018,5,RS,Santa Maria,82.8,23.9,6,0,0,0,2,5.0,MODERADO
201806,2018,6,RS,Caxias do Sul,158.6,42.3,12,2,0,0,3,17.5,ALTO
201806,2018,6,RS,Lajeado,134.6,30.4,12,1,0,0,3,12.5,ALTO
201806,2018,6,RS,Porto Alegre,133.4,28.4,14,0,0,0,3,7.5,MODERADO
201806,2018,6,RS,Santa Maria,165.2,59.3,10,2,1,0,3,27.5,CRITICO
201807,2018,7,RS,Caxias do Sul,187.7,24.7,19,0,0,0,9,22.5,CRITICO
201807,2018,7,RS,Lajeado,198.4,32.6,15,1,0,0,6,20.0,CRITICO
201807,2018,7,RS,Porto Alegre,195.7,30.8,17,1,0,0,4,15.0,ALTO
201807,2018,7,RS,Santa Maria,176.3,41.2,15,1,0,0,6,20.0,CRITICO
201808,2018,8,RS,Caxias do Sul,115.7,23.0,12,0,0,0,4,10.0,ALTO
201808,2018,8,RS,Lajeado,142.5,55.4,10,1,1,0,4,25.0,CRITICO
201808,2018,8,RS,Porto Alegre,149.8,66.0,9,1,1,0,4,25.0,CRITICO
201808,2018,8,RS,Santa Maria,111.4,58.6,9,1,1,0,2,20.0,CRITICO
201809,2018,9,RS,Caxias do Sul,208.9,34.8,15,1,0,0,5,17.5,ALTO
201809,2018,9,RS,Lajeado,203.9,30.4,14,1,0,0,4,15.0,ALTO
201809,2018,9,RS,Porto Alegre,177.5,45.3,14,1,0,0,4,15.0,ALTO
201809,2018,9,RS,Santa Maria,239.0,37.3,15,1,0,0,3,12.5,ALTO
201810,2018,10,RS,Caxias do Sul,114.6,29.4,15,0,0,0,3,7.5,MODERADO
201810,2018,10,RS,Lajeado,102.0,23.3,14,0,0,0,3,7.5,MODERADO
201810,2018,10,RS,Porto Alegre,78.3,23.6,11,0,0,0,3,7.5,MODERADO
201810,2018,10,RS,Santa Maria,84.5,28.4,13,0,0,0,3,7.5,MODERADO
201811,2018,11,RS,Caxias do Sul,165.8,41.0,11,1,0,0,4,15.0,ALTO
201811,2018,11,RS,Lajeado,191.6,49.8,12,2,0,0,4,20.0,CRITICO
201811,2018,11,RS,Porto Alegre,136.6,44.2,11,1,0,0,3,12.5,ALTO
201811,2018,11,RS,Santa Maria,235.1,73.2,12,3,1,0,4,35.0,CRITICO
201812,2018,12,RS,Caxias do Sul,122.4,22.9,15,0,0,0,7,17.5,ALTO
201812,2018,12,RS,Lajeado,119.5,26.8,16,0,0,0,4,10.0,ALTO
201812,2018,12,RS,Porto Alegre,58.8,13.9,8,0,0,0,5,12.5,ALTO
201812,2018,12,RS,Santa Maria,103.2,25.7,13,0,0,0,5,12.5,ALTO
201901,2019,1,RS,Caxias do Sul,185.5,49.1,19,1,0,0,12,35.0,CRITICO
201901,2019,1,RS,Lajeado,185.6,47.2,18,1,0,0,13,37.5,CRITICO
201901,2019,1,RS,Porto Alegre,116.4,21.5,17,0,0,0,8,20.0,CRITICO
201901,2019,1,RS,Santa Maria,136.6,35.7,16,1,0,0,8,25.0,CRITICO
201902,2019,2,RS,Caxias do Sul,164.5,41.5,15,1,0,0,3,12.5,ALTO
201902,2019,2,RS,Lajeado,185.4,52.3,13,1,1,0,3,22.5,CRITICO
201902,2019,2,RS,Porto Alegre,98.7,25.6,12,0,0,0,3,7.5,MODERADO
201902,2019,2,RS,Santa Maria,96.0,23.8,11,0,0,0,3,7.5,MODERADO
201903,2019,3,RS,Caxias do Sul,168.8,36.3,17,1,0,0,9,27.5,CRITICO
201903,2019,3,RS,Lajeado,152.4,40.8,16,1,0,0,6,20.0,CRITICO
201903,2019,3,RS,Porto Alegre,102.7,38.7,11,1,0,0,4,15.0,ALTO
201903,2019,3,RS,Santa Maria,203.3,47.5,11,3,0,0,4,25.0,CRITICO
201904,2019,4,RS,Caxias do Sul,142.4,21.9,17,0,0,0,5,12.5,ALTO
201904,2019,4,RS,Lajeado,135.9,23.9,14,0,0,0,5,12.5,ALTO
201904,2019,4,RS,Porto Alegre,142.6,26.5,12,0,0,0,4,10.0,ALTO
201904,2019,4,RS,Santa Maria,165.1,52.5,15,1,1,0,5,27.5,CRITICO
201905,2019,5,RS,Caxias do Sul,212.3,40.1,17,3,0,0,5,27.5,CRITICO
201905,2019,5,RS,Lajeado,216.8,39.9,20,2,0,0,4,20.0,CRITICO
201905,2019,5,RS,Porto Alegre,194.2,31.6,17,1,0,0,4,15.0,ALTO
201905,2019,5,RS,Santa Maria,277.2,41.0,18,5,0,0,4,35.0,CRITICO
201906,2019,6,RS,Caxias do Sul,52.0,24.9,7,0,0,0,2,5.0,MODERADO
201906,2019,6,RS,Lajeado,69.7,23.2,9,0,0,0,2,5.0,MODERADO
201906,2019,6,RS,Porto Alegre,51.9,21.5,7,0,0,0,2,5.0,MODERADO
201906,2019,6,RS,Santa Maria,59.3,18.3,8,0,0,0,3,7.5,MODERADO
201907,2019,7,RS,Caxias do Sul,54.2,11.8,9,0,0,0,3,7.5,MODERADO
201907,2019,7,RS,Lajeado,89.6,29.6,9,0,0,0,5,12.5,ALTO
201907,2019,7,RS,Porto Alegre,107.8,43.4,10,2,0,0,5,22.5,CRITICO
201907,2019,7,RS,Santa Maria,171.7,49.2,9,2,0,0,5,22.5,CRITICO
201908,2019,8,RS,Caxias do Sul,80.9,36.5,8,1,0,0,2,10.0,ALTO
201908,2019,8,RS,Lajeado,89.5,30.2,8,1,0,0,2,10.0,ALTO
201908,2019,8,RS,Porto Alegre,59.6,17.7,7,0,0,0,2,5.0,MODERADO
201908,2019,8,RS,Santa Maria,103.4,35.1,10,1,0,0,3,12.5,ALTO
201909,2019,9,RS,Caxias do Sul,81.4,32.9,7,1,0,0,3,12.5,ALTO
201909,2019,9,RS,Lajeado,104.4,40.8,9,1,0,0,4,15.0,ALTO
201909,2019,9,RS,Porto Alegre,86.9,38.4,8,1,0,0,4,15.0,ALTO
201909,2019,9,RS,Santa Maria,96.9,30.5,9,1,0,0,3,12.5,ALTO
201910,2019,10,RS,Caxias do Sul,190.3,29.5,17,0,0,0,6,15.0,ALTO
201910,2019,10,RS,Lajeado,214.7,35.8,16,2,0,0,5,22.5,CRITICO
201910,2019,10,RS,Porto Alegre,247.0,40.1,16,3,0,0,6,30.0,CRITICO
201910,2019,10,RS,Santa Maria,300.5,52.6,16,3,1,0,5,37.5,CRITICO
201911,2019,11,RS,Caxias do Sul,135.6,36.5,13,1,0,0,4,15.0,ALTO
201911,2019,11,RS,Lajeado,210.4,56.4,14,2,1,0,4,30.0,CRITICO
201911,2019,11,RS,Porto Alegre,134.5,32.2,12,1,0,0,2,10.0,ALTO
201911,2019,11,RS,Santa Maria,186.5,49.1,12,2,0,0,4,20.0,CRITICO
201912,2019,12,RS,Caxias do Sul,78.7,19.9,12,0,0,0,4,10.0,ALTO
201912,2019,12,RS,Lajeado,50.2,13.8,7,0,0,0,3,7.5,MODERADO
201912,2019,12,RS,Porto Alegre,27.4,6.6,6,0,0,0,2,5.0,MODERADO
201912,2019,12,RS,Santa Maria,38.2,9.3,7,0,0,0,2,5.0,MODERADO
202001,2020,1,RS,Caxias do Sul,164.8,21.3,20,0,0,0,5,12.5,ALTO
202001,2020,1,RS,Lajeado,157.5,55.4,13,1,1,0,4,25.0,CRITICO
202001,2020,1,RS,Porto Alegre,130.2,25.0,11,0,0,0,2,5.0,MODERADO
202001,2020,1,RS,Santa Maria,132.4,25.4,12,0,0,0,3,7.5,MODERADO
202002,2020,2,RS,Caxias do Sul,95.6,16.1,13,0,0,0,4,10.0,ALTO
202002,2020,2,RS,Lajeado,71.7,21.1,11,0,0,0,4,10.0,ALTO
202002,2020,2,RS,Porto Alegre,61.9,13.3,11,0,0,0,4,10.0,ALTO
202002,2020,2,RS,Santa Maria,63.7,31.7,8,1,0,0,5,17.5,ALTO
202003,2020,3,RS,Caxias do Sul,37.6,11.7,7,0,0,0,4,10.0,ALTO
202003,2020,3,RS,Lajeado,20.1,7.6,4,0,0,0,2,5.0,MODERADO
202003,2020,3,RS,Porto Alegre,36.0,17.0,3,0,0,0,1,2.5,BAIXO
202003,2020,3,RS,Santa Maria,17.5,6.9,4,0,0,0,2,5.0,MODERADO
202004,2020,4,RS,Caxias do Sul,78.1,22.3,9,0,0,0,2,5.0,MODERADO
202004,2020,4,RS,Lajeado,88.8,26.5,6,0,0,0,2,5.0,MODERADO
202004,2020,4,RS,Porto Alegre,37.5,12.5,6,0,0,0,1,2.5,BAIXO
202004,2020,4,RS,Santa Maria,37.9,16.6,5,0,0,0,2,5.0,MODERADO
202005,2020,5,RS,Caxias do Sul,96.4,32.4,9,1,0,0,4,15.0,ALTO
202005,2020,5,RS,Lajeado,179.0,56.5,9,3,1,0,3,32.5,CRITICO
202005,2020,5,RS,Porto Alegre,169.3,43.3,8,3,0,0,3,22.5,CRITICO
202005,2020,5,RS,Santa Maria,121.8,30.0,8,0,0,0,3,7.5,MODERADO
202006,2020,6,RS,Caxias do Sul,219.5,59.2,12,2,2,0,3,37.5,CRITICO
202006,2020,6,RS,Lajeado,198.2,59.6,9,2,1,0,2,25.0,CRITICO
202006,2020,6,RS,Porto Alegre,197.9,80.7,10,2,1,1,3,47.5,CRITICO
202006,2020,6,RS,Santa Maria,195.8,52.8,12,3,1,0,5,37.5,CRITICO
202007,2020,7,RS,Caxias do Sul,290.7,91.9,11,3,1,1,4,55.0,CRITICO
202007,2020,7,RS,Lajeado,288.2,107.1,10,2,1,1,4,50.0,CRITICO
202007,2020,7,RS,Porto Alegre,227.3,79.3,10,3,1,0,2,30.0,CRITICO
202007,2020,7,RS,Santa Maria,136.1,29.0,11,0,0,0,2,5.0,MODERADO
202008,2020,8,RS,Caxias do Sul,110.9,46.3,9,1,0,0,5,17.5,ALTO
202008,2020,8,RS,Lajeado,84.2,30.1,10,1,0,0,4,15.0,ALTO
202008,2020,8,RS,Porto Alegre,73.1,18.9,10,0,0,0,4,10.0,ALTO
202008,2020,8,RS,Santa Maria,54.7,15.1,8,0,0,0,4,10.0,ALTO
202009,2020,9,RS,Caxias do Sul,197.3,27.8,17,0,0,0,8,20.0,CRITICO
202009,2020,9,RS,Lajeado,262.9,41.5,16,4,0,0,6,35.0,CRITICO
202009,2020,9,RS,Porto Alegre,194.4,34.8,15,1,0,0,8,25.0,CRITICO
202009,2020,9,RS,Santa Maria,187.7,30.5,14,1,0,0,5,17.5,ALTO
202010,2020,10,RS,Caxias do Sul,71.7,30.0,6,0,0,0,3,7.5,MODERADO
202010,2020,10,RS,Lajeado,77.8,26.2,8,0,0,0,4,10.0,ALTO
202010,2020,10,RS,Porto Alegre,112.2,24.2,11,0,0,0,4,10.0,ALTO
202010,2020,10,RS,Santa Maria,69.6,42.0,4,1,0,0,2,10.0,ALTO
202011,2020,11,RS,Caxias do Sul,108.3,22.0,15,0,0,0,5,12.5,ALTO
202011,2020,11,RS,Lajeado,92.6,29.3,9,0,0,0,5,12.5,ALTO
202011,2020,11,RS,Porto Alegre,113.1,27.5,12,0,0,0,5,12.5,ALTO
202011,2020,11,RS,Santa Maria,57.4,14.1,10,0,0,0,5,12.5,ALTO
202012,2020,12,RS,Caxias do Sul,117.7,18.5,19,0,0,0,5,12.5,ALTO
202012,2020,12,RS,Lajeado,92.0,19.0,15,0,0,0,4,10.0,ALTO
202012,2020,12,RS,Porto Alegre,96.9,19.1,12,0,0,0,3,7.5,MODERADO
202012,2020,12,RS,Santa Maria,85.6,27.6,9,0,0,0,2,5.0,MODERADO
202101,2021,1,RS,Caxias do Sul,194.9,35.8,20,2,0,0,9,32.5,CRITICO
202101,2021,1,RS,Lajeado,139.4,40.4,19,1,0,0,8,25.0,CRITICO
202101,2021,1,RS,Porto Alegre,111.4,31.7,13,1,0,0,6,20.0,CRITICO
202101,2021,1,RS,Santa Maria,163.3,33.5,14,2,0,0,6,25.0,CRITICO
202102,2021,2,RS,Caxias do Sul,112.3,40.8,15,1,0,0,6,20.0,CRITICO
202102,2021,2,RS,Lajeado,70.6,17.5,10,0,0,0,3,7.5,MODERADO
202102,2021,2,RS,Porto Alegre,47.1,9.3,10,0,0,0,4,10.0,ALTO
202102,2021,2,RS,Santa Maria,102.7,27.2,14,0,0,0,8,20.0,CRITICO
202103,2021,3,RS,Caxias do Sul,147.2,23.9,20,0,0,0,6,15.0,ALTO
202103,2021,3,RS,Lajeado,188.3,63.7,17,1,1,0,6,30.0,CRITICO
202103,2021,3,RS,Porto Alegre,146.1,23.3,17,0,0,0,6,15.0,ALTO
202103,2021,3,RS,Santa Maria,128.7,38.6,12,2,0,0,2,15.0,ALTO
202104,2021,4,RS,Caxias do Sul,26.0,6.9,6,0,0,0,3,7.5,MODERADO
202104,2021,4,RS,Lajeado,41.7,15.3,6,0,0,0,3,7.5,MODERADO
202104,2021,4,RS,Porto Alegre,26.4,10.6,6,0,0,0,3,7.5,MODERADO
202104,2021,4,RS,Santa Maria,31.9,10.2,5,0,0,0,2,5.0,MODERADO
202105,2021,5,RS,Caxias do Sul,160.1,35.3,9,2,0,0,3,17.5,ALTO
202105,2021,5,RS,Lajeado,161.6,43.7,9,2,0,0,3,17.5,ALTO
202105,2021,5,RS,Porto Alegre,158.5,54.8,10,2,1,0,3,27.5,CRITICO
202105,2021,5,RS,Santa Maria,159.2,54.5,6,2,1,0,2,25.0,CRITICO
202106,2021,6,RS,Caxias do Sul,158.8,38.6,13,2,0,0,3,17.5,ALTO
202106,2021,6,RS,Lajeado,127.9,29.5,12,0,0,0,3,7.5,MODERADO
202106,2021,6,RS,Porto Alegre,149.3,44.5,10,1,0,0,3,12.5,ALTO
202106,2021,6,RS,Santa Maria,145.5,57.1,11,2,1,0,3,27.5,CRITICO
202107,2021,7,RS,Caxias do Sul,31.0,16.1,4,0,0,0,3,7.5,MODERADO
202107,2021,7,RS,Lajeado,43.2,17.7,3,0,0,0,2,5.0,MODERADO
202107,2021,7,RS,Porto Alegre,47.4,22.6,3,0,0,0,2,5.0,MODERADO
202107,2021,7,RS,Santa Maria,26.1,15.8,3,0,0,0,2,5.0,MODERADO
202108,2021,8,RS,Caxias do Sul,93.9,32.6,9,1,0,0,3,12.5,ALTO
202108,2021,8,RS,Lajeado,94.7,43.4,8,1,0,0,4,15.0,ALTO
202108,2021,8,RS,Porto Alegre,114.7,54.9,8,1,1,0,4,25.0,CRITICO
202108,2021,8,RS,Santa Maria,108.4,46.6,8,1,0,0,4,15.0,ALTO
202109,2021,9,RS,Caxias do Sul,178.7,30.2,16,1,0,0,3,12.5,ALTO
202109,2021,9,RS,Lajeado,207.8,41.8,16,2,0,0,5,22.5,CRITICO
202109,2021,9,RS,Porto Alegre,191.4,48.8,13,2,0,0,3,17.5,ALTO
202109,2021,9,RS,Santa Maria,188.6,47.0,12,2,0,0,2,15.0,ALTO
202110,2021,10,RS,Caxias do Sul,116.3,15.1,18,0,0,0,5,12.5,ALTO
202110,2021,10,RS,Lajeado,115.1,25.8,12,0,0,0,3,7.5,MODERADO
202110,2021,10,RS,Porto Alegre,57.7,18.0,9,0,0,0,2,5.0,MODERADO
202110,2021,10,RS,Santa Maria,116.3,40.8,12,1,0,0,4,15.0,ALTO
202111,2021,11,RS,Caxias do Sul,95.5,20.1,9,0,0,0,4,10.0,ALTO
202111,2021,11,RS,Lajeado,109.3,42.0,8,1,0,0,3,12.5,ALTO
202111,2021,11,RS,Porto Alegre,73.0,22.4,10,0,0,0,5,12.5,ALTO
202111,2021,11,RS,Santa Maria,77.6,23.5,8,0,0,0,2,5.0,MODERADO
202112,2021,12,RS,Caxias do Sul,96.5,38.7,10,1,0,0,4,15.0,ALTO
202112,2021,12,RS,Lajeado,34.6,15.7,8,0,0,0,4,10.0,ALTO
202112,2021,12,RS,Porto Alegre,79.2,57.4,5,1,1,0,2,20.0,CRITICO
202112,2021,12,RS,Santa Maria,31.4,14.3,6,0,0,0,2,5.0,MODERADO
202201,2022,1,RS,Caxias do Sul,130.3,32.8,17,1,0,0,6,20.0,CRITICO
202201,2022,1,RS,Lajeado,139.6,35.1,14,1,0,0,4,15.0,ALTO
202201,2022,1,RS,Porto Alegre,87.5,23.4,10,0,0,0,4,10.0,ALTO
202201,2022,1,RS,Santa Maria,111.9,25.8,12,0,0,0,5,12.5,ALTO
202202,2022,2,RS,Caxias do Sul,92.7,20.2,13,0,0,0,3,7.5,MODERADO
202202,2022,2,RS,Lajeado,79.9,27.9,10,0,0,0,2,5.0,MODERADO
202202,2022,2,RS,Porto Alegre,100.0,26.4,8,0,0,0,2,5.0,MODERADO
202202,2022,2,RS,Santa Maria,79.5,23.8,10,0,0,0,3,7.5,MODERADO
202203,2022,3,RS,Caxias do Sul,180.3,29.4,21,0,0,0,12,30.0,CRITICO
202203,2022,3,RS,Lajeado,179.4,30.7,16,2,0,0,4,20.0,CRITICO
202203,2022,3,RS,Porto Alegre,141.6,32.5,13,1,0,0,3,12.5,ALTO
202203,2022,3,RS,Santa Maria,174.0,46.7,13,2,0,0,3,17.5,ALTO
202204,2022,4,RS,Caxias do Sul,182.9,44.2,14,3,0,0,4,25.0,CRITICO
202204,2022,4,RS,Lajeado,168.1,47.9,12,2,0,0,4,20.0,CRITICO
202204,2022,4,RS,Porto Alegre,99.5,26.5,12,0,0,0,4,10.0,ALTO
202204,2022,4,RS,Santa Maria,246.5,60.4,12,3,2,0,4,45.0,CRITICO
202205,2022,5,RS,Caxias do Sul,301.2,53.7,17,3,3,0,6,60.0,CRITICO
202205,2022,5,RS,Lajeado,255.6,46.9,14,3,0,0,4,25.0,CRITICO
202205,2022,5,RS,Porto Alegre,171.1,24.2,14,0,0,0,4,10.0,ALTO
202205,2022,5,RS,Santa Maria,155.6,32.5,14,1,0,0,5,17.5,ALTO
202206,2022,6,RS,Caxias do Sul,278.1,66.9,14,4,1,0,5,42.5,CRITICO
202206,2022,6,RS,Lajeado,262.6,55.5,9,5,2,0,5,57.5,CRITICO
202206,2022,6,RS,Porto Alegre,151.2,52.7,11,2,1,0,5,32.5,CRITICO
202206,2022,6,RS,Santa Maria,127.6,28.7,12,0,0,0,4,10.0,ALTO
202207,2022,7,RS,Caxias do Sul,137.7,30.8,10,1,0,0,3,12.5,ALTO
202207,2022,7,RS,Lajeado,161.0,34.1,10,2,0,0,3,17.5,ALTO
202207,2022,7,RS,Porto Alegre,144.7,30.0,11,0,0,0,3,7.5,MODERADO
202207,2022,7,RS,Santa Maria,170.9,44.4,11,1,0,0,3,12.5,ALTO
202208,2022,8,RS,Caxias do Sul,140.9,36.9,12,1,0,0,7,22.5,CRITICO
202208,2022,8,RS,Lajeado,103.1,34.8,10,1,0,0,3,12.5,ALTO
202208,2022,8,RS,Porto Alegre,84.7,19.5,11,0,0,0,3,7.5,MODERADO
202208,2022,8,RS,Santa Maria,95.7,18.9,9,0,0,0,2,5.0,MODERADO
202209,2022,9,RS,Caxias do Sul,128.3,40.9,13,1,0,0,4,15.0,ALTO
202209,2022,9,RS,Lajeado,94.8,17.9,10,0,0,0,2,5.0,MODERADO
202209,2022,9,RS,Porto Alegre,64.8,16.4,8,0,0,0,4,10.0,ALTO
202209,2022,9,RS,Santa Maria,76.3,18.2,9,0,0,0,2,5.0,MODERADO
202210,2022,10,RS,Caxias do Sul,154.1,35.6,16,1,0,0,5,17.5,ALTO
202210,2022,10,RS,Lajeado,173.7,30.9,15,1,0,0,3,12.5,ALTO
202210,2022,10,RS,Porto Alegre,121.5,26.1,13,0,0,0,3,7.5,MODERADO
202210,2022,10,RS,Santa Maria,141.1,37.1,14,1,0,0,4,15.0,ALTO
202211,2022,11,RS,Caxias do Sul,76.8,35.3,13,1,0,0,4,15.0,ALTO
202211,2022,11,RS,Lajeado,67.9,37.3,5,1,0,0,2,10.0,ALTO
202211,2022,11,RS,Porto Alegre,52.0,21.6,8,0,0,0,3,7.5,MODERADO
202211,2022,11,RS,Santa Maria,68.8,28.1,5,0,0,0,2,5.0,MODERADO
202212,2022,12,RS,Caxias do Sul,126.0,26.2,17,0,0,0,6,15.0,ALTO
202212,2022,12,RS,Lajeado,105.4,30.2,12,1,0,0,5,17.5,ALTO
202212,2022,12,RS,Porto Alegre,92.1,28.8,6,0,0,0,3,7.5,MODERADO
202212,2022,12,RS,Santa Maria,60.5,26.2,8,0,0,0,3,7.5,MODERADO
202301,2023,1,RS,Caxias do Sul,113.2,27.0,19,0,0,0,11,27.5,CRITICO
202301,2023,1,RS,Lajeado,89.3,20.7,12,0,0,0,6,15.0,ALTO
202301,2023,1,RS,Porto Alegre,45.9,13.8,8,0,0,0,3,7.5,MODERADO
202301,2023,1,RS,Santa Maria,58.4,18.5,9,0,0,0,3,7.5,MODERADO
202302,2023,2,RS,Caxias do Sul,130.3,25.2,14,0,0,0,4,10.0,ALTO
202302,2023,2,RS,Lajeado,44.1,11.6,9,0,0,0,3,7.5,MODERADO
202302,2023,2,RS,Porto Alegre,67.2,21.6,10,0,0,0,3,7.5,MODERADO
202302,2023,2,RS,Santa Maria,61.2,14.3,7,0,0,0,3,7.5,MODERADO
202303,2023,3,RS,Caxias do Sul,118.5,21.8,19,0,0,0,7,17.5,ALTO
202303,2023,3,RS,Lajeado,127.8,30.7,16,1,0,0,7,22.5,CRITICO
202303,2023,3,RS,Porto Alegre,92.8,19.6,14,0,0,0,7,17.5,ALTO
202303,2023,3,RS,Santa Maria,95.1,19.5,15,0,0,0,6,15.0,ALTO
202304,2023,4,RS,Caxias do Sul,92.2,22.4,13,0,0,0,4,10.0,ALTO
202304,2023,4,RS,Lajeado,72.4,19.7,9,0,0,0,3,7.5,MODERADO
202304,2023,4,RS,Porto Alegre,24.7,11.6,3,0,0,0,1,2.5,BAIXO
202304,2023,4,RS,Santa Maria,60.4,29.1,6,0,0,0,2,5.0,MODERADO
202305,2023,5,RS,Caxias do Sul,111.2,28.9,9,0,0,0,4,10.0,ALTO
202305,2023,5,RS,Lajeado,135.8,42.5,8,1,0,0,4,15.0,ALTO
202305,2023,5,RS,Porto Alegre,95.3,27.1,8,0,0,0,7,17.5,ALTO
202305,2023,5,RS,Santa Maria,191.1,43.2,10,3,0,0,7,32.5,CRITICO
202306,2023,6,RS,Caxias do Sul,219.2,82.0,9,3,1,1,4,55.0,CRITICO
202306,2023,6,RS,Lajeado,271.1,102.5,9,4,1,1,3,57.5,CRITICO
202306,2023,6,RS,Porto Alegre,184.6,61.2,11,2,2,0,5,42.5,CRITICO
202306,2023,6,RS,Santa Maria,145.1,47.8,11,1,0,0,3,12.5,ALTO
202307,2023,7,RS,Caxias do Sul,204.0,59.3,10,2,2,0,5,42.5,CRITICO
202307,2023,7,RS,Lajeado,184.9,70.6,9,2,1,0,3,27.5,CRITICO
202307,2023,7,RS,Porto Alegre,222.4,69.7,10,4,1,0,4,40.0,CRITICO
202307,2023,7,RS,Santa Maria,169.1,48.1,11,2,0,0,3,17.5,ALTO
202308,2023,8,RS,Caxias do Sul,124.9,43.0,8,2,0,0,2,15.0,ALTO
202308,2023,8,RS,Lajeado,129.4,54.8,9,1,1,0,3,22.5,CRITICO
202308,2023,8,RS,Porto Alegre,125.8,48.4,10,1,0,0,4,15.0,ALTO
202308,2023,8,RS,Santa Maria,83.5,28.6,7,0,0,0,3,7.5,MODERADO
202309,2023,9,RS,Caxias do Sul,333.0,68.1,23,3,1,0,5,37.5,CRITICO
202309,2023,9,RS,Lajeado,388.6,95.8,19,5,2,1,7,82.5,CRITICO
202309,2023,9,RS,Porto Alegre,427.7,97.1,19,3,2,2,7,92.5,CRITICO
202309,2023,9,RS,Santa Maria,554.3,78.6,19,7,6,0,7,100.0,CRITICO
202310,2023,10,RS,Caxias do Sul,257.5,48.8,17,4,0,0,6,35.0,CRITICO
202310,2023,10,RS,Lajeado,222.5,46.5,15,3,0,0,6,30.0,CRITICO
202310,2023,10,RS,Porto Alegre,169.9,41.7,14,3,0,0,4,25.0,CRITICO
202310,2023,10,RS,Santa Maria,346.1,126.4,12,3,2,2,3,82.5,CRITICO
202311,2023,11,RS,Caxias do Sul,385.7,71.5,16,6,3,0,8,80.0,CRITICO
202311,2023,11,RS,Lajeado,352.6,77.3,15,5,1,0,4,45.0,CRITICO
202311,2023,11,RS,Porto Alegre,288.0,49.5,14,4,0,0,4,30.0,CRITICO
202311,2023,11,RS,Santa Maria,244.6,78.0,15,2,1,0,4,30.0,CRITICO
202312,2023,12,RS,Caxias do Sul,153.1,23.3,19,0,0,0,4,10.0,ALTO
202312,2023,12,RS,Lajeado,147.5,28.6,16,0,0,0,3,7.5,MODERADO
202312,2023,12,RS,Porto Alegre,104.6,24.8,13,0,0,0,3,7.5,MODERADO
202312,2023,12,RS,Santa Maria,141.7,36.1,17,1,0,0,6,20.0,CRITICO
202401,2024,1,RS,Caxias do Sul,207.8,33.0,22,1,0,0,11,32.5,CRITICO
202401,2024,1,RS,Lajeado,184.1,38.7,14,1,0,0,5,17.5,ALTO
202401,2024,1,RS,Porto Alegre,130.3,29.0,14,0,0,0,5,12.5,ALTO
202401,2024,1,RS,Santa Maria,74.9,30.4,12,1,0,0,5,17.5,ALTO
202402,2024,2,RS,Caxias do Sul,149.5,36.4,17,3,0,0,7,32.5,CRITICO
202402,2024,2,RS,Lajeado,119.6,36.4,11,1,0,0,7,22.5,CRITICO
202402,2024,2,RS,Porto Alegre,109.8,42.1,10,1,0,0,4,15.0,ALTO
202402,2024,2,RS,Santa Maria,110.9,22.6,12,0,0,0,4,10.0,ALTO
202403,2024,3,RS,Caxias do Sul,88.1,20.9,12,0,0,0,2,5.0,MODERADO
202403,2024,3,RS,Lajeado,84.2,30.0,11,0,0,0,2,5.0,MODERADO
202403,2024,3,RS,Porto Alegre,89.9,31.8,8,1,0,0,3,12.5,ALTO
202403,2024,3,RS,Santa Maria,150.0,45.5,10,2,0,0,4,20.0,CRITICO
202404,2024,4,RS,Caxias do Sul,180.2,28.0,18,0,0,0,4,10.0,ALTO
202404,2024,4,RS,Lajeado,189.9,26.5,18,0,0,0,5,12.5,ALTO
202404,2024,4,RS,Porto Alegre,238.1,86.0,12,2,2,1,4,60.0,CRITICO
202404,2024,4,RS,Santa Maria,342.3,59.3,18,5,3,0,8,75.0,CRITICO
202405,2024,5,RS,Caxias do Sul,515.9,88.9,21,7,4,2,5,100.0,CRITICO
202405,2024,5,RS,Lajeado,492.3,98.4,16,5,5,2,5,100.0,CRITICO
202405,2024,5,RS,Porto Alegre,356.1,56.2,15,5,1,0,5,47.5,CRITICO
202405,2024,5,RS,Santa Maria,300.9,76.8,17,2,2,0,5,42.5,CRITICO
202406,2024,6,RS,Caxias do Sul,182.2,47.9,13,1,0,0,7,22.5,CRITICO
202406,2024,6,RS,Lajeado,169.0,73.3,12,1,1,0,7,32.5,CRITICO
202406,2024,6,RS,Porto Alegre,160.8,46.9,11,3,0,0,3,22.5,CRITICO
202406,2024,6,RS,Santa Maria,162.6,26.7,13,0,0,0,12,30.0,CRITICO
202407,2024,7,RS,Caxias do Sul,110.1,17.8,15,0,0,0,6,15.0,ALTO
202407,2024,7,RS,Lajeado,106.4,21.9,9,0,0,0,2,5.0,MODERADO
202407,2024,7,RS,Porto Alegre,101.9,18.4,12,0,0,0,3,7.5,MODERADO
202407,2024,7,RS,Santa Maria,52.6,16.8,8,0,0,0,3,7.5,MODERADO
202408,2024,8,RS,Caxias do Sul,74.9,31.7,11,1,0,0,5,17.5,ALTO
202408,2024,8,RS,Lajeado,129.7,25.9,10,0,0,0,6,15.0,ALTO
202408,2024,8,RS,Porto Alegre,86.8,17.7,11,0,0,0,5,12.5,ALTO
202408,2024,8,RS,Santa Maria,128.1,43.7,9,2,0,0,5,22.5,CRITICO
202409,2024,9,RS,Caxias do Sul,155.8,39.0,11,2,0,0,3,17.5,ALTO
202409,2024,9,RS,Lajeado,187.0,34.1,10,2,0,0,4,20.0,CRITICO
202409,2024,9,RS,Porto Alegre,189.8,50.7,9,2,1,0,4,30.0,CRITICO
202409,2024,9,RS,Santa Maria,195.8,49.2,12,2,0,0,6,25.0,CRITICO
202410,2024,10,RS,Caxias do Sul,226.3,41.0,15,2,0,0,6,25.0,CRITICO
202410,2024,10,RS,Lajeado,146.6,37.1,14,1,0,0,6,20.0,CRITICO
202410,2024,10,RS,Porto Alegre,82.1,24.0,9,0,0,0,2,5.0,MODERADO
202410,2024,10,RS,Santa Maria,140.3,36.2,12,1,0,0,6,20.0,CRITICO
202411,2024,11,RS,Caxias do Sul,121.1,23.7,16,0,0,0,6,15.0,ALTO
202411,2024,11,RS,Lajeado,101.0,15.6,15,0,0,0,6,15.0,ALTO
202411,2024,11,RS,Porto Alegre,86.2,42.4,13,1,0,0,5,17.5,ALTO
202411,2024,11,RS,Santa Maria,120.7,36.4,13,1,0,0,4,15.0,ALTO
202412,2024,12,RS,Caxias do Sul,230.3,38.8,17,2,0,0,4,20.0,CRITICO
202412,2024,12,RS,Lajeado,201.0,36.4,15,1,0,0,4,15.0,ALTO
202412,2024,12,RS,Porto Alegre,152.2,27.3,13,0,0,0,4,10.0,ALTO
202412,2024,12,RS,Santa Maria,125.7,40.0,10,1,0,0,4,15.0,ALTO
201501,2015,1,SC,Blumenau,212.7,26.9,24,0,0,0,10,25.0,CRITICO
201501,2015,1,SC,Florianopolis,197.6,23.7,24,0,0,0,18,45.0,CRITICO
201502,2015,2,SC,Blumenau,306.3,37.6,22,4,0,0,6,35.0,CRITICO
201502,2015,2,SC,Florianopolis,370.7,84.0,19,3,2,2,5,87.5,CRITICO
201503,2015,3,SC,Blumenau,214.9,32.5,22,1,0,0,9,27.5,CRITICO
201503,2015,3,SC,Florianopolis,173.8,20.9,19,0,0,0,9,22.5,CRITICO
201504,2015,4,SC,Blumenau,53.9,16.5,8,0,0,0,2,5.0,MODERADO
201504,2015,4,SC,Florianopolis,49.3,15.9,12,0,0,0,4,10.0,ALTO
201505,2015,5,SC,Blumenau,134.2,22.5,14,0,0,0,4,10.0,ALTO
201505,2015,5,SC,Florianopolis,156.6,38.8,17,1,0,0,7,22.5,CRITICO
201506,2015,6,SC,Blumenau,103.6,25.9,7,0,0,0,5,12.5,ALTO
201506,2015,6,SC,Florianopolis,101.9,28.8,6,0,0,0,3,7.5,MODERADO
201507,2015,7,SC,Blumenau,140.2,25.6,12,0,0,0,3,7.5,MODERADO
201507,2015,7,SC,Florianopolis,158.1,33.2,14,1,0,0,3,12.5,ALTO
201508,2015,8,SC,Blumenau,43.4,15.4,8,0,0,0,5,12.5,ALTO
201508,2015,8,SC,Florianopolis,48.1,12.8,8,0,0,0,3,7.5,MODERADO
201509,2015,9,SC,Blumenau,197.3,32.9,16,2,0,0,5,22.5,CRITICO
201509,2015,9,SC,Florianopolis,181.9,47.6,19,1,0,0,6,20.0,CRITICO
201510,2015,10,SC,Blumenau,228.7,30.8,22,1,0,0,8,25.0,CRITICO
201510,2015,10,SC,Florianopolis,227.3,35.8,21,1,0,0,9,27.5,CRITICO
201511,2015,11,SC,Blumenau,166.3,19.9,26,0,0,0,14,35.0,CRITICO
201511,2015,11,SC,Florianopolis,159.0,19.5,22,0,0,0,7,17.5,ALTO
201512,2015,12,SC,Blumenau,259.2,39.9,22,2,0,0,8,30.0,CRITICO
201512,2015,12,SC,Florianopolis,223.9,33.9,24,1,0,0,9,27.5,CRITICO
201601,2016,1,SC,Blumenau,168.1,55.9,19,1,1,0,6,30.0,CRITICO
201601,2016,1,SC,Florianopolis,145.0,39.9,20,1,0,0,7,22.5,CRITICO
201602,2016,2,SC,Blumenau,280.1,40.5,23,1,0,0,9,27.5,CRITICO
201602,2016,2,SC,Florianopolis,253.1,43.5,23,1,0,0,9,27.5,CRITICO
201603,2016,3,SC,Blumenau,216.8,43.5,21,2,0,0,10,35.0,CRITICO
201603,2016,3,SC,Florianopolis,186.7,52.9,19,2,1,0,5,32.5,CRITICO
201604,2016,4,SC,Blumenau,91.9,29.7,13,0,0,0,6,15.0,ALTO
201604,2016,4,SC,Florianopolis,105.1,31.8,12,1,0,0,7,22.5,CRITICO
201605,2016,5,SC,Blumenau,114.8,42.8,14,1,0,0,5,17.5,ALTO
201605,2016,5,SC,Florianopolis,86.5,22.3,13,0,0,0,3,7.5,MODERADO
201606,2016,6,SC,Blumenau,52.7,12.8,9,0,0,0,3,7.5,MODERADO
201606,2016,6,SC,Florianopolis,49.9,15.8,8,0,0,0,3,7.5,MODERADO
201607,2016,7,SC,Blumenau,94.8,32.5,5,1,0,0,4,15.0,ALTO
201607,2016,7,SC,Florianopolis,76.2,31.9,4,1,0,0,4,15.0,ALTO
201608,2016,8,SC,Blumenau,162.3,32.6,13,1,0,0,5,17.5,ALTO
201608,2016,8,SC,Florianopolis,133.9,31.5,10,2,0,0,5,22.5,CRITICO
201609,2016,9,SC,Blumenau,85.4,51.5,6,1,1,0,4,25.0,CRITICO
201609,2016,9,SC,Florianopolis,80.5,43.2,9,1,0,0,4,15.0,ALTO
201610,2016,10,SC,Blumenau,178.6,39.4,16,3,0,0,4,25.0,CRITICO
201610,2016,10,SC,Florianopolis,166.1,35.1,15,2,0,0,5,22.5,CRITICO
201611,2016,11,SC,Blumenau,94.0,19.2,12,0,0,0,3,7.5,MODERADO
201611,2016,11,SC,Florianopolis,88.0,18.6,11,0,0,0,3,7.5,MODERADO
201612,2016,12,SC,Blumenau,215.6,35.6,21,2,0,0,6,25.0,CRITICO
201612,2016,12,SC,Florianopolis,214.1,60.5,20,1,1,0,6,30.0,CRITICO
201701,2017,1,SC,Blumenau,198.8,28.0,22,0,0,0,6,15.0,ALTO
201701,2017,1,SC,Florianopolis,125.6,20.8,21,0,0,0,7,17.5,ALTO
201702,2017,2,SC,Blumenau,188.9,42.4,19,2,0,0,8,30.0,CRITICO
201702,2017,2,SC,Florianopolis,119.7,34.5,13,1,0,0,7,22.5,CRITICO
201703,2017,3,SC,Blumenau,111.5,12.5,21,0,0,0,7,17.5,ALTO
201703,2017,3,SC,Florianopolis,111.2,24.7,20,0,0,0,6,15.0,ALTO
201704,2017,4,SC,Blumenau,98.2,11.7,21,0,0,0,12,30.0,CRITICO
201704,2017,4,SC,Florianopolis,94.9,13.0,18,0,0,0,6,15.0,ALTO
201705,2017,5,SC,Blumenau,254.8,61.4,18,2,1,0,6,35.0,CRITICO
201705,2017,5,SC,Florianopolis,216.7,52.3,18,3,1,0,6,40.0,CRITICO
201706,2017,6,SC,Blumenau,95.6,39.3,9,1,0,0,5,17.5,ALTO
201706,2017,6,SC,Florianopolis,125.2,55.9,10,2,1,0,3,27.5,CRITICO
201707,2017,7,SC,Blumenau,18.5,6.2,5,0,0,0,2,5.0,MODERADO
201707,2017,7,SC,Florianopolis,13.8,8.5,3,0,0,0,2,5.0,MODERADO
201708,2017,8,SC,Blumenau,87.2,39.3,10,1,0,0,3,12.5,ALTO
201708,2017,8,SC,Florianopolis,68.2,28.7,4,0,0,0,1,2.5,BAIXO
201709,2017,9,SC,Blumenau,53.1,26.1,3,0,0,0,3,7.5,MODERADO
201709,2017,9,SC,Florianopolis,85.4,65.0,3,1,1,0,3,22.5,CRITICO
201710,2017,10,SC,Blumenau,91.2,13.8,14,0,0,0,4,10.0,ALTO
201710,2017,10,SC,Florianopolis,81.0,20.0,12,0,0,0,3,7.5,MODERADO
201711,2017,11,SC,Blumenau,126.7,30.3,18,1,0,0,7,22.5,CRITICO
201711,2017,11,SC,Florianopolis,94.9,22.2,13,0,0,0,4,10.0,ALTO
201712,2017,12,SC,Blumenau,212.1,58.3,19,2,1,0,5,32.5,CRITICO
201712,2017,12,SC,Florianopolis,173.0,63.4,14,1,1,0,5,27.5,CRITICO
201801,2018,1,SC,Blumenau,248.4,31.8,21,2,0,0,9,32.5,CRITICO
201801,2018,1,SC,Florianopolis,169.9,48.5,20,2,0,0,6,25.0,CRITICO
201802,2018,2,SC,Blumenau,151.4,36.8,16,2,0,0,7,27.5,CRITICO
201802,2018,2,SC,Florianopolis,134.7,46.5,13,2,0,0,4,20.0,CRITICO
201803,2018,3,SC,Blumenau,147.2,20.4,19,0,0,0,8,20.0,CRITICO
201803,2018,3,SC,Florianopolis,154.9,24.9,17,0,0,0,9,22.5,CRITICO
201804,2018,4,SC,Blumenau,42.5,7.6,11,0,0,0,5,12.5,ALTO
201804,2018,4,SC,Florianopolis,25.5,4.3,9,0,0,0,3,7.5,MODERADO
201805,2018,5,SC,Blumenau,45.4,13.4,11,0,0,0,3,7.5,MODERADO
201805,2018,5,SC,Florianopolis,45.2,16.6,10,0,0,0,3,7.5,MODERADO
201806,2018,6,SC,Blumenau,59.2,16.9,10,0,0,0,3,7.5,MODERADO
201806,2018,6,SC,Florianopolis,42.0,10.7,8,0,0,0,3,7.5,MODERADO
201807,2018,7,SC,Blumenau,26.6,8.1,7,0,0,0,2,5.0,MODERADO
201807,2018,7,SC,Florianopolis,69.4,36.8,6,1,0,0,2,10.0,ALTO
201808,2018,8,SC,Blumenau,50.9,12.2,7,0,0,0,2,5.0,MODERADO
201808,2018,8,SC,Florianopolis,64.7,16.0,10,0,0,0,6,15.0,ALTO
201809,2018,9,SC,Blumenau,229.7,111.7,16,2,1,1,6,55.0,CRITICO
201809,2018,9,SC,Florianopolis,162.0,33.1,18,1,0,0,8,25.0,CRITICO
201810,2018,10,SC,Blumenau,239.4,34.9,22,1,0,0,5,17.5,ALTO
201810,2018,10,SC,Florianopolis,160.3,32.8,19,1,0,0,6,20.0,CRITICO
201811,2018,11,SC,Blumenau,118.7,17.4,18,0,0,0,4,10.0,ALTO
201811,2018,11,SC,Florianopolis,90.2,22.6,21,0,0,0,9,22.5,CRITICO
201812,2018,12,SC,Blumenau,126.6,19.4,20,0,0,0,14,35.0,CRITICO
201812,2018,12,SC,Florianopolis,97.4,41.6,15,1,0,0,8,25.0,CRITICO
201901,2019,1,SC,Blumenau,256.1,52.6,23,1,1,0,11,42.5,CRITICO
201901,2019,1,SC,Florianopolis,97.9,19.8,18,0,0,0,5,12.5,ALTO
201902,2019,2,SC,Blumenau,274.7,55.7,20,3,3,0,9,67.5,CRITICO
201902,2019,2,SC,Florianopolis,135.0,37.3,15,1,0,0,6,20.0,CRITICO
201903,2019,3,SC,Blumenau,146.0,26.2,20,0,0,0,7,17.5,ALTO
201903,2019,3,SC,Florianopolis,121.0,19.6,19,0,0,0,4,10.0,ALTO
201904,2019,4,SC,Blumenau,148.2,32.8,14,1,0,0,5,17.5,ALTO
201904,2019,4,SC,Florianopolis,125.3,26.4,13,0,0,0,5,12.5,ALTO
201905,2019,5,SC,Blumenau,161.1,31.8,18,1,0,0,5,17.5,ALTO
201905,2019,5,SC,Florianopolis,188.7,30.2,20,1,0,0,11,32.5,CRITICO
201906,2019,6,SC,Blumenau,49.3,20.4,5,0,0,0,3,7.5,MODERADO
201906,2019,6,SC,Florianopolis,41.4,14.6,4,0,0,0,3,7.5,MODERADO
201907,2019,7,SC,Blumenau,77.2,28.7,8,0,0,0,2,5.0,MODERADO
201907,2019,7,SC,Florianopolis,69.4,23.2,8,0,0,0,3,7.5,MODERADO
201908,2019,8,SC,Blumenau,43.8,13.7,8,0,0,0,3,7.5,MODERADO
201908,2019,8,SC,Florianopolis,23.6,8.2,5,0,0,0,2,5.0,MODERADO
201909,2019,9,SC,Blumenau,122.7,29.4,15,0,0,0,5,12.5,ALTO
201909,2019,9,SC,Florianopolis,71.3,23.7,12,0,0,0,4,10.0,ALTO
201910,2019,10,SC,Blumenau,99.4,14.0,18,0,0,0,8,20.0,CRITICO
201910,2019,10,SC,Florianopolis,77.1,14.3,16,0,0,0,6,15.0,ALTO
201911,2019,11,SC,Blumenau,127.4,39.6,17,1,0,0,8,25.0,CRITICO
201911,2019,11,SC,Florianopolis,106.3,20.4,17,0,0,0,6,15.0,ALTO
201912,2019,12,SC,Blumenau,96.6,19.6,13,0,0,0,4,10.0,ALTO
201912,2019,12,SC,Florianopolis,61.2,14.5,8,0,0,0,4,10.0,ALTO
202001,2020,1,SC,Blumenau,199.9,33.3,16,2,0,0,5,22.5,CRITICO
202001,2020,1,SC,Florianopolis,200.9,45.0,17,2,0,0,5,22.5,CRITICO
202002,2020,2,SC,Blumenau,234.3,39.6,19,2,0,0,9,32.5,CRITICO
202002,2020,2,SC,Florianopolis,153.2,57.0,18,1,1,0,9,37.5,CRITICO
202003,2020,3,SC,Blumenau,87.1,24.1,15,0,0,0,4,10.0,ALTO
202003,2020,3,SC,Florianopolis,57.2,8.7,19,0,0,0,10,25.0,CRITICO
202004,2020,4,SC,Blumenau,35.6,9.3,8,0,0,0,2,5.0,MODERADO
202004,2020,4,SC,Florianopolis,35.3,12.1,7,0,0,0,2,5.0,MODERADO
202005,2020,5,SC,Blumenau,87.0,57.0,8,1,1,0,3,22.5,CRITICO
202005,2020,5,SC,Florianopolis,31.9,13.4,5,0,0,0,1,2.5,BAIXO
202006,2020,6,SC,Blumenau,169.5,29.8,15,0,0,0,4,10.0,ALTO
202006,2020,6,SC,Florianopolis,138.7,27.1,14,0,0,0,3,7.5,MODERADO
202007,2020,7,SC,Blumenau,66.7,14.5,10,0,0,0,3,7.5,MODERADO
202007,2020,7,SC,Florianopolis,82.5,14.1,8,0,0,0,3,7.5,MODERADO
202008,2020,8,SC,Blumenau,123.2,32.8,11,1,0,0,9,27.5,CRITICO
202008,2020,8,SC,Florianopolis,74.4,18.6,10,0,0,0,9,22.5,CRITICO
202009,2020,9,SC,Blumenau,43.9,8.0,9,0,0,0,4,10.0,ALTO
202009,2020,9,SC,Florianopolis,96.3,38.3,11,1,0,0,5,17.5,ALTO
202010,2020,10,SC,Blumenau,113.4,39.0,15,1,0,0,6,20.0,CRITICO
202010,2020,10,SC,Florianopolis,91.0,17.9,16,0,0,0,7,17.5,ALTO
202011,2020,11,SC,Blumenau,237.0,66.2,23,1,1,0,10,40.0,CRITICO
202011,2020,11,SC,Florianopolis,120.2,21.8,17,0,0,0,5,12.5,ALTO
202012,2020,12,SC,Blumenau,279.2,49.1,24,3,0,0,7,32.5,CRITICO
202012,2020,12,SC,Florianopolis,232.5,40.9,23,1,0,0,9,27.5,CRITICO
202101,2021,1,SC,Blumenau,404.8,47.8,30,1,0,0,18,50.0,CRITICO
202101,2021,1,SC,Florianopolis,296.6,43.0,28,3,0,0,22,70.0,CRITICO
202102,2021,2,SC,Blumenau,148.1,33.7,16,1,0,0,6,20.0,CRITICO
202102,2021,2,SC,Florianopolis,171.4,35.6,14,2,0,0,6,25.0,CRITICO
202103,2021,3,SC,Blumenau,171.3,39.3,22,1,0,0,7,22.5,CRITICO
202103,2021,3,SC,Florianopolis,202.0,45.3,18,1,0,0,4,15.0,ALTO
202104,2021,4,SC,Blumenau,64.8,12.7,11,0,0,0,6,15.0,ALTO
202104,2021,4,SC,Florianopolis,73.2,12.1,16,0,0,0,8,20.0,CRITICO
202105,2021,5,SC,Blumenau,74.4,28.4,8,0,0,0,2,5.0,MODERADO
202105,2021,5,SC,Florianopolis,85.9,27.2,9,0,0,0,4,10.0,ALTO
202106,2021,6,SC,Blumenau,156.2,47.0,15,1,0,0,6,20.0,CRITICO
202106,2021,6,SC,Florianopolis,221.0,112.7,14,1,1,1,6,50.0,CRITICO
202107,2021,7,SC,Blumenau,23.8,8.6,5,0,0,0,2,5.0,MODERADO
202107,2021,7,SC,Florianopolis,21.7,14.0,4,0,0,0,2,5.0,MODERADO
202108,2021,8,SC,Blumenau,56.8,16.3,13,0,0,0,6,15.0,ALTO
202108,2021,8,SC,Florianopolis,55.6,14.7,12,0,0,0,3,7.5,MODERADO
202109,2021,9,SC,Blumenau,137.8,35.8,14,1,0,0,3,12.5,ALTO
202109,2021,9,SC,Florianopolis,114.5,34.7,14,1,0,0,3,12.5,ALTO
202110,2021,10,SC,Blumenau,246.6,45.4,25,1,0,0,16,45.0,CRITICO
202110,2021,10,SC,Florianopolis,171.7,27.0,23,0,0,0,10,25.0,CRITICO
202111,2021,11,SC,Blumenau,99.9,28.3,17,0,0,0,7,17.5,ALTO
202111,2021,11,SC,Florianopolis,99.7,33.6,13,1,0,0,3,12.5,ALTO
202112,2021,12,SC,Blumenau,101.9,15.1,19,0,0,0,6,15.0,ALTO
202112,2021,12,SC,Florianopolis,59.6,18.1,14,0,0,0,4,10.0,ALTO
202201,2022,1,SC,Blumenau,189.5,28.9,18,0,0,0,8,20.0,CRITICO
202201,2022,1,SC,Florianopolis,91.4,15.4,15,0,0,0,8,20.0,CRITICO
202202,2022,2,SC,Blumenau,87.5,20.2,18,0,0,0,5,12.5,ALTO
202202,2022,2,SC,Florianopolis,96.0,15.6,17,0,0,0,6,15.0,ALTO
202203,2022,3,SC,Blumenau,227.8,24.4,24,0,0,0,11,27.5,CRITICO
202203,2022,3,SC,Florianopolis,173.1,27.5,23,0,0,0,11,27.5,CRITICO
202204,2022,4,SC,Blumenau,122.0,23.6,18,0,0,0,8,20.0,CRITICO
202204,2022,4,SC,Florianopolis,82.3,13.3,14,0,0,0,5,12.5,ALTO
202205,2022,5,SC,Blumenau,218.6,101.1,9,2,1,1,4,50.0,CRITICO
202205,2022,5,SC,Florianopolis,273.2,125.8,11,4,2,1,5,72.5,CRITICO
202206,2022,6,SC,Blumenau,99.6,31.0,10,1,0,0,3,12.5,ALTO
202206,2022,6,SC,Florianopolis,106.1,25.9,11,0,0,0,3,7.5,MODERADO
202207,2022,7,SC,Blumenau,26.1,12.5,4,0,0,0,1,2.5,BAIXO
202207,2022,7,SC,Florianopolis,22.6,12.3,5,0,0,0,2,5.0,MODERADO
202208,2022,8,SC,Blumenau,248.7,100.0,11,3,1,1,5,57.5,CRITICO
202208,2022,8,SC,Florianopolis,230.2,92.2,10,4,1,1,5,62.5,CRITICO
202209,2022,9,SC,Blumenau,147.2,27.9,14,0,0,0,3,7.5,MODERADO
202209,2022,9,SC,Florianopolis,90.2,35.4,14,1,0,0,4,15.0,ALTO
202210,2022,10,SC,Blumenau,180.2,28.8,21,0,0,0,10,25.0,CRITICO
202210,2022,10,SC,Florianopolis,194.6,42.9,16,2,0,0,8,30.0,CRITICO
202211,2022,11,SC,Blumenau,178.7,39.8,17,1,0,0,5,17.5,ALTO
202211,2022,11,SC,Florianopolis,221.3,56.1,14,2,2,0,5,42.5,CRITICO
202212,2022,12,SC,Blumenau,287.8,48.9,22,3,0,0,6,30.0,CRITICO
202212,2022,12,SC,Florianopolis,301.2,69.0,16,3,2,0,4,45.0,CRITICO
202301,2023,1,SC,Blumenau,331.0,37.0,24,2,0,0,11,37.5,CRITICO
202301,2023,1,SC,Florianopolis,152.0,24.5,25,0,0,0,8,20.0,CRITICO
202302,2023,2,SC,Blumenau,279.0,40.3,21,2,0,0,5,22.5,CRITICO
202302,2023,2,SC,Florianopolis,258.1,44.3,19,2,0,0,7,27.5,CRITICO
202303,2023,3,SC,Blumenau,227.5,33.0,25,1,0,0,17,47.5,CRITICO
202303,2023,3,SC,Florianopolis,115.9,16.2,19,0,0,0,8,20.0,CRITICO
202304,2023,4,SC,Blumenau,131.4,35.8,15,1,0,0,5,17.5,ALTO
202304,2023,4,SC,Florianopolis,88.8,23.6,10,0,0,0,5,12.5,ALTO
202305,2023,5,SC,Blumenau,35.5,12.7,6,0,0,0,2,5.0,MODERADO
202305,2023,5,SC,Florianopolis,34.3,17.8,5,0,0,0,2,5.0,MODERADO
202306,2023,6,SC,Blumenau,147.1,61.6,7,1,1,0,5,27.5,CRITICO
202306,2023,6,SC,Florianopolis,121.1,39.5,5,2,0,0,2,15.0,ALTO
202307,2023,7,SC,Blumenau,97.7,29.9,12,0,0,0,4,10.0,ALTO
202307,2023,7,SC,Florianopolis,93.8,35.0,9,1,0,0,4,15.0,ALTO
202308,2023,8,SC,Blumenau,86.2,24.5,9,0,0,0,4,10.0,ALTO
202308,2023,8,SC,Florianopolis,75.2,14.6,8,0,0,0,4,10.0,ALTO
202309,2023,9,SC,Blumenau,71.0,15.9,13,0,0,0,6,15.0,ALTO
202309,2023,9,SC,Florianopolis,110.3,22.9,14,0,0,0,5,12.5,ALTO
202310,2023,10,SC,Blumenau,311.2,52.9,20,3,2,0,7,52.5,CRITICO
202310,2023,10,SC,Florianopolis,365.7,65.3,16,6,1,0,4,50.0,CRITICO
202311,2023,11,SC,Blumenau,174.3,69.5,13,1,1,0,4,25.0,CRITICO
202311,2023,11,SC,Florianopolis,254.3,93.4,12,2,1,1,4,50.0,CRITICO
202312,2023,12,SC,Blumenau,62.9,16.8,12,0,0,0,5,12.5,ALTO
202312,2023,12,SC,Florianopolis,62.1,16.6,12,0,0,0,5,12.5,ALTO
202401,2024,1,SC,Blumenau,371.5,59.6,25,4,1,0,14,65.0,CRITICO
202401,2024,1,SC,Florianopolis,216.5,58.2,23,1,1,0,14,50.0,CRITICO
202402,2024,2,SC,Blumenau,232.0,40.6,22,1,0,0,8,25.0,CRITICO
202402,2024,2,SC,Florianopolis,146.5,38.4,19,1,0,0,7,22.5,CRITICO
202403,2024,3,SC,Blumenau,108.6,27.3,16,0,0,0,4,10.0,ALTO
202403,2024,3,SC,Florianopolis,141.2,35.5,15,1,0,0,5,17.5,ALTO
202404,2024,4,SC,Blumenau,174.5,47.8,15,1,0,0,6,20.0,CRITICO
202404,2024,4,SC,Florianopolis,262.4,87.7,13,3,1,1,7,62.5,CRITICO
202405,2024,5,SC,Blumenau,184.9,58.5,10,1,1,0,3,22.5,CRITICO
202405,2024,5,SC,Florianopolis,167.9,51.9,14,2,1,0,4,30.0,CRITICO
202406,2024,6,SC,Blumenau,93.1,46.0,5,2,0,0,3,17.5,ALTO
202406,2024,6,SC,Florianopolis,71.2,26.9,7,0,0,0,3,7.5,MODERADO
202407,2024,7,SC,Blumenau,150.0,35.6,12,1,0,0,11,32.5,CRITICO
202407,2024,7,SC,Florianopolis,183.3,54.4,10,2,1,0,7,37.5,CRITICO
202408,2024,8,SC,Blumenau,30.2,13.3,4,0,0,0,2,5.0,MODERADO
202408,2024,8,SC,Florianopolis,28.2,8.7,4,0,0,0,2,5.0,MODERADO
202409,2024,9,SC,Blumenau,98.6,36.9,9,1,0,0,4,15.0,ALTO
202409,2024,9,SC,Florianopolis,68.4,16.3,9,0,0,0,4,10.0,ALTO
202410,2024,10,SC,Blumenau,141.8,36.1,14,1,0,0,4,15.0,ALTO
202410,2024,10,SC,Florianopolis,152.4,31.3,13,1,0,0,5,17.5,ALTO
202411,2024,11,SC,Blumenau,188.9,23.7,21,0,0,0,10,25.0,CRITICO
202411,2024,11,SC,Florianopolis,171.6,33.6,17,1,0,0,7,22.5,CRITICO
202412,2024,12,SC,Blumenau,256.4,64.7,23,2,1,0,10,45.0,CRITICO
202412,2024,12,SC,Florianopolis,180.8,34.0,23,2,0,0,11,37.5,CRITICO
